[
  {
    "cell": null,
    "code": "E501",
    "end_location": {
      "column": 89,
      "row": 1
    },
    "filename": "C:\\Users\\pc01\\source\\repos\\image-downloader\\src\\image_downloader\\application\\additional_files.py",
    "fix": null,
    "location": {
      "column": 80,
      "row": 1
    },
    "message": "Line too long (88 > 79)",
    "name": "line-too-long",
    "noqa_row": 1,
    "severity": "error",
    "url": "https://docs.astral.sh/ruff/rules/line-too-long"
  },
  {
    "cell": null,
    "code": "E501",
    "end_location": {
      "column": 84,
      "row": 14
    },
    "filename": "C:\\Users\\pc01\\source\\repos\\image-downloader\\src\\image_downloader\\application\\additional_files.py",
    "fix": null,
    "location": {
      "column": 80,
      "row": 14
    },
    "message": "Line too long (83 > 79)",
    "name": "line-too-long",
    "noqa_row": 14,
    "severity": "error",
    "url": "https://docs.astral.sh/ruff/rules/line-too-long"
  },
  {
    "cell": null,
    "code": "E501",
    "end_location": {
      "column": 93,
      "row": 28
    },
    "filename": "C:\\Users\\pc01\\source\\repos\\image-downloader\\src\\image_downloader\\application\\additional_files.py",
    "fix": null,
    "location": {
      "column": 80,
      "row": 28
    },
    "message": "Line too long (92 > 79)",
    "name": "line-too-long",
    "noqa_row": 28,
    "severity": "error",
    "url": "https://docs.astral.sh/ruff/rules/line-too-long"
  },
  {
    "cell": null,
    "code": "E501",
    "end_location": {
      "column": 106,
      "row": 35
    },
    "filename": "C:\\Users\\pc01\\source\\repos\\image-downloader\\src\\image_downloader\\application\\additional_files.py",
    "fix": null,
    "location": {
      "column": 80,
      "row": 35
    },
    "message": "Line too long (105 > 79)",
    "name": "line-too-long",
    "noqa_row": 35,
    "severity": "error",
    "url": "https://docs.astral.sh/ruff/rules/line-too-long"
  },
  {
    "cell": null,
    "code": "E501",
    "end_location": {
      "column": 86,
      "row": 36
    },
    "filename": "C:\\Users\\pc01\\source\\repos\\image-downloader\\src\\image_downloader\\application\\additional_files.py",
    "fix": null,
    "location": {
      "column": 80,
      "row": 36
    },
    "message": "Line too long (85 > 79)",
    "name": "line-too-long",
    "noqa_row": 36,
    "severity": "error",
    "url": "https://docs.astral.sh/ruff/rules/line-too-long"
  },
  {
    "cell": null,
    "code": "E501",
    "end_location": {
      "column": 85,
      "row": 64
    },
    "filename": "C:\\Users\\pc01\\source\\repos\\image-downloader\\src\\image_downloader\\application\\additional_files.py",
    "fix": null,
    "location": {
      "column": 80,
      "row": 64
    },
    "message": "Line too long (84 > 79)",
    "name": "line-too-long",
    "noqa_row": 64,
    "severity": "error",
    "url": "https://docs.astral.sh/ruff/rules/line-too-long"
  },
  {
    "cell": null,
    "code": "E501",
    "end_location": {
      "column": 96,
      "row": 71
    },
    "filename": "C:\\Users\\pc01\\source\\repos\\image-downloader\\src\\image_downloader\\application\\additional_files.py",
    "fix": null,
    "location": {
      "column": 80,
      "row": 71
    },
    "message": "Line too long (95 > 79)",
    "name": "line-too-long",
    "noqa_row": 71,
    "severity": "error",
    "url": "https://docs.astral.sh/ruff/rules/line-too-long"
  },
  {
    "cell": null,
    "code": "E501",
    "end_location": {
      "column": 96,
      "row": 73
    },
    "filename": "C:\\Users\\pc01\\source\\repos\\image-downloader\\src\\image_downloader\\application\\additional_files.py",
    "fix": null,
    "location": {
      "column": 80,
      "row": 73
    },
    "message": "Line too long (95 > 79)",
    "name": "line-too-long",
    "noqa_row": 73,
    "severity": "error",
    "url": "https://docs.astral.sh/ruff/rules/line-too-long"
  },
  {
    "cell": null,
    "code": "E501",
    "end_location": {
      "column": 84,
      "row": 79
    },
    "filename": "C:\\Users\\pc01\\source\\repos\\image-downloader\\src\\image_downloader\\application\\additional_files.py",
    "fix": null,
    "location": {
      "column": 80,
      "row": 79
    },
    "message": "Line too long (83 > 79)",
    "name": "line-too-long",
    "noqa_row": 79,
    "severity": "error",
    "url": "https://docs.astral.sh/ruff/rules/line-too-long"
  },
  {
    "cell": null,
    "code": "E501",
    "end_location": {
      "column": 86,
      "row": 84
    },
    "filename": "C:\\Users\\pc01\\source\\repos\\image-downloader\\src\\image_downloader\\application\\additional_files.py",
    "fix": null,
    "location": {
      "column": 80,
      "row": 84
    },
    "message": "Line too long (85 > 79)",
    "name": "line-too-long",
    "noqa_row": 84,
    "severity": "error",
    "url": "https://docs.astral.sh/ruff/rules/line-too-long"
  },
  {
    "cell": null,
    "code": "E501",
    "end_location": {
      "column": 85,
      "row": 89
    },
    "filename": "C:\\Users\\pc01\\source\\repos\\image-downloader\\src\\image_downloader\\application\\additional_files.py",
    "fix": null,
    "location": {
      "column": 80,
      "row": 89
    },
    "message": "Line too long (84 > 79)",
    "name": "line-too-long",
    "noqa_row": 89,
    "severity": "error",
    "url": "https://docs.astral.sh/ruff/rules/line-too-long"
  },
  {
    "cell": null,
    "code": "E501",
    "end_location": {
      "column": 113,
      "row": 90
    },
    "filename": "C:\\Users\\pc01\\source\\repos\\image-downloader\\src\\image_downloader\\application\\additional_files.py",
    "fix": null,
    "location": {
      "column": 80,
      "row": 90
    },
    "message": "Line too long (112 > 79)",
    "name": "line-too-long",
    "noqa_row": 90,
    "severity": "error",
    "url": "https://docs.astral.sh/ruff/rules/line-too-long"
  },
  {
    "cell": null,
    "code": "E501",
    "end_location": {
      "column": 85,
      "row": 138
    },
    "filename": "C:\\Users\\pc01\\source\\repos\\image-downloader\\src\\image_downloader\\application\\additional_files.py",
    "fix": null,
    "location": {
      "column": 80,
      "row": 138
    },
    "message": "Line too long (84 > 79)",
    "name": "line-too-long",
    "noqa_row": 138,
    "severity": "error",
    "url": "https://docs.astral.sh/ruff/rules/line-too-long"
  },
  {
    "cell": null,
    "code": "E501",
    "end_location": {
      "column": 93,
      "row": 139
    },
    "filename": "C:\\Users\\pc01\\source\\repos\\image-downloader\\src\\image_downloader\\application\\additional_files.py",
    "fix": null,
    "location": {
      "column": 80,
      "row": 139
    },
    "message": "Line too long (92 > 79)",
    "name": "line-too-long",
    "noqa_row": 139,
    "severity": "error",
    "url": "https://docs.astral.sh/ruff/rules/line-too-long"
  },
  {
    "cell": null,
    "code": "E501",
    "end_location": {
      "column": 92,
      "row": 146
    },
    "filename": "C:\\Users\\pc01\\source\\repos\\image-downloader\\src\\image_downloader\\application\\additional_files.py",
    "fix": null,
    "location": {
      "column": 80,
      "row": 146
    },
    "message": "Line too long (91 > 79)",
    "name": "line-too-long",
    "noqa_row": 146,
    "severity": "error",
    "url": "https://docs.astral.sh/ruff/rules/line-too-long"
  },
  {
    "cell": null,
    "code": "E501",
    "end_location": {
      "column": 106,
      "row": 147
    },
    "filename": "C:\\Users\\pc01\\source\\repos\\image-downloader\\src\\image_downloader\\application\\additional_files.py",
    "fix": null,
    "location": {
      "column": 80,
      "row": 147
    },
    "message": "Line too long (105 > 79)",
    "name": "line-too-long",
    "noqa_row": 147,
    "severity": "error",
    "url": "https://docs.astral.sh/ruff/rules/line-too-long"
  },
  {
    "cell": null,
    "code": "E501",
    "end_location": {
      "column": 84,
      "row": 148
    },
    "filename": "C:\\Users\\pc01\\source\\repos\\image-downloader\\src\\image_downloader\\application\\additional_files.py",
    "fix": null,
    "location": {
      "column": 80,
      "row": 148
    },
    "message": "Line too long (83 > 79)",
    "name": "line-too-long",
    "noqa_row": 148,
    "severity": "error",
    "url": "https://docs.astral.sh/ruff/rules/line-too-long"
  },
  {
    "cell": null,
    "code": "E501",
    "end_location": {
      "column": 86,
      "row": 153
    },
    "filename": "C:\\Users\\pc01\\source\\repos\\image-downloader\\src\\image_downloader\\application\\additional_files.py",
    "fix": null,
    "location": {
      "column": 80,
      "row": 153
    },
    "message": "Line too long (85 > 79)",
    "name": "line-too-long",
    "noqa_row": 153,
    "severity": "error",
    "url": "https://docs.astral.sh/ruff/rules/line-too-long"
  },
  {
    "cell": null,
    "code": "E501",
    "end_location": {
      "column": 90,
      "row": 154
    },
    "filename": "C:\\Users\\pc01\\source\\repos\\image-downloader\\src\\image_downloader\\application\\additional_files.py",
    "fix": null,
    "location": {
      "column": 80,
      "row": 154
    },
    "message": "Line too long (89 > 79)",
    "name": "line-too-long",
    "noqa_row": 154,
    "severity": "error",
    "url": "https://docs.astral.sh/ruff/rules/line-too-long"
  },
  {
    "cell": null,
    "code": "E501",
    "end_location": {
      "column": 89,
      "row": 157
    },
    "filename": "C:\\Users\\pc01\\source\\repos\\image-downloader\\src\\image_downloader\\application\\additional_files.py",
    "fix": null,
    "location": {
      "column": 80,
      "row": 157
    },
    "message": "Line too long (88 > 79)",
    "name": "line-too-long",
    "noqa_row": 157,
    "severity": "error",
    "url": "https://docs.astral.sh/ruff/rules/line-too-long"
  },
  {
    "cell": null,
    "code": "E501",
    "end_location": {
      "column": 83,
      "row": 158
    },
    "filename": "C:\\Users\\pc01\\source\\repos\\image-downloader\\src\\image_downloader\\application\\additional_files.py",
    "fix": null,
    "location": {
      "column": 80,
      "row": 158
    },
    "message": "Line too long (82 > 79)",
    "name": "line-too-long",
    "noqa_row": 158,
    "severity": "error",
    "url": "https://docs.astral.sh/ruff/rules/line-too-long"
  },
  {
    "cell": null,
    "code": "E501",
    "end_location": {
      "column": 95,
      "row": 169
    },
    "filename": "C:\\Users\\pc01\\source\\repos\\image-downloader\\src\\image_downloader\\application\\additional_files.py",
    "fix": null,
    "location": {
      "column": 80,
      "row": 169
    },
    "message": "Line too long (94 > 79)",
    "name": "line-too-long",
    "noqa_row": 169,
    "severity": "error",
    "url": "https://docs.astral.sh/ruff/rules/line-too-long"
  },
  {
    "cell": null,
    "code": "E501",
    "end_location": {
      "column": 87,
      "row": 183
    },
    "filename": "C:\\Users\\pc01\\source\\repos\\image-downloader\\src\\image_downloader\\application\\additional_files.py",
    "fix": null,
    "location": {
      "column": 80,
      "row": 183
    },
    "message": "Line too long (86 > 79)",
    "name": "line-too-long",
    "noqa_row": 183,
    "severity": "error",
    "url": "https://docs.astral.sh/ruff/rules/line-too-long"
  },
  {
    "cell": null,
    "code": "E501",
    "end_location": {
      "column": 105,
      "row": 190
    },
    "filename": "C:\\Users\\pc01\\source\\repos\\image-downloader\\src\\image_downloader\\application\\additional_files.py",
    "fix": null,
    "location": {
      "column": 80,
      "row": 190
    },
    "message": "Line too long (104 > 79)",
    "name": "line-too-long",
    "noqa_row": 190,
    "severity": "error",
    "url": "https://docs.astral.sh/ruff/rules/line-too-long"
  },
  {
    "cell": null,
    "code": "E501",
    "end_location": {
      "column": 85,
      "row": 199
    },
    "filename": "C:\\Users\\pc01\\source\\repos\\image-downloader\\src\\image_downloader\\application\\additional_files.py",
    "fix": null,
    "location": {
      "column": 80,
      "row": 199
    },
    "message": "Line too long (84 > 79)",
    "name": "line-too-long",
    "noqa_row": 199,
    "severity": "error",
    "url": "https://docs.astral.sh/ruff/rules/line-too-long"
  },
  {
    "cell": null,
    "code": "E501",
    "end_location": {
      "column": 89,
      "row": 202
    },
    "filename": "C:\\Users\\pc01\\source\\repos\\image-downloader\\src\\image_downloader\\application\\additional_files.py",
    "fix": null,
    "location": {
      "column": 80,
      "row": 202
    },
    "message": "Line too long (88 > 79)",
    "name": "line-too-long",
    "noqa_row": 202,
    "severity": "error",
    "url": "https://docs.astral.sh/ruff/rules/line-too-long"
  },
  {
    "cell": null,
    "code": "E501",
    "end_location": {
      "column": 99,
      "row": 212
    },
    "filename": "C:\\Users\\pc01\\source\\repos\\image-downloader\\src\\image_downloader\\application\\additional_files.py",
    "fix": null,
    "location": {
      "column": 80,
      "row": 212
    },
    "message": "Line too long (98 > 79)",
    "name": "line-too-long",
    "noqa_row": 212,
    "severity": "error",
    "url": "https://docs.astral.sh/ruff/rules/line-too-long"
  },
  {
    "cell": null,
    "code": "E501",
    "end_location": {
      "column": 92,
      "row": 214
    },
    "filename": "C:\\Users\\pc01\\source\\repos\\image-downloader\\src\\image_downloader\\application\\additional_files.py",
    "fix": null,
    "location": {
      "column": 80,
      "row": 214
    },
    "message": "Line too long (91 > 79)",
    "name": "line-too-long",
    "noqa_row": 214,
    "severity": "error",
    "url": "https://docs.astral.sh/ruff/rules/line-too-long"
  },
  {
    "cell": null,
    "code": "E501",
    "end_location": {
      "column": 102,
      "row": 217
    },
    "filename": "C:\\Users\\pc01\\source\\repos\\image-downloader\\src\\image_downloader\\application\\additional_files.py",
    "fix": null,
    "location": {
      "column": 80,
      "row": 217
    },
    "message": "Line too long (101 > 79)",
    "name": "line-too-long",
    "noqa_row": 217,
    "severity": "error",
    "url": "https://docs.astral.sh/ruff/rules/line-too-long"
  },
  {
    "cell": null,
    "code": "E501",
    "end_location": {
      "column": 104,
      "row": 226
    },
    "filename": "C:\\Users\\pc01\\source\\repos\\image-downloader\\src\\image_downloader\\application\\additional_files.py",
    "fix": null,
    "location": {
      "column": 80,
      "row": 226
    },
    "message": "Line too long (103 > 79)",
    "name": "line-too-long",
    "noqa_row": 226,
    "severity": "error",
    "url": "https://docs.astral.sh/ruff/rules/line-too-long"
  },
  {
    "cell": null,
    "code": "E501",
    "end_location": {
      "column": 99,
      "row": 234
    },
    "filename": "C:\\Users\\pc01\\source\\repos\\image-downloader\\src\\image_downloader\\application\\additional_files.py",
    "fix": null,
    "location": {
      "column": 80,
      "row": 234
    },
    "message": "Line too long (98 > 79)",
    "name": "line-too-long",
    "noqa_row": 234,
    "severity": "error",
    "url": "https://docs.astral.sh/ruff/rules/line-too-long"
  },
  {
    "cell": null,
    "code": "E501",
    "end_location": {
      "column": 102,
      "row": 240
    },
    "filename": "C:\\Users\\pc01\\source\\repos\\image-downloader\\src\\image_downloader\\application\\additional_files.py",
    "fix": null,
    "location": {
      "column": 80,
      "row": 240
    },
    "message": "Line too long (101 > 79)",
    "name": "line-too-long",
    "noqa_row": 240,
    "severity": "error",
    "url": "https://docs.astral.sh/ruff/rules/line-too-long"
  },
  {
    "cell": null,
    "code": "E501",
    "end_location": {
      "column": 90,
      "row": 241
    },
    "filename": "C:\\Users\\pc01\\source\\repos\\image-downloader\\src\\image_downloader\\application\\additional_files.py",
    "fix": null,
    "location": {
      "column": 80,
      "row": 241
    },
    "message": "Line too long (89 > 79)",
    "name": "line-too-long",
    "noqa_row": 241,
    "severity": "error",
    "url": "https://docs.astral.sh/ruff/rules/line-too-long"
  },
  {
    "cell": null,
    "code": "E501",
    "end_location": {
      "column": 89,
      "row": 253
    },
    "filename": "C:\\Users\\pc01\\source\\repos\\image-downloader\\src\\image_downloader\\application\\additional_files.py",
    "fix": null,
    "location": {
      "column": 80,
      "row": 253
    },
    "message": "Line too long (88 > 79)",
    "name": "line-too-long",
    "noqa_row": 253,
    "severity": "error",
    "url": "https://docs.astral.sh/ruff/rules/line-too-long"
  },
  {
    "cell": null,
    "code": "E501",
    "end_location": {
      "column": 110,
      "row": 256
    },
    "filename": "C:\\Users\\pc01\\source\\repos\\image-downloader\\src\\image_downloader\\application\\additional_files.py",
    "fix": null,
    "location": {
      "column": 80,
      "row": 256
    },
    "message": "Line too long (109 > 79)",
    "name": "line-too-long",
    "noqa_row": 256,
    "severity": "error",
    "url": "https://docs.astral.sh/ruff/rules/line-too-long"
  },
  {
    "cell": null,
    "code": "E501",
    "end_location": {
      "column": 121,
      "row": 265
    },
    "filename": "C:\\Users\\pc01\\source\\repos\\image-downloader\\src\\image_downloader\\application\\additional_files.py",
    "fix": null,
    "location": {
      "column": 80,
      "row": 265
    },
    "message": "Line too long (120 > 79)",
    "name": "line-too-long",
    "noqa_row": 265,
    "severity": "error",
    "url": "https://docs.astral.sh/ruff/rules/line-too-long"
  },
  {
    "cell": null,
    "code": "E501",
    "end_location": {
      "column": 112,
      "row": 268
    },
    "filename": "C:\\Users\\pc01\\source\\repos\\image-downloader\\src\\image_downloader\\application\\additional_files.py",
    "fix": null,
    "location": {
      "column": 80,
      "row": 268
    },
    "message": "Line too long (111 > 79)",
    "name": "line-too-long",
    "noqa_row": 268,
    "severity": "error",
    "url": "https://docs.astral.sh/ruff/rules/line-too-long"
  },
  {
    "cell": null,
    "code": "E501",
    "end_location": {
      "column": 87,
      "row": 270
    },
    "filename": "C:\\Users\\pc01\\source\\repos\\image-downloader\\src\\image_downloader\\application\\additional_files.py",
    "fix": null,
    "location": {
      "column": 80,
      "row": 270
    },
    "message": "Line too long (86 > 79)",
    "name": "line-too-long",
    "noqa_row": 270,
    "severity": "error",
    "url": "https://docs.astral.sh/ruff/rules/line-too-long"
  },
  {
    "cell": null,
    "code": "E501",
    "end_location": {
      "column": 84,
      "row": 271
    },
    "filename": "C:\\Users\\pc01\\source\\repos\\image-downloader\\src\\image_downloader\\application\\additional_files.py",
    "fix": null,
    "location": {
      "column": 80,
      "row": 271
    },
    "message": "Line too long (83 > 79)",
    "name": "line-too-long",
    "noqa_row": 271,
    "severity": "error",
    "url": "https://docs.astral.sh/ruff/rules/line-too-long"
  },
  {
    "cell": null,
    "code": "E501",
    "end_location": {
      "column": 94,
      "row": 273
    },
    "filename": "C:\\Users\\pc01\\source\\repos\\image-downloader\\src\\image_downloader\\application\\additional_files.py",
    "fix": null,
    "location": {
      "column": 80,
      "row": 273
    },
    "message": "Line too long (93 > 79)",
    "name": "line-too-long",
    "noqa_row": 273,
    "severity": "error",
    "url": "https://docs.astral.sh/ruff/rules/line-too-long"
  },
  {
    "cell": null,
    "code": "E501",
    "end_location": {
      "column": 97,
      "row": 278
    },
    "filename": "C:\\Users\\pc01\\source\\repos\\image-downloader\\src\\image_downloader\\application\\additional_files.py",
    "fix": null,
    "location": {
      "column": 80,
      "row": 278
    },
    "message": "Line too long (96 > 79)",
    "name": "line-too-long",
    "noqa_row": 278,
    "severity": "error",
    "url": "https://docs.astral.sh/ruff/rules/line-too-long"
  },
  {
    "cell": null,
    "code": "E501",
    "end_location": {
      "column": 99,
      "row": 285
    },
    "filename": "C:\\Users\\pc01\\source\\repos\\image-downloader\\src\\image_downloader\\application\\additional_files.py",
    "fix": null,
    "location": {
      "column": 80,
      "row": 285
    },
    "message": "Line too long (98 > 79)",
    "name": "line-too-long",
    "noqa_row": 285,
    "severity": "error",
    "url": "https://docs.astral.sh/ruff/rules/line-too-long"
  },
  {
    "cell": null,
    "code": "E501",
    "end_location": {
      "column": 81,
      "row": 288
    },
    "filename": "C:\\Users\\pc01\\source\\repos\\image-downloader\\src\\image_downloader\\application\\additional_files.py",
    "fix": null,
    "location": {
      "column": 80,
      "row": 288
    },
    "message": "Line too long (80 > 79)",
    "name": "line-too-long",
    "noqa_row": 288,
    "severity": "error",
    "url": "https://docs.astral.sh/ruff/rules/line-too-long"
  },
  {
    "cell": null,
    "code": "E501",
    "end_location": {
      "column": 100,
      "row": 289
    },
    "filename": "C:\\Users\\pc01\\source\\repos\\image-downloader\\src\\image_downloader\\application\\additional_files.py",
    "fix": null,
    "location": {
      "column": 80,
      "row": 289
    },
    "message": "Line too long (99 > 79)",
    "name": "line-too-long",
    "noqa_row": 289,
    "severity": "error",
    "url": "https://docs.astral.sh/ruff/rules/line-too-long"
  },
  {
    "cell": null,
    "code": "E501",
    "end_location": {
      "column": 114,
      "row": 291
    },
    "filename": "C:\\Users\\pc01\\source\\repos\\image-downloader\\src\\image_downloader\\application\\additional_files.py",
    "fix": null,
    "location": {
      "column": 80,
      "row": 291
    },
    "message": "Line too long (113 > 79)",
    "name": "line-too-long",
    "noqa_row": 291,
    "severity": "error",
    "url": "https://docs.astral.sh/ruff/rules/line-too-long"
  },
  {
    "cell": null,
    "code": "E501",
    "end_location": {
      "column": 100,
      "row": 297
    },
    "filename": "C:\\Users\\pc01\\source\\repos\\image-downloader\\src\\image_downloader\\application\\additional_files.py",
    "fix": null,
    "location": {
      "column": 80,
      "row": 297
    },
    "message": "Line too long (99 > 79)",
    "name": "line-too-long",
    "noqa_row": 297,
    "severity": "error",
    "url": "https://docs.astral.sh/ruff/rules/line-too-long"
  },
  {
    "cell": null,
    "code": "E501",
    "end_location": {
      "column": 93,
      "row": 307
    },
    "filename": "C:\\Users\\pc01\\source\\repos\\image-downloader\\src\\image_downloader\\application\\additional_files.py",
    "fix": null,
    "location": {
      "column": 80,
      "row": 307
    },
    "message": "Line too long (92 > 79)",
    "name": "line-too-long",
    "noqa_row": 307,
    "severity": "error",
    "url": "https://docs.astral.sh/ruff/rules/line-too-long"
  },
  {
    "cell": null,
    "code": "E501",
    "end_location": {
      "column": 103,
      "row": 317
    },
    "filename": "C:\\Users\\pc01\\source\\repos\\image-downloader\\src\\image_downloader\\application\\additional_files.py",
    "fix": null,
    "location": {
      "column": 80,
      "row": 317
    },
    "message": "Line too long (102 > 79)",
    "name": "line-too-long",
    "noqa_row": 317,
    "severity": "error",
    "url": "https://docs.astral.sh/ruff/rules/line-too-long"
  },
  {
    "cell": null,
    "code": "E501",
    "end_location": {
      "column": 99,
      "row": 321
    },
    "filename": "C:\\Users\\pc01\\source\\repos\\image-downloader\\src\\image_downloader\\application\\additional_files.py",
    "fix": null,
    "location": {
      "column": 80,
      "row": 321
    },
    "message": "Line too long (98 > 79)",
    "name": "line-too-long",
    "noqa_row": 321,
    "severity": "error",
    "url": "https://docs.astral.sh/ruff/rules/line-too-long"
  },
  {
    "cell": null,
    "code": "E501",
    "end_location": {
      "column": 96,
      "row": 325
    },
    "filename": "C:\\Users\\pc01\\source\\repos\\image-downloader\\src\\image_downloader\\application\\additional_files.py",
    "fix": null,
    "location": {
      "column": 80,
      "row": 325
    },
    "message": "Line too long (95 > 79)",
    "name": "line-too-long",
    "noqa_row": 325,
    "severity": "error",
    "url": "https://docs.astral.sh/ruff/rules/line-too-long"
  },
  {
    "cell": null,
    "code": "E501",
    "end_location": {
      "column": 94,
      "row": 24
    },
    "filename": "C:\\Users\\pc01\\source\\repos\\image-downloader\\src\\image_downloader\\application\\composer.py",
    "fix": null,
    "location": {
      "column": 80,
      "row": 24
    },
    "message": "Line too long (93 > 79)",
    "name": "line-too-long",
    "noqa_row": 24,
    "severity": "error",
    "url": "https://docs.astral.sh/ruff/rules/line-too-long"
  },
  {
    "cell": null,
    "code": "E501",
    "end_location": {
      "column": 91,
      "row": 45
    },
    "filename": "C:\\Users\\pc01\\source\\repos\\image-downloader\\src\\image_downloader\\application\\composer.py",
    "fix": null,
    "location": {
      "column": 80,
      "row": 45
    },
    "message": "Line too long (90 > 79)",
    "name": "line-too-long",
    "noqa_row": 45,
    "severity": "error",
    "url": "https://docs.astral.sh/ruff/rules/line-too-long"
  },
  {
    "cell": null,
    "code": "E501",
    "end_location": {
      "column": 106,
      "row": 47
    },
    "filename": "C:\\Users\\pc01\\source\\repos\\image-downloader\\src\\image_downloader\\application\\composer.py",
    "fix": null,
    "location": {
      "column": 80,
      "row": 47
    },
    "message": "Line too long (105 > 79)",
    "name": "line-too-long",
    "noqa_row": 47,
    "severity": "error",
    "url": "https://docs.astral.sh/ruff/rules/line-too-long"
  },
  {
    "cell": null,
    "code": "E501",
    "end_location": {
      "column": 82,
      "row": 57
    },
    "filename": "C:\\Users\\pc01\\source\\repos\\image-downloader\\src\\image_downloader\\application\\composer.py",
    "fix": null,
    "location": {
      "column": 80,
      "row": 57
    },
    "message": "Line too long (81 > 79)",
    "name": "line-too-long",
    "noqa_row": 57,
    "severity": "error",
    "url": "https://docs.astral.sh/ruff/rules/line-too-long"
  },
  {
    "cell": null,
    "code": "E501",
    "end_location": {
      "column": 87,
      "row": 60
    },
    "filename": "C:\\Users\\pc01\\source\\repos\\image-downloader\\src\\image_downloader\\application\\composer.py",
    "fix": null,
    "location": {
      "column": 80,
      "row": 60
    },
    "message": "Line too long (86 > 79)",
    "name": "line-too-long",
    "noqa_row": 60,
    "severity": "error",
    "url": "https://docs.astral.sh/ruff/rules/line-too-long"
  },
  {
    "cell": null,
    "code": "E501",
    "end_location": {
      "column": 97,
      "row": 62
    },
    "filename": "C:\\Users\\pc01\\source\\repos\\image-downloader\\src\\image_downloader\\application\\composer.py",
    "fix": null,
    "location": {
      "column": 80,
      "row": 62
    },
    "message": "Line too long (96 > 79)",
    "name": "line-too-long",
    "noqa_row": 62,
    "severity": "error",
    "url": "https://docs.astral.sh/ruff/rules/line-too-long"
  },
  {
    "cell": null,
    "code": "E501",
    "end_location": {
      "column": 81,
      "row": 65
    },
    "filename": "C:\\Users\\pc01\\source\\repos\\image-downloader\\src\\image_downloader\\application\\composer.py",
    "fix": null,
    "location": {
      "column": 80,
      "row": 65
    },
    "message": "Line too long (80 > 79)",
    "name": "line-too-long",
    "noqa_row": 65,
    "severity": "error",
    "url": "https://docs.astral.sh/ruff/rules/line-too-long"
  },
  {
    "cell": null,
    "code": "E501",
    "end_location": {
      "column": 112,
      "row": 67
    },
    "filename": "C:\\Users\\pc01\\source\\repos\\image-downloader\\src\\image_downloader\\application\\composer.py",
    "fix": null,
    "location": {
      "column": 80,
      "row": 67
    },
    "message": "Line too long (111 > 79)",
    "name": "line-too-long",
    "noqa_row": 67,
    "severity": "error",
    "url": "https://docs.astral.sh/ruff/rules/line-too-long"
  },
  {
    "cell": null,
    "code": "E501",
    "end_location": {
      "column": 112,
      "row": 69
    },
    "filename": "C:\\Users\\pc01\\source\\repos\\image-downloader\\src\\image_downloader\\application\\composer.py",
    "fix": null,
    "location": {
      "column": 80,
      "row": 69
    },
    "message": "Line too long (111 > 79)",
    "name": "line-too-long",
    "noqa_row": 69,
    "severity": "error",
    "url": "https://docs.astral.sh/ruff/rules/line-too-long"
  },
  {
    "cell": null,
    "code": "E501",
    "end_location": {
      "column": 97,
      "row": 76
    },
    "filename": "C:\\Users\\pc01\\source\\repos\\image-downloader\\src\\image_downloader\\application\\composer.py",
    "fix": null,
    "location": {
      "column": 80,
      "row": 76
    },
    "message": "Line too long (96 > 79)",
    "name": "line-too-long",
    "noqa_row": 76,
    "severity": "error",
    "url": "https://docs.astral.sh/ruff/rules/line-too-long"
  },
  {
    "cell": null,
    "code": "E501",
    "end_location": {
      "column": 99,
      "row": 80
    },
    "filename": "C:\\Users\\pc01\\source\\repos\\image-downloader\\src\\image_downloader\\application\\composer.py",
    "fix": null,
    "location": {
      "column": 80,
      "row": 80
    },
    "message": "Line too long (98 > 79)",
    "name": "line-too-long",
    "noqa_row": 80,
    "severity": "error",
    "url": "https://docs.astral.sh/ruff/rules/line-too-long"
  },
  {
    "cell": null,
    "code": "E501",
    "end_location": {
      "column": 118,
      "row": 86
    },
    "filename": "C:\\Users\\pc01\\source\\repos\\image-downloader\\src\\image_downloader\\application\\composer.py",
    "fix": null,
    "location": {
      "column": 80,
      "row": 86
    },
    "message": "Line too long (117 > 79)",
    "name": "line-too-long",
    "noqa_row": 86,
    "severity": "error",
    "url": "https://docs.astral.sh/ruff/rules/line-too-long"
  },
  {
    "cell": null,
    "code": "E501",
    "end_location": {
      "column": 82,
      "row": 92
    },
    "filename": "C:\\Users\\pc01\\source\\repos\\image-downloader\\src\\image_downloader\\application\\composer.py",
    "fix": null,
    "location": {
      "column": 80,
      "row": 92
    },
    "message": "Line too long (81 > 79)",
    "name": "line-too-long",
    "noqa_row": 92,
    "severity": "error",
    "url": "https://docs.astral.sh/ruff/rules/line-too-long"
  },
  {
    "cell": null,
    "code": "E501",
    "end_location": {
      "column": 83,
      "row": 116
    },
    "filename": "C:\\Users\\pc01\\source\\repos\\image-downloader\\src\\image_downloader\\application\\composer.py",
    "fix": null,
    "location": {
      "column": 80,
      "row": 116
    },
    "message": "Line too long (82 > 79)",
    "name": "line-too-long",
    "noqa_row": 116,
    "severity": "error",
    "url": "https://docs.astral.sh/ruff/rules/line-too-long"
  },
  {
    "cell": null,
    "code": "E501",
    "end_location": {
      "column": 120,
      "row": 117
    },
    "filename": "C:\\Users\\pc01\\source\\repos\\image-downloader\\src\\image_downloader\\application\\composer.py",
    "fix": null,
    "location": {
      "column": 80,
      "row": 117
    },
    "message": "Line too long (119 > 79)",
    "name": "line-too-long",
    "noqa_row": 117,
    "severity": "error",
    "url": "https://docs.astral.sh/ruff/rules/line-too-long"
  },
  {
    "cell": null,
    "code": "E501",
    "end_location": {
      "column": 111,
      "row": 36
    },
    "filename": "C:\\Users\\pc01\\source\\repos\\image-downloader\\src\\image_downloader\\application\\log_verification.py",
    "fix": null,
    "location": {
      "column": 80,
      "row": 36
    },
    "message": "Line too long (110 > 79)",
    "name": "line-too-long",
    "noqa_row": 36,
    "severity": "error",
    "url": "https://docs.astral.sh/ruff/rules/line-too-long"
  },
  {
    "cell": null,
    "code": "E501",
    "end_location": {
      "column": 91,
      "row": 46
    },
    "filename": "C:\\Users\\pc01\\source\\repos\\image-downloader\\src\\image_downloader\\application\\log_verification.py",
    "fix": null,
    "location": {
      "column": 80,
      "row": 46
    },
    "message": "Line too long (90 > 79)",
    "name": "line-too-long",
    "noqa_row": 46,
    "severity": "error",
    "url": "https://docs.astral.sh/ruff/rules/line-too-long"
  },
  {
    "cell": null,
    "code": "E501",
    "end_location": {
      "column": 84,
      "row": 51
    },
    "filename": "C:\\Users\\pc01\\source\\repos\\image-downloader\\src\\image_downloader\\application\\log_verification.py",
    "fix": null,
    "location": {
      "column": 80,
      "row": 51
    },
    "message": "Line too long (83 > 79)",
    "name": "line-too-long",
    "noqa_row": 51,
    "severity": "error",
    "url": "https://docs.astral.sh/ruff/rules/line-too-long"
  },
  {
    "cell": null,
    "code": "E501",
    "end_location": {
      "column": 106,
      "row": 54
    },
    "filename": "C:\\Users\\pc01\\source\\repos\\image-downloader\\src\\image_downloader\\application\\log_verification.py",
    "fix": null,
    "location": {
      "column": 80,
      "row": 54
    },
    "message": "Line too long (105 > 79)",
    "name": "line-too-long",
    "noqa_row": 54,
    "severity": "error",
    "url": "https://docs.astral.sh/ruff/rules/line-too-long"
  },
  {
    "cell": null,
    "code": "E501",
    "end_location": {
      "column": 82,
      "row": 58
    },
    "filename": "C:\\Users\\pc01\\source\\repos\\image-downloader\\src\\image_downloader\\application\\log_verification.py",
    "fix": null,
    "location": {
      "column": 80,
      "row": 58
    },
    "message": "Line too long (81 > 79)",
    "name": "line-too-long",
    "noqa_row": 58,
    "severity": "error",
    "url": "https://docs.astral.sh/ruff/rules/line-too-long"
  },
  {
    "cell": null,
    "code": "E501",
    "end_location": {
      "column": 83,
      "row": 61
    },
    "filename": "C:\\Users\\pc01\\source\\repos\\image-downloader\\src\\image_downloader\\application\\log_verification.py",
    "fix": null,
    "location": {
      "column": 80,
      "row": 61
    },
    "message": "Line too long (82 > 79)",
    "name": "line-too-long",
    "noqa_row": 61,
    "severity": "error",
    "url": "https://docs.astral.sh/ruff/rules/line-too-long"
  },
  {
    "cell": null,
    "code": "E501",
    "end_location": {
      "column": 96,
      "row": 68
    },
    "filename": "C:\\Users\\pc01\\source\\repos\\image-downloader\\src\\image_downloader\\application\\log_verification.py",
    "fix": null,
    "location": {
      "column": 80,
      "row": 68
    },
    "message": "Line too long (95 > 79)",
    "name": "line-too-long",
    "noqa_row": 68,
    "severity": "error",
    "url": "https://docs.astral.sh/ruff/rules/line-too-long"
  },
  {
    "cell": null,
    "code": "E501",
    "end_location": {
      "column": 111,
      "row": 69
    },
    "filename": "C:\\Users\\pc01\\source\\repos\\image-downloader\\src\\image_downloader\\application\\log_verification.py",
    "fix": null,
    "location": {
      "column": 80,
      "row": 69
    },
    "message": "Line too long (110 > 79)",
    "name": "line-too-long",
    "noqa_row": 69,
    "severity": "error",
    "url": "https://docs.astral.sh/ruff/rules/line-too-long"
  },
  {
    "cell": null,
    "code": "E501",
    "end_location": {
      "column": 83,
      "row": 70
    },
    "filename": "C:\\Users\\pc01\\source\\repos\\image-downloader\\src\\image_downloader\\application\\log_verification.py",
    "fix": null,
    "location": {
      "column": 80,
      "row": 70
    },
    "message": "Line too long (82 > 79)",
    "name": "line-too-long",
    "noqa_row": 70,
    "severity": "error",
    "url": "https://docs.astral.sh/ruff/rules/line-too-long"
  },
  {
    "cell": null,
    "code": "E501",
    "end_location": {
      "column": 93,
      "row": 107
    },
    "filename": "C:\\Users\\pc01\\source\\repos\\image-downloader\\src\\image_downloader\\application\\log_verification.py",
    "fix": null,
    "location": {
      "column": 80,
      "row": 107
    },
    "message": "Line too long (92 > 79)",
    "name": "line-too-long",
    "noqa_row": 107,
    "severity": "error",
    "url": "https://docs.astral.sh/ruff/rules/line-too-long"
  },
  {
    "cell": null,
    "code": "E501",
    "end_location": {
      "column": 97,
      "row": 109
    },
    "filename": "C:\\Users\\pc01\\source\\repos\\image-downloader\\src\\image_downloader\\application\\log_verification.py",
    "fix": null,
    "location": {
      "column": 80,
      "row": 109
    },
    "message": "Line too long (96 > 79)",
    "name": "line-too-long",
    "noqa_row": 109,
    "severity": "error",
    "url": "https://docs.astral.sh/ruff/rules/line-too-long"
  },
  {
    "cell": null,
    "code": "E501",
    "end_location": {
      "column": 97,
      "row": 124
    },
    "filename": "C:\\Users\\pc01\\source\\repos\\image-downloader\\src\\image_downloader\\application\\log_verification.py",
    "fix": null,
    "location": {
      "column": 80,
      "row": 124
    },
    "message": "Line too long (96 > 79)",
    "name": "line-too-long",
    "noqa_row": 124,
    "severity": "error",
    "url": "https://docs.astral.sh/ruff/rules/line-too-long"
  },
  {
    "cell": null,
    "code": "E501",
    "end_location": {
      "column": 82,
      "row": 166
    },
    "filename": "C:\\Users\\pc01\\source\\repos\\image-downloader\\src\\image_downloader\\application\\log_verification.py",
    "fix": null,
    "location": {
      "column": 80,
      "row": 166
    },
    "message": "Line too long (81 > 79)",
    "name": "line-too-long",
    "noqa_row": 166,
    "severity": "error",
    "url": "https://docs.astral.sh/ruff/rules/line-too-long"
  },
  {
    "cell": null,
    "code": "E501",
    "end_location": {
      "column": 83,
      "row": 168
    },
    "filename": "C:\\Users\\pc01\\source\\repos\\image-downloader\\src\\image_downloader\\application\\log_verification.py",
    "fix": null,
    "location": {
      "column": 80,
      "row": 168
    },
    "message": "Line too long (82 > 79)",
    "name": "line-too-long",
    "noqa_row": 168,
    "severity": "error",
    "url": "https://docs.astral.sh/ruff/rules/line-too-long"
  },
  {
    "cell": null,
    "code": "E501",
    "end_location": {
      "column": 90,
      "row": 176
    },
    "filename": "C:\\Users\\pc01\\source\\repos\\image-downloader\\src\\image_downloader\\application\\log_verification.py",
    "fix": null,
    "location": {
      "column": 80,
      "row": 176
    },
    "message": "Line too long (89 > 79)",
    "name": "line-too-long",
    "noqa_row": 176,
    "severity": "error",
    "url": "https://docs.astral.sh/ruff/rules/line-too-long"
  },
  {
    "cell": null,
    "code": "E501",
    "end_location": {
      "column": 114,
      "row": 181
    },
    "filename": "C:\\Users\\pc01\\source\\repos\\image-downloader\\src\\image_downloader\\application\\log_verification.py",
    "fix": null,
    "location": {
      "column": 80,
      "row": 181
    },
    "message": "Line too long (113 > 79)",
    "name": "line-too-long",
    "noqa_row": 181,
    "severity": "error",
    "url": "https://docs.astral.sh/ruff/rules/line-too-long"
  },
  {
    "cell": null,
    "code": "E501",
    "end_location": {
      "column": 84,
      "row": 184
    },
    "filename": "C:\\Users\\pc01\\source\\repos\\image-downloader\\src\\image_downloader\\application\\log_verification.py",
    "fix": null,
    "location": {
      "column": 80,
      "row": 184
    },
    "message": "Line too long (83 > 79)",
    "name": "line-too-long",
    "noqa_row": 184,
    "severity": "error",
    "url": "https://docs.astral.sh/ruff/rules/line-too-long"
  },
  {
    "cell": null,
    "code": "E501",
    "end_location": {
      "column": 83,
      "row": 193
    },
    "filename": "C:\\Users\\pc01\\source\\repos\\image-downloader\\src\\image_downloader\\application\\log_verification.py",
    "fix": null,
    "location": {
      "column": 80,
      "row": 193
    },
    "message": "Line too long (82 > 79)",
    "name": "line-too-long",
    "noqa_row": 193,
    "severity": "error",
    "url": "https://docs.astral.sh/ruff/rules/line-too-long"
  },
  {
    "cell": null,
    "code": "E501",
    "end_location": {
      "column": 82,
      "row": 229
    },
    "filename": "C:\\Users\\pc01\\source\\repos\\image-downloader\\src\\image_downloader\\application\\log_verification.py",
    "fix": null,
    "location": {
      "column": 80,
      "row": 229
    },
    "message": "Line too long (81 > 79)",
    "name": "line-too-long",
    "noqa_row": 229,
    "severity": "error",
    "url": "https://docs.astral.sh/ruff/rules/line-too-long"
  },
  {
    "cell": null,
    "code": "E501",
    "end_location": {
      "column": 86,
      "row": 230
    },
    "filename": "C:\\Users\\pc01\\source\\repos\\image-downloader\\src\\image_downloader\\application\\log_verification.py",
    "fix": null,
    "location": {
      "column": 80,
      "row": 230
    },
    "message": "Line too long (85 > 79)",
    "name": "line-too-long",
    "noqa_row": 230,
    "severity": "error",
    "url": "https://docs.astral.sh/ruff/rules/line-too-long"
  },
  {
    "cell": null,
    "code": "E501",
    "end_location": {
      "column": 82,
      "row": 8
    },
    "filename": "C:\\Users\\pc01\\source\\repos\\image-downloader\\src\\image_downloader\\application\\service.py",
    "fix": null,
    "location": {
      "column": 80,
      "row": 8
    },
    "message": "Line too long (81 > 79)",
    "name": "line-too-long",
    "noqa_row": 8,
    "severity": "error",
    "url": "https://docs.astral.sh/ruff/rules/line-too-long"
  },
  {
    "cell": null,
    "code": "E501",
    "end_location": {
      "column": 93,
      "row": 67
    },
    "filename": "C:\\Users\\pc01\\source\\repos\\image-downloader\\src\\image_downloader\\application\\service.py",
    "fix": null,
    "location": {
      "column": 80,
      "row": 67
    },
    "message": "Line too long (92 > 79)",
    "name": "line-too-long",
    "noqa_row": 67,
    "severity": "error",
    "url": "https://docs.astral.sh/ruff/rules/line-too-long"
  },
  {
    "cell": null,
    "code": "E501",
    "end_location": {
      "column": 95,
      "row": 68
    },
    "filename": "C:\\Users\\pc01\\source\\repos\\image-downloader\\src\\image_downloader\\application\\service.py",
    "fix": null,
    "location": {
      "column": 80,
      "row": 68
    },
    "message": "Line too long (94 > 79)",
    "name": "line-too-long",
    "noqa_row": 68,
    "severity": "error",
    "url": "https://docs.astral.sh/ruff/rules/line-too-long"
  },
  {
    "cell": null,
    "code": "E501",
    "end_location": {
      "column": 91,
      "row": 71
    },
    "filename": "C:\\Users\\pc01\\source\\repos\\image-downloader\\src\\image_downloader\\application\\service.py",
    "fix": null,
    "location": {
      "column": 80,
      "row": 71
    },
    "message": "Line too long (90 > 79)",
    "name": "line-too-long",
    "noqa_row": 71,
    "severity": "error",
    "url": "https://docs.astral.sh/ruff/rules/line-too-long"
  },
  {
    "cell": null,
    "code": "E501",
    "end_location": {
      "column": 95,
      "row": 93
    },
    "filename": "C:\\Users\\pc01\\source\\repos\\image-downloader\\src\\image_downloader\\application\\service.py",
    "fix": null,
    "location": {
      "column": 80,
      "row": 93
    },
    "message": "Line too long (94 > 79)",
    "name": "line-too-long",
    "noqa_row": 93,
    "severity": "error",
    "url": "https://docs.astral.sh/ruff/rules/line-too-long"
  },
  {
    "cell": null,
    "code": "E501",
    "end_location": {
      "column": 98,
      "row": 96
    },
    "filename": "C:\\Users\\pc01\\source\\repos\\image-downloader\\src\\image_downloader\\application\\service.py",
    "fix": null,
    "location": {
      "column": 80,
      "row": 96
    },
    "message": "Line too long (97 > 79)",
    "name": "line-too-long",
    "noqa_row": 96,
    "severity": "error",
    "url": "https://docs.astral.sh/ruff/rules/line-too-long"
  },
  {
    "cell": null,
    "code": "E501",
    "end_location": {
      "column": 81,
      "row": 101
    },
    "filename": "C:\\Users\\pc01\\source\\repos\\image-downloader\\src\\image_downloader\\application\\service.py",
    "fix": null,
    "location": {
      "column": 80,
      "row": 101
    },
    "message": "Line too long (80 > 79)",
    "name": "line-too-long",
    "noqa_row": 101,
    "severity": "error",
    "url": "https://docs.astral.sh/ruff/rules/line-too-long"
  },
  {
    "cell": null,
    "code": "E501",
    "end_location": {
      "column": 109,
      "row": 130
    },
    "filename": "C:\\Users\\pc01\\source\\repos\\image-downloader\\src\\image_downloader\\application\\service.py",
    "fix": null,
    "location": {
      "column": 80,
      "row": 130
    },
    "message": "Line too long (108 > 79)",
    "name": "line-too-long",
    "noqa_row": 130,
    "severity": "error",
    "url": "https://docs.astral.sh/ruff/rules/line-too-long"
  },
  {
    "cell": null,
    "code": "E501",
    "end_location": {
      "column": 95,
      "row": 141
    },
    "filename": "C:\\Users\\pc01\\source\\repos\\image-downloader\\src\\image_downloader\\application\\service.py",
    "fix": null,
    "location": {
      "column": 80,
      "row": 141
    },
    "message": "Line too long (94 > 79)",
    "name": "line-too-long",
    "noqa_row": 141,
    "severity": "error",
    "url": "https://docs.astral.sh/ruff/rules/line-too-long"
  },
  {
    "cell": null,
    "code": "E501",
    "end_location": {
      "column": 97,
      "row": 145
    },
    "filename": "C:\\Users\\pc01\\source\\repos\\image-downloader\\src\\image_downloader\\application\\service.py",
    "fix": null,
    "location": {
      "column": 80,
      "row": 145
    },
    "message": "Line too long (96 > 79)",
    "name": "line-too-long",
    "noqa_row": 145,
    "severity": "error",
    "url": "https://docs.astral.sh/ruff/rules/line-too-long"
  },
  {
    "cell": null,
    "code": "E501",
    "end_location": {
      "column": 82,
      "row": 149
    },
    "filename": "C:\\Users\\pc01\\source\\repos\\image-downloader\\src\\image_downloader\\application\\service.py",
    "fix": null,
    "location": {
      "column": 80,
      "row": 149
    },
    "message": "Line too long (81 > 79)",
    "name": "line-too-long",
    "noqa_row": 149,
    "severity": "error",
    "url": "https://docs.astral.sh/ruff/rules/line-too-long"
  },
  {
    "cell": null,
    "code": "E501",
    "end_location": {
      "column": 110,
      "row": 161
    },
    "filename": "C:\\Users\\pc01\\source\\repos\\image-downloader\\src\\image_downloader\\application\\service.py",
    "fix": null,
    "location": {
      "column": 80,
      "row": 161
    },
    "message": "Line too long (109 > 79)",
    "name": "line-too-long",
    "noqa_row": 161,
    "severity": "error",
    "url": "https://docs.astral.sh/ruff/rules/line-too-long"
  },
  {
    "cell": null,
    "code": "E501",
    "end_location": {
      "column": 88,
      "row": 167
    },
    "filename": "C:\\Users\\pc01\\source\\repos\\image-downloader\\src\\image_downloader\\application\\service.py",
    "fix": null,
    "location": {
      "column": 80,
      "row": 167
    },
    "message": "Line too long (87 > 79)",
    "name": "line-too-long",
    "noqa_row": 167,
    "severity": "error",
    "url": "https://docs.astral.sh/ruff/rules/line-too-long"
  },
  {
    "cell": null,
    "code": "E501",
    "end_location": {
      "column": 110,
      "row": 178
    },
    "filename": "C:\\Users\\pc01\\source\\repos\\image-downloader\\src\\image_downloader\\application\\service.py",
    "fix": null,
    "location": {
      "column": 80,
      "row": 178
    },
    "message": "Line too long (109 > 79)",
    "name": "line-too-long",
    "noqa_row": 178,
    "severity": "error",
    "url": "https://docs.astral.sh/ruff/rules/line-too-long"
  },
  {
    "cell": null,
    "code": "E501",
    "end_location": {
      "column": 83,
      "row": 186
    },
    "filename": "C:\\Users\\pc01\\source\\repos\\image-downloader\\src\\image_downloader\\application\\service.py",
    "fix": null,
    "location": {
      "column": 80,
      "row": 186
    },
    "message": "Line too long (82 > 79)",
    "name": "line-too-long",
    "noqa_row": 186,
    "severity": "error",
    "url": "https://docs.astral.sh/ruff/rules/line-too-long"
  },
  {
    "cell": null,
    "code": "E501",
    "end_location": {
      "column": 82,
      "row": 187
    },
    "filename": "C:\\Users\\pc01\\source\\repos\\image-downloader\\src\\image_downloader\\application\\service.py",
    "fix": null,
    "location": {
      "column": 80,
      "row": 187
    },
    "message": "Line too long (81 > 79)",
    "name": "line-too-long",
    "noqa_row": 187,
    "severity": "error",
    "url": "https://docs.astral.sh/ruff/rules/line-too-long"
  },
  {
    "cell": null,
    "code": "E501",
    "end_location": {
      "column": 102,
      "row": 206
    },
    "filename": "C:\\Users\\pc01\\source\\repos\\image-downloader\\src\\image_downloader\\application\\service.py",
    "fix": null,
    "location": {
      "column": 80,
      "row": 206
    },
    "message": "Line too long (101 > 79)",
    "name": "line-too-long",
    "noqa_row": 206,
    "severity": "error",
    "url": "https://docs.astral.sh/ruff/rules/line-too-long"
  },
  {
    "cell": null,
    "code": "E501",
    "end_location": {
      "column": 97,
      "row": 217
    },
    "filename": "C:\\Users\\pc01\\source\\repos\\image-downloader\\src\\image_downloader\\application\\service.py",
    "fix": null,
    "location": {
      "column": 80,
      "row": 217
    },
    "message": "Line too long (96 > 79)",
    "name": "line-too-long",
    "noqa_row": 217,
    "severity": "error",
    "url": "https://docs.astral.sh/ruff/rules/line-too-long"
  },
  {
    "cell": null,
    "code": "E501",
    "end_location": {
      "column": 93,
      "row": 227
    },
    "filename": "C:\\Users\\pc01\\source\\repos\\image-downloader\\src\\image_downloader\\application\\service.py",
    "fix": null,
    "location": {
      "column": 80,
      "row": 227
    },
    "message": "Line too long (92 > 79)",
    "name": "line-too-long",
    "noqa_row": 227,
    "severity": "error",
    "url": "https://docs.astral.sh/ruff/rules/line-too-long"
  },
  {
    "cell": null,
    "code": "E501",
    "end_location": {
      "column": 82,
      "row": 242
    },
    "filename": "C:\\Users\\pc01\\source\\repos\\image-downloader\\src\\image_downloader\\application\\service.py",
    "fix": null,
    "location": {
      "column": 80,
      "row": 242
    },
    "message": "Line too long (81 > 79)",
    "name": "line-too-long",
    "noqa_row": 242,
    "severity": "error",
    "url": "https://docs.astral.sh/ruff/rules/line-too-long"
  },
  {
    "cell": null,
    "code": "E501",
    "end_location": {
      "column": 111,
      "row": 246
    },
    "filename": "C:\\Users\\pc01\\source\\repos\\image-downloader\\src\\image_downloader\\application\\service.py",
    "fix": null,
    "location": {
      "column": 80,
      "row": 246
    },
    "message": "Line too long (110 > 79)",
    "name": "line-too-long",
    "noqa_row": 246,
    "severity": "error",
    "url": "https://docs.astral.sh/ruff/rules/line-too-long"
  },
  {
    "cell": null,
    "code": "E501",
    "end_location": {
      "column": 83,
      "row": 252
    },
    "filename": "C:\\Users\\pc01\\source\\repos\\image-downloader\\src\\image_downloader\\application\\service.py",
    "fix": null,
    "location": {
      "column": 80,
      "row": 252
    },
    "message": "Line too long (82 > 79)",
    "name": "line-too-long",
    "noqa_row": 252,
    "severity": "error",
    "url": "https://docs.astral.sh/ruff/rules/line-too-long"
  },
  {
    "cell": null,
    "code": "E501",
    "end_location": {
      "column": 107,
      "row": 257
    },
    "filename": "C:\\Users\\pc01\\source\\repos\\image-downloader\\src\\image_downloader\\application\\service.py",
    "fix": null,
    "location": {
      "column": 80,
      "row": 257
    },
    "message": "Line too long (106 > 79)",
    "name": "line-too-long",
    "noqa_row": 257,
    "severity": "error",
    "url": "https://docs.astral.sh/ruff/rules/line-too-long"
  },
  {
    "cell": null,
    "code": "E501",
    "end_location": {
      "column": 87,
      "row": 300
    },
    "filename": "C:\\Users\\pc01\\source\\repos\\image-downloader\\src\\image_downloader\\application\\service.py",
    "fix": null,
    "location": {
      "column": 80,
      "row": 300
    },
    "message": "Line too long (86 > 79)",
    "name": "line-too-long",
    "noqa_row": 300,
    "severity": "error",
    "url": "https://docs.astral.sh/ruff/rules/line-too-long"
  },
  {
    "cell": null,
    "code": "E501",
    "end_location": {
      "column": 94,
      "row": 304
    },
    "filename": "C:\\Users\\pc01\\source\\repos\\image-downloader\\src\\image_downloader\\application\\service.py",
    "fix": null,
    "location": {
      "column": 80,
      "row": 304
    },
    "message": "Line too long (93 > 79)",
    "name": "line-too-long",
    "noqa_row": 304,
    "severity": "error",
    "url": "https://docs.astral.sh/ruff/rules/line-too-long"
  },
  {
    "cell": null,
    "code": "E501",
    "end_location": {
      "column": 89,
      "row": 311
    },
    "filename": "C:\\Users\\pc01\\source\\repos\\image-downloader\\src\\image_downloader\\application\\service.py",
    "fix": null,
    "location": {
      "column": 80,
      "row": 311
    },
    "message": "Line too long (88 > 79)",
    "name": "line-too-long",
    "noqa_row": 311,
    "severity": "error",
    "url": "https://docs.astral.sh/ruff/rules/line-too-long"
  },
  {
    "cell": null,
    "code": "E501",
    "end_location": {
      "column": 92,
      "row": 324
    },
    "filename": "C:\\Users\\pc01\\source\\repos\\image-downloader\\src\\image_downloader\\application\\service.py",
    "fix": null,
    "location": {
      "column": 80,
      "row": 324
    },
    "message": "Line too long (91 > 79)",
    "name": "line-too-long",
    "noqa_row": 324,
    "severity": "error",
    "url": "https://docs.astral.sh/ruff/rules/line-too-long"
  },
  {
    "cell": null,
    "code": "E501",
    "end_location": {
      "column": 85,
      "row": 336
    },
    "filename": "C:\\Users\\pc01\\source\\repos\\image-downloader\\src\\image_downloader\\application\\service.py",
    "fix": null,
    "location": {
      "column": 80,
      "row": 336
    },
    "message": "Line too long (84 > 79)",
    "name": "line-too-long",
    "noqa_row": 341,
    "severity": "error",
    "url": "https://docs.astral.sh/ruff/rules/line-too-long"
  },
  {
    "cell": null,
    "code": "E501",
    "end_location": {
      "column": 82,
      "row": 340
    },
    "filename": "C:\\Users\\pc01\\source\\repos\\image-downloader\\src\\image_downloader\\application\\service.py",
    "fix": null,
    "location": {
      "column": 80,
      "row": 340
    },
    "message": "Line too long (81 > 79)",
    "name": "line-too-long",
    "noqa_row": 341,
    "severity": "error",
    "url": "https://docs.astral.sh/ruff/rules/line-too-long"
  },
  {
    "cell": null,
    "code": "E501",
    "end_location": {
      "column": 107,
      "row": 360
    },
    "filename": "C:\\Users\\pc01\\source\\repos\\image-downloader\\src\\image_downloader\\application\\service.py",
    "fix": null,
    "location": {
      "column": 80,
      "row": 360
    },
    "message": "Line too long (106 > 79)",
    "name": "line-too-long",
    "noqa_row": 360,
    "severity": "error",
    "url": "https://docs.astral.sh/ruff/rules/line-too-long"
  },
  {
    "cell": null,
    "code": "E501",
    "end_location": {
      "column": 96,
      "row": 363
    },
    "filename": "C:\\Users\\pc01\\source\\repos\\image-downloader\\src\\image_downloader\\application\\service.py",
    "fix": null,
    "location": {
      "column": 80,
      "row": 363
    },
    "message": "Line too long (95 > 79)",
    "name": "line-too-long",
    "noqa_row": 363,
    "severity": "error",
    "url": "https://docs.astral.sh/ruff/rules/line-too-long"
  },
  {
    "cell": null,
    "code": "E501",
    "end_location": {
      "column": 93,
      "row": 364
    },
    "filename": "C:\\Users\\pc01\\source\\repos\\image-downloader\\src\\image_downloader\\application\\service.py",
    "fix": null,
    "location": {
      "column": 80,
      "row": 364
    },
    "message": "Line too long (92 > 79)",
    "name": "line-too-long",
    "noqa_row": 364,
    "severity": "error",
    "url": "https://docs.astral.sh/ruff/rules/line-too-long"
  },
  {
    "cell": null,
    "code": "E501",
    "end_location": {
      "column": 103,
      "row": 366
    },
    "filename": "C:\\Users\\pc01\\source\\repos\\image-downloader\\src\\image_downloader\\application\\service.py",
    "fix": null,
    "location": {
      "column": 80,
      "row": 366
    },
    "message": "Line too long (102 > 79)",
    "name": "line-too-long",
    "noqa_row": 366,
    "severity": "error",
    "url": "https://docs.astral.sh/ruff/rules/line-too-long"
  },
  {
    "cell": null,
    "code": "E501",
    "end_location": {
      "column": 111,
      "row": 385
    },
    "filename": "C:\\Users\\pc01\\source\\repos\\image-downloader\\src\\image_downloader\\application\\service.py",
    "fix": null,
    "location": {
      "column": 80,
      "row": 385
    },
    "message": "Line too long (110 > 79)",
    "name": "line-too-long",
    "noqa_row": 385,
    "severity": "error",
    "url": "https://docs.astral.sh/ruff/rules/line-too-long"
  },
  {
    "cell": null,
    "code": "E501",
    "end_location": {
      "column": 116,
      "row": 386
    },
    "filename": "C:\\Users\\pc01\\source\\repos\\image-downloader\\src\\image_downloader\\application\\service.py",
    "fix": null,
    "location": {
      "column": 80,
      "row": 386
    },
    "message": "Line too long (115 > 79)",
    "name": "line-too-long",
    "noqa_row": 386,
    "severity": "error",
    "url": "https://docs.astral.sh/ruff/rules/line-too-long"
  },
  {
    "cell": null,
    "code": "E501",
    "end_location": {
      "column": 101,
      "row": 388
    },
    "filename": "C:\\Users\\pc01\\source\\repos\\image-downloader\\src\\image_downloader\\application\\service.py",
    "fix": null,
    "location": {
      "column": 80,
      "row": 388
    },
    "message": "Line too long (100 > 79)",
    "name": "line-too-long",
    "noqa_row": 388,
    "severity": "error",
    "url": "https://docs.astral.sh/ruff/rules/line-too-long"
  },
  {
    "cell": null,
    "code": "E501",
    "end_location": {
      "column": 86,
      "row": 400
    },
    "filename": "C:\\Users\\pc01\\source\\repos\\image-downloader\\src\\image_downloader\\application\\service.py",
    "fix": null,
    "location": {
      "column": 80,
      "row": 400
    },
    "message": "Line too long (85 > 79)",
    "name": "line-too-long",
    "noqa_row": 400,
    "severity": "error",
    "url": "https://docs.astral.sh/ruff/rules/line-too-long"
  },
  {
    "cell": null,
    "code": "E501",
    "end_location": {
      "column": 86,
      "row": 417
    },
    "filename": "C:\\Users\\pc01\\source\\repos\\image-downloader\\src\\image_downloader\\application\\service.py",
    "fix": null,
    "location": {
      "column": 80,
      "row": 417
    },
    "message": "Line too long (85 > 79)",
    "name": "line-too-long",
    "noqa_row": 417,
    "severity": "error",
    "url": "https://docs.astral.sh/ruff/rules/line-too-long"
  },
  {
    "cell": null,
    "code": "E501",
    "end_location": {
      "column": 98,
      "row": 452
    },
    "filename": "C:\\Users\\pc01\\source\\repos\\image-downloader\\src\\image_downloader\\application\\service.py",
    "fix": null,
    "location": {
      "column": 80,
      "row": 452
    },
    "message": "Line too long (97 > 79)",
    "name": "line-too-long",
    "noqa_row": 452,
    "severity": "error",
    "url": "https://docs.astral.sh/ruff/rules/line-too-long"
  },
  {
    "cell": null,
    "code": "E501",
    "end_location": {
      "column": 119,
      "row": 468
    },
    "filename": "C:\\Users\\pc01\\source\\repos\\image-downloader\\src\\image_downloader\\application\\service.py",
    "fix": null,
    "location": {
      "column": 80,
      "row": 468
    },
    "message": "Line too long (118 > 79)",
    "name": "line-too-long",
    "noqa_row": 468,
    "severity": "error",
    "url": "https://docs.astral.sh/ruff/rules/line-too-long"
  },
  {
    "cell": null,
    "code": "E501",
    "end_location": {
      "column": 99,
      "row": 478
    },
    "filename": "C:\\Users\\pc01\\source\\repos\\image-downloader\\src\\image_downloader\\application\\service.py",
    "fix": null,
    "location": {
      "column": 80,
      "row": 478
    },
    "message": "Line too long (98 > 79)",
    "name": "line-too-long",
    "noqa_row": 478,
    "severity": "error",
    "url": "https://docs.astral.sh/ruff/rules/line-too-long"
  },
  {
    "cell": null,
    "code": "E501",
    "end_location": {
      "column": 96,
      "row": 480
    },
    "filename": "C:\\Users\\pc01\\source\\repos\\image-downloader\\src\\image_downloader\\application\\service.py",
    "fix": null,
    "location": {
      "column": 80,
      "row": 480
    },
    "message": "Line too long (95 > 79)",
    "name": "line-too-long",
    "noqa_row": 480,
    "severity": "error",
    "url": "https://docs.astral.sh/ruff/rules/line-too-long"
  },
  {
    "cell": null,
    "code": "E501",
    "end_location": {
      "column": 87,
      "row": 517
    },
    "filename": "C:\\Users\\pc01\\source\\repos\\image-downloader\\src\\image_downloader\\application\\service.py",
    "fix": null,
    "location": {
      "column": 80,
      "row": 517
    },
    "message": "Line too long (86 > 79)",
    "name": "line-too-long",
    "noqa_row": 517,
    "severity": "error",
    "url": "https://docs.astral.sh/ruff/rules/line-too-long"
  },
  {
    "cell": null,
    "code": "E501",
    "end_location": {
      "column": 120,
      "row": 518
    },
    "filename": "C:\\Users\\pc01\\source\\repos\\image-downloader\\src\\image_downloader\\application\\service.py",
    "fix": null,
    "location": {
      "column": 80,
      "row": 518
    },
    "message": "Line too long (119 > 79)",
    "name": "line-too-long",
    "noqa_row": 518,
    "severity": "error",
    "url": "https://docs.astral.sh/ruff/rules/line-too-long"
  },
  {
    "cell": null,
    "code": "E501",
    "end_location": {
      "column": 120,
      "row": 521
    },
    "filename": "C:\\Users\\pc01\\source\\repos\\image-downloader\\src\\image_downloader\\application\\service.py",
    "fix": null,
    "location": {
      "column": 80,
      "row": 521
    },
    "message": "Line too long (119 > 79)",
    "name": "line-too-long",
    "noqa_row": 521,
    "severity": "error",
    "url": "https://docs.astral.sh/ruff/rules/line-too-long"
  },
  {
    "cell": null,
    "code": "E501",
    "end_location": {
      "column": 95,
      "row": 545
    },
    "filename": "C:\\Users\\pc01\\source\\repos\\image-downloader\\src\\image_downloader\\application\\service.py",
    "fix": null,
    "location": {
      "column": 80,
      "row": 545
    },
    "message": "Line too long (94 > 79)",
    "name": "line-too-long",
    "noqa_row": 545,
    "severity": "error",
    "url": "https://docs.astral.sh/ruff/rules/line-too-long"
  },
  {
    "cell": null,
    "code": "E501",
    "end_location": {
      "column": 109,
      "row": 550
    },
    "filename": "C:\\Users\\pc01\\source\\repos\\image-downloader\\src\\image_downloader\\application\\service.py",
    "fix": null,
    "location": {
      "column": 80,
      "row": 550
    },
    "message": "Line too long (108 > 79)",
    "name": "line-too-long",
    "noqa_row": 550,
    "severity": "error",
    "url": "https://docs.astral.sh/ruff/rules/line-too-long"
  },
  {
    "cell": null,
    "code": "E501",
    "end_location": {
      "column": 115,
      "row": 591
    },
    "filename": "C:\\Users\\pc01\\source\\repos\\image-downloader\\src\\image_downloader\\application\\service.py",
    "fix": null,
    "location": {
      "column": 80,
      "row": 591
    },
    "message": "Line too long (114 > 79)",
    "name": "line-too-long",
    "noqa_row": 591,
    "severity": "error",
    "url": "https://docs.astral.sh/ruff/rules/line-too-long"
  },
  {
    "cell": null,
    "code": "E501",
    "end_location": {
      "column": 87,
      "row": 633
    },
    "filename": "C:\\Users\\pc01\\source\\repos\\image-downloader\\src\\image_downloader\\application\\service.py",
    "fix": null,
    "location": {
      "column": 80,
      "row": 633
    },
    "message": "Line too long (86 > 79)",
    "name": "line-too-long",
    "noqa_row": 633,
    "severity": "error",
    "url": "https://docs.astral.sh/ruff/rules/line-too-long"
  },
  {
    "cell": null,
    "code": "E501",
    "end_location": {
      "column": 94,
      "row": 641
    },
    "filename": "C:\\Users\\pc01\\source\\repos\\image-downloader\\src\\image_downloader\\application\\service.py",
    "fix": null,
    "location": {
      "column": 80,
      "row": 641
    },
    "message": "Line too long (93 > 79)",
    "name": "line-too-long",
    "noqa_row": 641,
    "severity": "error",
    "url": "https://docs.astral.sh/ruff/rules/line-too-long"
  },
  {
    "cell": null,
    "code": "E501",
    "end_location": {
      "column": 99,
      "row": 654
    },
    "filename": "C:\\Users\\pc01\\source\\repos\\image-downloader\\src\\image_downloader\\application\\service.py",
    "fix": null,
    "location": {
      "column": 80,
      "row": 654
    },
    "message": "Line too long (98 > 79)",
    "name": "line-too-long",
    "noqa_row": 654,
    "severity": "error",
    "url": "https://docs.astral.sh/ruff/rules/line-too-long"
  },
  {
    "cell": null,
    "code": "E501",
    "end_location": {
      "column": 99,
      "row": 677
    },
    "filename": "C:\\Users\\pc01\\source\\repos\\image-downloader\\src\\image_downloader\\application\\service.py",
    "fix": null,
    "location": {
      "column": 80,
      "row": 677
    },
    "message": "Line too long (98 > 79)",
    "name": "line-too-long",
    "noqa_row": 677,
    "severity": "error",
    "url": "https://docs.astral.sh/ruff/rules/line-too-long"
  },
  {
    "cell": null,
    "code": "E501",
    "end_location": {
      "column": 92,
      "row": 696
    },
    "filename": "C:\\Users\\pc01\\source\\repos\\image-downloader\\src\\image_downloader\\application\\service.py",
    "fix": null,
    "location": {
      "column": 80,
      "row": 696
    },
    "message": "Line too long (91 > 79)",
    "name": "line-too-long",
    "noqa_row": 696,
    "severity": "error",
    "url": "https://docs.astral.sh/ruff/rules/line-too-long"
  },
  {
    "cell": null,
    "code": "E501",
    "end_location": {
      "column": 90,
      "row": 697
    },
    "filename": "C:\\Users\\pc01\\source\\repos\\image-downloader\\src\\image_downloader\\application\\service.py",
    "fix": null,
    "location": {
      "column": 80,
      "row": 697
    },
    "message": "Line too long (89 > 79)",
    "name": "line-too-long",
    "noqa_row": 697,
    "severity": "error",
    "url": "https://docs.astral.sh/ruff/rules/line-too-long"
  },
  {
    "cell": null,
    "code": "E501",
    "end_location": {
      "column": 90,
      "row": 699
    },
    "filename": "C:\\Users\\pc01\\source\\repos\\image-downloader\\src\\image_downloader\\application\\service.py",
    "fix": null,
    "location": {
      "column": 80,
      "row": 699
    },
    "message": "Line too long (89 > 79)",
    "name": "line-too-long",
    "noqa_row": 699,
    "severity": "error",
    "url": "https://docs.astral.sh/ruff/rules/line-too-long"
  },
  {
    "cell": null,
    "code": "E501",
    "end_location": {
      "column": 106,
      "row": 700
    },
    "filename": "C:\\Users\\pc01\\source\\repos\\image-downloader\\src\\image_downloader\\application\\service.py",
    "fix": null,
    "location": {
      "column": 80,
      "row": 700
    },
    "message": "Line too long (105 > 79)",
    "name": "line-too-long",
    "noqa_row": 700,
    "severity": "error",
    "url": "https://docs.astral.sh/ruff/rules/line-too-long"
  },
  {
    "cell": null,
    "code": "E501",
    "end_location": {
      "column": 92,
      "row": 710
    },
    "filename": "C:\\Users\\pc01\\source\\repos\\image-downloader\\src\\image_downloader\\application\\service.py",
    "fix": null,
    "location": {
      "column": 80,
      "row": 710
    },
    "message": "Line too long (91 > 79)",
    "name": "line-too-long",
    "noqa_row": 710,
    "severity": "error",
    "url": "https://docs.astral.sh/ruff/rules/line-too-long"
  },
  {
    "cell": null,
    "code": "E501",
    "end_location": {
      "column": 118,
      "row": 713
    },
    "filename": "C:\\Users\\pc01\\source\\repos\\image-downloader\\src\\image_downloader\\application\\service.py",
    "fix": null,
    "location": {
      "column": 80,
      "row": 713
    },
    "message": "Line too long (117 > 79)",
    "name": "line-too-long",
    "noqa_row": 713,
    "severity": "error",
    "url": "https://docs.astral.sh/ruff/rules/line-too-long"
  },
  {
    "cell": null,
    "code": "E501",
    "end_location": {
      "column": 99,
      "row": 740
    },
    "filename": "C:\\Users\\pc01\\source\\repos\\image-downloader\\src\\image_downloader\\application\\service.py",
    "fix": null,
    "location": {
      "column": 80,
      "row": 740
    },
    "message": "Line too long (98 > 79)",
    "name": "line-too-long",
    "noqa_row": 740,
    "severity": "error",
    "url": "https://docs.astral.sh/ruff/rules/line-too-long"
  },
  {
    "cell": null,
    "code": "E501",
    "end_location": {
      "column": 100,
      "row": 744
    },
    "filename": "C:\\Users\\pc01\\source\\repos\\image-downloader\\src\\image_downloader\\application\\service.py",
    "fix": null,
    "location": {
      "column": 80,
      "row": 744
    },
    "message": "Line too long (99 > 79)",
    "name": "line-too-long",
    "noqa_row": 744,
    "severity": "error",
    "url": "https://docs.astral.sh/ruff/rules/line-too-long"
  },
  {
    "cell": null,
    "code": "E501",
    "end_location": {
      "column": 87,
      "row": 759
    },
    "filename": "C:\\Users\\pc01\\source\\repos\\image-downloader\\src\\image_downloader\\application\\service.py",
    "fix": null,
    "location": {
      "column": 80,
      "row": 759
    },
    "message": "Line too long (86 > 79)",
    "name": "line-too-long",
    "noqa_row": 759,
    "severity": "error",
    "url": "https://docs.astral.sh/ruff/rules/line-too-long"
  },
  {
    "cell": null,
    "code": "E501",
    "end_location": {
      "column": 91,
      "row": 761
    },
    "filename": "C:\\Users\\pc01\\source\\repos\\image-downloader\\src\\image_downloader\\application\\service.py",
    "fix": null,
    "location": {
      "column": 80,
      "row": 761
    },
    "message": "Line too long (90 > 79)",
    "name": "line-too-long",
    "noqa_row": 761,
    "severity": "error",
    "url": "https://docs.astral.sh/ruff/rules/line-too-long"
  },
  {
    "cell": null,
    "code": "E501",
    "end_location": {
      "column": 87,
      "row": 792
    },
    "filename": "C:\\Users\\pc01\\source\\repos\\image-downloader\\src\\image_downloader\\application\\service.py",
    "fix": null,
    "location": {
      "column": 80,
      "row": 792
    },
    "message": "Line too long (86 > 79)",
    "name": "line-too-long",
    "noqa_row": 792,
    "severity": "error",
    "url": "https://docs.astral.sh/ruff/rules/line-too-long"
  },
  {
    "cell": null,
    "code": "E501",
    "end_location": {
      "column": 90,
      "row": 799
    },
    "filename": "C:\\Users\\pc01\\source\\repos\\image-downloader\\src\\image_downloader\\application\\service.py",
    "fix": null,
    "location": {
      "column": 80,
      "row": 799
    },
    "message": "Line too long (89 > 79)",
    "name": "line-too-long",
    "noqa_row": 799,
    "severity": "error",
    "url": "https://docs.astral.sh/ruff/rules/line-too-long"
  },
  {
    "cell": null,
    "code": "E501",
    "end_location": {
      "column": 107,
      "row": 809
    },
    "filename": "C:\\Users\\pc01\\source\\repos\\image-downloader\\src\\image_downloader\\application\\service.py",
    "fix": null,
    "location": {
      "column": 80,
      "row": 809
    },
    "message": "Line too long (106 > 79)",
    "name": "line-too-long",
    "noqa_row": 809,
    "severity": "error",
    "url": "https://docs.astral.sh/ruff/rules/line-too-long"
  },
  {
    "cell": null,
    "code": "E501",
    "end_location": {
      "column": 94,
      "row": 814
    },
    "filename": "C:\\Users\\pc01\\source\\repos\\image-downloader\\src\\image_downloader\\application\\service.py",
    "fix": null,
    "location": {
      "column": 80,
      "row": 814
    },
    "message": "Line too long (93 > 79)",
    "name": "line-too-long",
    "noqa_row": 814,
    "severity": "error",
    "url": "https://docs.astral.sh/ruff/rules/line-too-long"
  },
  {
    "cell": null,
    "code": "E501",
    "end_location": {
      "column": 117,
      "row": 841
    },
    "filename": "C:\\Users\\pc01\\source\\repos\\image-downloader\\src\\image_downloader\\application\\service.py",
    "fix": null,
    "location": {
      "column": 80,
      "row": 841
    },
    "message": "Line too long (116 > 79)",
    "name": "line-too-long",
    "noqa_row": 841,
    "severity": "error",
    "url": "https://docs.astral.sh/ruff/rules/line-too-long"
  },
  {
    "cell": null,
    "code": "E501",
    "end_location": {
      "column": 110,
      "row": 842
    },
    "filename": "C:\\Users\\pc01\\source\\repos\\image-downloader\\src\\image_downloader\\application\\service.py",
    "fix": null,
    "location": {
      "column": 80,
      "row": 842
    },
    "message": "Line too long (109 > 79)",
    "name": "line-too-long",
    "noqa_row": 842,
    "severity": "error",
    "url": "https://docs.astral.sh/ruff/rules/line-too-long"
  },
  {
    "cell": null,
    "code": "E501",
    "end_location": {
      "column": 108,
      "row": 863
    },
    "filename": "C:\\Users\\pc01\\source\\repos\\image-downloader\\src\\image_downloader\\application\\service.py",
    "fix": null,
    "location": {
      "column": 80,
      "row": 863
    },
    "message": "Line too long (107 > 79)",
    "name": "line-too-long",
    "noqa_row": 863,
    "severity": "error",
    "url": "https://docs.astral.sh/ruff/rules/line-too-long"
  },
  {
    "cell": null,
    "code": "E501",
    "end_location": {
      "column": 121,
      "row": 864
    },
    "filename": "C:\\Users\\pc01\\source\\repos\\image-downloader\\src\\image_downloader\\application\\service.py",
    "fix": null,
    "location": {
      "column": 80,
      "row": 864
    },
    "message": "Line too long (120 > 79)",
    "name": "line-too-long",
    "noqa_row": 864,
    "severity": "error",
    "url": "https://docs.astral.sh/ruff/rules/line-too-long"
  },
  {
    "cell": null,
    "code": "E501",
    "end_location": {
      "column": 91,
      "row": 882
    },
    "filename": "C:\\Users\\pc01\\source\\repos\\image-downloader\\src\\image_downloader\\application\\service.py",
    "fix": null,
    "location": {
      "column": 80,
      "row": 882
    },
    "message": "Line too long (90 > 79)",
    "name": "line-too-long",
    "noqa_row": 882,
    "severity": "error",
    "url": "https://docs.astral.sh/ruff/rules/line-too-long"
  },
  {
    "cell": null,
    "code": "E501",
    "end_location": {
      "column": 92,
      "row": 884
    },
    "filename": "C:\\Users\\pc01\\source\\repos\\image-downloader\\src\\image_downloader\\application\\service.py",
    "fix": null,
    "location": {
      "column": 80,
      "row": 884
    },
    "message": "Line too long (91 > 79)",
    "name": "line-too-long",
    "noqa_row": 884,
    "severity": "error",
    "url": "https://docs.astral.sh/ruff/rules/line-too-long"
  },
  {
    "cell": null,
    "code": "E501",
    "end_location": {
      "column": 88,
      "row": 887
    },
    "filename": "C:\\Users\\pc01\\source\\repos\\image-downloader\\src\\image_downloader\\application\\service.py",
    "fix": null,
    "location": {
      "column": 80,
      "row": 887
    },
    "message": "Line too long (87 > 79)",
    "name": "line-too-long",
    "noqa_row": 887,
    "severity": "error",
    "url": "https://docs.astral.sh/ruff/rules/line-too-long"
  },
  {
    "cell": null,
    "code": "E501",
    "end_location": {
      "column": 82,
      "row": 890
    },
    "filename": "C:\\Users\\pc01\\source\\repos\\image-downloader\\src\\image_downloader\\application\\service.py",
    "fix": null,
    "location": {
      "column": 80,
      "row": 890
    },
    "message": "Line too long (81 > 79)",
    "name": "line-too-long",
    "noqa_row": 890,
    "severity": "error",
    "url": "https://docs.astral.sh/ruff/rules/line-too-long"
  },
  {
    "cell": null,
    "code": "E501",
    "end_location": {
      "column": 82,
      "row": 893
    },
    "filename": "C:\\Users\\pc01\\source\\repos\\image-downloader\\src\\image_downloader\\application\\service.py",
    "fix": null,
    "location": {
      "column": 80,
      "row": 893
    },
    "message": "Line too long (81 > 79)",
    "name": "line-too-long",
    "noqa_row": 893,
    "severity": "error",
    "url": "https://docs.astral.sh/ruff/rules/line-too-long"
  },
  {
    "cell": null,
    "code": "E501",
    "end_location": {
      "column": 85,
      "row": 941
    },
    "filename": "C:\\Users\\pc01\\source\\repos\\image-downloader\\src\\image_downloader\\application\\service.py",
    "fix": null,
    "location": {
      "column": 80,
      "row": 941
    },
    "message": "Line too long (84 > 79)",
    "name": "line-too-long",
    "noqa_row": 941,
    "severity": "error",
    "url": "https://docs.astral.sh/ruff/rules/line-too-long"
  },
  {
    "cell": null,
    "code": "E501",
    "end_location": {
      "column": 81,
      "row": 944
    },
    "filename": "C:\\Users\\pc01\\source\\repos\\image-downloader\\src\\image_downloader\\application\\service.py",
    "fix": null,
    "location": {
      "column": 80,
      "row": 944
    },
    "message": "Line too long (80 > 79)",
    "name": "line-too-long",
    "noqa_row": 944,
    "severity": "error",
    "url": "https://docs.astral.sh/ruff/rules/line-too-long"
  },
  {
    "cell": null,
    "code": "E501",
    "end_location": {
      "column": 85,
      "row": 954
    },
    "filename": "C:\\Users\\pc01\\source\\repos\\image-downloader\\src\\image_downloader\\application\\service.py",
    "fix": null,
    "location": {
      "column": 80,
      "row": 954
    },
    "message": "Line too long (84 > 79)",
    "name": "line-too-long",
    "noqa_row": 954,
    "severity": "error",
    "url": "https://docs.astral.sh/ruff/rules/line-too-long"
  },
  {
    "cell": null,
    "code": "E501",
    "end_location": {
      "column": 85,
      "row": 959
    },
    "filename": "C:\\Users\\pc01\\source\\repos\\image-downloader\\src\\image_downloader\\application\\service.py",
    "fix": null,
    "location": {
      "column": 80,
      "row": 959
    },
    "message": "Line too long (84 > 79)",
    "name": "line-too-long",
    "noqa_row": 959,
    "severity": "error",
    "url": "https://docs.astral.sh/ruff/rules/line-too-long"
  },
  {
    "cell": null,
    "code": "E501",
    "end_location": {
      "column": 88,
      "row": 985
    },
    "filename": "C:\\Users\\pc01\\source\\repos\\image-downloader\\src\\image_downloader\\application\\service.py",
    "fix": null,
    "location": {
      "column": 80,
      "row": 985
    },
    "message": "Line too long (87 > 79)",
    "name": "line-too-long",
    "noqa_row": 985,
    "severity": "error",
    "url": "https://docs.astral.sh/ruff/rules/line-too-long"
  },
  {
    "cell": null,
    "code": "E501",
    "end_location": {
      "column": 84,
      "row": 986
    },
    "filename": "C:\\Users\\pc01\\source\\repos\\image-downloader\\src\\image_downloader\\application\\service.py",
    "fix": null,
    "location": {
      "column": 80,
      "row": 986
    },
    "message": "Line too long (83 > 79)",
    "name": "line-too-long",
    "noqa_row": 986,
    "severity": "error",
    "url": "https://docs.astral.sh/ruff/rules/line-too-long"
  },
  {
    "cell": null,
    "code": "E501",
    "end_location": {
      "column": 113,
      "row": 988
    },
    "filename": "C:\\Users\\pc01\\source\\repos\\image-downloader\\src\\image_downloader\\application\\service.py",
    "fix": null,
    "location": {
      "column": 80,
      "row": 988
    },
    "message": "Line too long (112 > 79)",
    "name": "line-too-long",
    "noqa_row": 988,
    "severity": "error",
    "url": "https://docs.astral.sh/ruff/rules/line-too-long"
  },
  {
    "cell": null,
    "code": "E501",
    "end_location": {
      "column": 114,
      "row": 994
    },
    "filename": "C:\\Users\\pc01\\source\\repos\\image-downloader\\src\\image_downloader\\application\\service.py",
    "fix": null,
    "location": {
      "column": 80,
      "row": 994
    },
    "message": "Line too long (113 > 79)",
    "name": "line-too-long",
    "noqa_row": 994,
    "severity": "error",
    "url": "https://docs.astral.sh/ruff/rules/line-too-long"
  },
  {
    "cell": null,
    "code": "E501",
    "end_location": {
      "column": 84,
      "row": 996
    },
    "filename": "C:\\Users\\pc01\\source\\repos\\image-downloader\\src\\image_downloader\\application\\service.py",
    "fix": null,
    "location": {
      "column": 80,
      "row": 996
    },
    "message": "Line too long (83 > 79)",
    "name": "line-too-long",
    "noqa_row": 996,
    "severity": "error",
    "url": "https://docs.astral.sh/ruff/rules/line-too-long"
  },
  {
    "cell": null,
    "code": "E501",
    "end_location": {
      "column": 85,
      "row": 997
    },
    "filename": "C:\\Users\\pc01\\source\\repos\\image-downloader\\src\\image_downloader\\application\\service.py",
    "fix": null,
    "location": {
      "column": 80,
      "row": 997
    },
    "message": "Line too long (84 > 79)",
    "name": "line-too-long",
    "noqa_row": 997,
    "severity": "error",
    "url": "https://docs.astral.sh/ruff/rules/line-too-long"
  },
  {
    "cell": null,
    "code": "E501",
    "end_location": {
      "column": 93,
      "row": 1000
    },
    "filename": "C:\\Users\\pc01\\source\\repos\\image-downloader\\src\\image_downloader\\application\\service.py",
    "fix": null,
    "location": {
      "column": 80,
      "row": 1000
    },
    "message": "Line too long (92 > 79)",
    "name": "line-too-long",
    "noqa_row": 1000,
    "severity": "error",
    "url": "https://docs.astral.sh/ruff/rules/line-too-long"
  },
  {
    "cell": null,
    "code": "E501",
    "end_location": {
      "column": 85,
      "row": 1010
    },
    "filename": "C:\\Users\\pc01\\source\\repos\\image-downloader\\src\\image_downloader\\application\\service.py",
    "fix": null,
    "location": {
      "column": 80,
      "row": 1010
    },
    "message": "Line too long (84 > 79)",
    "name": "line-too-long",
    "noqa_row": 1010,
    "severity": "error",
    "url": "https://docs.astral.sh/ruff/rules/line-too-long"
  },
  {
    "cell": null,
    "code": "E501",
    "end_location": {
      "column": 105,
      "row": 1011
    },
    "filename": "C:\\Users\\pc01\\source\\repos\\image-downloader\\src\\image_downloader\\application\\service.py",
    "fix": null,
    "location": {
      "column": 80,
      "row": 1011
    },
    "message": "Line too long (104 > 79)",
    "name": "line-too-long",
    "noqa_row": 1011,
    "severity": "error",
    "url": "https://docs.astral.sh/ruff/rules/line-too-long"
  },
  {
    "cell": null,
    "code": "E501",
    "end_location": {
      "column": 106,
      "row": 1012
    },
    "filename": "C:\\Users\\pc01\\source\\repos\\image-downloader\\src\\image_downloader\\application\\service.py",
    "fix": null,
    "location": {
      "column": 80,
      "row": 1012
    },
    "message": "Line too long (105 > 79)",
    "name": "line-too-long",
    "noqa_row": 1012,
    "severity": "error",
    "url": "https://docs.astral.sh/ruff/rules/line-too-long"
  },
  {
    "cell": null,
    "code": "E501",
    "end_location": {
      "column": 83,
      "row": 1017
    },
    "filename": "C:\\Users\\pc01\\source\\repos\\image-downloader\\src\\image_downloader\\application\\service.py",
    "fix": null,
    "location": {
      "column": 80,
      "row": 1017
    },
    "message": "Line too long (82 > 79)",
    "name": "line-too-long",
    "noqa_row": 1017,
    "severity": "error",
    "url": "https://docs.astral.sh/ruff/rules/line-too-long"
  },
  {
    "cell": null,
    "code": "E501",
    "end_location": {
      "column": 101,
      "row": 1044
    },
    "filename": "C:\\Users\\pc01\\source\\repos\\image-downloader\\src\\image_downloader\\application\\service.py",
    "fix": null,
    "location": {
      "column": 80,
      "row": 1044
    },
    "message": "Line too long (100 > 79)",
    "name": "line-too-long",
    "noqa_row": 1044,
    "severity": "error",
    "url": "https://docs.astral.sh/ruff/rules/line-too-long"
  },
  {
    "cell": null,
    "code": "E501",
    "end_location": {
      "column": 97,
      "row": 1046
    },
    "filename": "C:\\Users\\pc01\\source\\repos\\image-downloader\\src\\image_downloader\\application\\service.py",
    "fix": null,
    "location": {
      "column": 80,
      "row": 1046
    },
    "message": "Line too long (96 > 79)",
    "name": "line-too-long",
    "noqa_row": 1046,
    "severity": "error",
    "url": "https://docs.astral.sh/ruff/rules/line-too-long"
  },
  {
    "cell": null,
    "code": "E501",
    "end_location": {
      "column": 87,
      "row": 1053
    },
    "filename": "C:\\Users\\pc01\\source\\repos\\image-downloader\\src\\image_downloader\\application\\service.py",
    "fix": null,
    "location": {
      "column": 80,
      "row": 1053
    },
    "message": "Line too long (86 > 79)",
    "name": "line-too-long",
    "noqa_row": 1053,
    "severity": "error",
    "url": "https://docs.astral.sh/ruff/rules/line-too-long"
  },
  {
    "cell": null,
    "code": "E501",
    "end_location": {
      "column": 90,
      "row": 1078
    },
    "filename": "C:\\Users\\pc01\\source\\repos\\image-downloader\\src\\image_downloader\\application\\service.py",
    "fix": null,
    "location": {
      "column": 80,
      "row": 1078
    },
    "message": "Line too long (89 > 79)",
    "name": "line-too-long",
    "noqa_row": 1078,
    "severity": "error",
    "url": "https://docs.astral.sh/ruff/rules/line-too-long"
  },
  {
    "cell": null,
    "code": "E501",
    "end_location": {
      "column": 93,
      "row": 1082
    },
    "filename": "C:\\Users\\pc01\\source\\repos\\image-downloader\\src\\image_downloader\\application\\service.py",
    "fix": null,
    "location": {
      "column": 80,
      "row": 1082
    },
    "message": "Line too long (92 > 79)",
    "name": "line-too-long",
    "noqa_row": 1082,
    "severity": "error",
    "url": "https://docs.astral.sh/ruff/rules/line-too-long"
  },
  {
    "cell": null,
    "code": "E501",
    "end_location": {
      "column": 87,
      "row": 1086
    },
    "filename": "C:\\Users\\pc01\\source\\repos\\image-downloader\\src\\image_downloader\\application\\service.py",
    "fix": null,
    "location": {
      "column": 80,
      "row": 1086
    },
    "message": "Line too long (86 > 79)",
    "name": "line-too-long",
    "noqa_row": 1086,
    "severity": "error",
    "url": "https://docs.astral.sh/ruff/rules/line-too-long"
  },
  {
    "cell": null,
    "code": "E501",
    "end_location": {
      "column": 117,
      "row": 1087
    },
    "filename": "C:\\Users\\pc01\\source\\repos\\image-downloader\\src\\image_downloader\\application\\service.py",
    "fix": null,
    "location": {
      "column": 80,
      "row": 1087
    },
    "message": "Line too long (116 > 79)",
    "name": "line-too-long",
    "noqa_row": 1087,
    "severity": "error",
    "url": "https://docs.astral.sh/ruff/rules/line-too-long"
  },
  {
    "cell": null,
    "code": "E501",
    "end_location": {
      "column": 82,
      "row": 1134
    },
    "filename": "C:\\Users\\pc01\\source\\repos\\image-downloader\\src\\image_downloader\\application\\service.py",
    "fix": null,
    "location": {
      "column": 80,
      "row": 1134
    },
    "message": "Line too long (81 > 79)",
    "name": "line-too-long",
    "noqa_row": 1134,
    "severity": "error",
    "url": "https://docs.astral.sh/ruff/rules/line-too-long"
  },
  {
    "cell": null,
    "code": "E501",
    "end_location": {
      "column": 108,
      "row": 1145
    },
    "filename": "C:\\Users\\pc01\\source\\repos\\image-downloader\\src\\image_downloader\\application\\service.py",
    "fix": null,
    "location": {
      "column": 80,
      "row": 1145
    },
    "message": "Line too long (107 > 79)",
    "name": "line-too-long",
    "noqa_row": 1145,
    "severity": "error",
    "url": "https://docs.astral.sh/ruff/rules/line-too-long"
  },
  {
    "cell": null,
    "code": "E501",
    "end_location": {
      "column": 113,
      "row": 1176
    },
    "filename": "C:\\Users\\pc01\\source\\repos\\image-downloader\\src\\image_downloader\\application\\service.py",
    "fix": null,
    "location": {
      "column": 80,
      "row": 1176
    },
    "message": "Line too long (112 > 79)",
    "name": "line-too-long",
    "noqa_row": 1176,
    "severity": "error",
    "url": "https://docs.astral.sh/ruff/rules/line-too-long"
  },
  {
    "cell": null,
    "code": "E501",
    "end_location": {
      "column": 87,
      "row": 1191
    },
    "filename": "C:\\Users\\pc01\\source\\repos\\image-downloader\\src\\image_downloader\\application\\service.py",
    "fix": null,
    "location": {
      "column": 80,
      "row": 1191
    },
    "message": "Line too long (86 > 79)",
    "name": "line-too-long",
    "noqa_row": 1191,
    "severity": "error",
    "url": "https://docs.astral.sh/ruff/rules/line-too-long"
  },
  {
    "cell": null,
    "code": "E501",
    "end_location": {
      "column": 108,
      "row": 1199
    },
    "filename": "C:\\Users\\pc01\\source\\repos\\image-downloader\\src\\image_downloader\\application\\service.py",
    "fix": null,
    "location": {
      "column": 80,
      "row": 1199
    },
    "message": "Line too long (107 > 79)",
    "name": "line-too-long",
    "noqa_row": 1199,
    "severity": "error",
    "url": "https://docs.astral.sh/ruff/rules/line-too-long"
  },
  {
    "cell": null,
    "code": "E501",
    "end_location": {
      "column": 96,
      "row": 1204
    },
    "filename": "C:\\Users\\pc01\\source\\repos\\image-downloader\\src\\image_downloader\\application\\service.py",
    "fix": null,
    "location": {
      "column": 80,
      "row": 1204
    },
    "message": "Line too long (95 > 79)",
    "name": "line-too-long",
    "noqa_row": 1204,
    "severity": "error",
    "url": "https://docs.astral.sh/ruff/rules/line-too-long"
  },
  {
    "cell": null,
    "code": "E501",
    "end_location": {
      "column": 106,
      "row": 1217
    },
    "filename": "C:\\Users\\pc01\\source\\repos\\image-downloader\\src\\image_downloader\\application\\service.py",
    "fix": null,
    "location": {
      "column": 80,
      "row": 1217
    },
    "message": "Line too long (105 > 79)",
    "name": "line-too-long",
    "noqa_row": 1217,
    "severity": "error",
    "url": "https://docs.astral.sh/ruff/rules/line-too-long"
  },
  {
    "cell": null,
    "code": "E501",
    "end_location": {
      "column": 97,
      "row": 1232
    },
    "filename": "C:\\Users\\pc01\\source\\repos\\image-downloader\\src\\image_downloader\\application\\service.py",
    "fix": null,
    "location": {
      "column": 80,
      "row": 1232
    },
    "message": "Line too long (96 > 79)",
    "name": "line-too-long",
    "noqa_row": 1232,
    "severity": "error",
    "url": "https://docs.astral.sh/ruff/rules/line-too-long"
  },
  {
    "cell": null,
    "code": "E501",
    "end_location": {
      "column": 96,
      "row": 1233
    },
    "filename": "C:\\Users\\pc01\\source\\repos\\image-downloader\\src\\image_downloader\\application\\service.py",
    "fix": null,
    "location": {
      "column": 80,
      "row": 1233
    },
    "message": "Line too long (95 > 79)",
    "name": "line-too-long",
    "noqa_row": 1233,
    "severity": "error",
    "url": "https://docs.astral.sh/ruff/rules/line-too-long"
  },
  {
    "cell": null,
    "code": "E501",
    "end_location": {
      "column": 103,
      "row": 1240
    },
    "filename": "C:\\Users\\pc01\\source\\repos\\image-downloader\\src\\image_downloader\\application\\service.py",
    "fix": null,
    "location": {
      "column": 80,
      "row": 1240
    },
    "message": "Line too long (102 > 79)",
    "name": "line-too-long",
    "noqa_row": 1240,
    "severity": "error",
    "url": "https://docs.astral.sh/ruff/rules/line-too-long"
  },
  {
    "cell": null,
    "code": "E501",
    "end_location": {
      "column": 105,
      "row": 1243
    },
    "filename": "C:\\Users\\pc01\\source\\repos\\image-downloader\\src\\image_downloader\\application\\service.py",
    "fix": null,
    "location": {
      "column": 80,
      "row": 1243
    },
    "message": "Line too long (104 > 79)",
    "name": "line-too-long",
    "noqa_row": 1243,
    "severity": "error",
    "url": "https://docs.astral.sh/ruff/rules/line-too-long"
  },
  {
    "cell": null,
    "code": "E501",
    "end_location": {
      "column": 105,
      "row": 1252
    },
    "filename": "C:\\Users\\pc01\\source\\repos\\image-downloader\\src\\image_downloader\\application\\service.py",
    "fix": null,
    "location": {
      "column": 80,
      "row": 1252
    },
    "message": "Line too long (104 > 79)",
    "name": "line-too-long",
    "noqa_row": 1252,
    "severity": "error",
    "url": "https://docs.astral.sh/ruff/rules/line-too-long"
  },
  {
    "cell": null,
    "code": "E501",
    "end_location": {
      "column": 86,
      "row": 1256
    },
    "filename": "C:\\Users\\pc01\\source\\repos\\image-downloader\\src\\image_downloader\\application\\service.py",
    "fix": null,
    "location": {
      "column": 80,
      "row": 1256
    },
    "message": "Line too long (85 > 79)",
    "name": "line-too-long",
    "noqa_row": 1256,
    "severity": "error",
    "url": "https://docs.astral.sh/ruff/rules/line-too-long"
  },
  {
    "cell": null,
    "code": "E501",
    "end_location": {
      "column": 114,
      "row": 1258
    },
    "filename": "C:\\Users\\pc01\\source\\repos\\image-downloader\\src\\image_downloader\\application\\service.py",
    "fix": null,
    "location": {
      "column": 80,
      "row": 1258
    },
    "message": "Line too long (113 > 79)",
    "name": "line-too-long",
    "noqa_row": 1258,
    "severity": "error",
    "url": "https://docs.astral.sh/ruff/rules/line-too-long"
  },
  {
    "cell": null,
    "code": "E501",
    "end_location": {
      "column": 95,
      "row": 1259
    },
    "filename": "C:\\Users\\pc01\\source\\repos\\image-downloader\\src\\image_downloader\\application\\service.py",
    "fix": null,
    "location": {
      "column": 80,
      "row": 1259
    },
    "message": "Line too long (94 > 79)",
    "name": "line-too-long",
    "noqa_row": 1259,
    "severity": "error",
    "url": "https://docs.astral.sh/ruff/rules/line-too-long"
  },
  {
    "cell": null,
    "code": "E501",
    "end_location": {
      "column": 93,
      "row": 1260
    },
    "filename": "C:\\Users\\pc01\\source\\repos\\image-downloader\\src\\image_downloader\\application\\service.py",
    "fix": null,
    "location": {
      "column": 80,
      "row": 1260
    },
    "message": "Line too long (92 > 79)",
    "name": "line-too-long",
    "noqa_row": 1260,
    "severity": "error",
    "url": "https://docs.astral.sh/ruff/rules/line-too-long"
  },
  {
    "cell": null,
    "code": "E501",
    "end_location": {
      "column": 83,
      "row": 1275
    },
    "filename": "C:\\Users\\pc01\\source\\repos\\image-downloader\\src\\image_downloader\\application\\service.py",
    "fix": null,
    "location": {
      "column": 80,
      "row": 1275
    },
    "message": "Line too long (82 > 79)",
    "name": "line-too-long",
    "noqa_row": 1275,
    "severity": "error",
    "url": "https://docs.astral.sh/ruff/rules/line-too-long"
  },
  {
    "cell": null,
    "code": "E501",
    "end_location": {
      "column": 121,
      "row": 1278
    },
    "filename": "C:\\Users\\pc01\\source\\repos\\image-downloader\\src\\image_downloader\\application\\service.py",
    "fix": null,
    "location": {
      "column": 80,
      "row": 1278
    },
    "message": "Line too long (120 > 79)",
    "name": "line-too-long",
    "noqa_row": 1278,
    "severity": "error",
    "url": "https://docs.astral.sh/ruff/rules/line-too-long"
  },
  {
    "cell": null,
    "code": "E501",
    "end_location": {
      "column": 89,
      "row": 1280
    },
    "filename": "C:\\Users\\pc01\\source\\repos\\image-downloader\\src\\image_downloader\\application\\service.py",
    "fix": null,
    "location": {
      "column": 80,
      "row": 1280
    },
    "message": "Line too long (88 > 79)",
    "name": "line-too-long",
    "noqa_row": 1280,
    "severity": "error",
    "url": "https://docs.astral.sh/ruff/rules/line-too-long"
  },
  {
    "cell": null,
    "code": "E501",
    "end_location": {
      "column": 92,
      "row": 1283
    },
    "filename": "C:\\Users\\pc01\\source\\repos\\image-downloader\\src\\image_downloader\\application\\service.py",
    "fix": null,
    "location": {
      "column": 80,
      "row": 1283
    },
    "message": "Line too long (91 > 79)",
    "name": "line-too-long",
    "noqa_row": 1283,
    "severity": "error",
    "url": "https://docs.astral.sh/ruff/rules/line-too-long"
  },
  {
    "cell": null,
    "code": "E501",
    "end_location": {
      "column": 113,
      "row": 1291
    },
    "filename": "C:\\Users\\pc01\\source\\repos\\image-downloader\\src\\image_downloader\\application\\service.py",
    "fix": null,
    "location": {
      "column": 80,
      "row": 1291
    },
    "message": "Line too long (112 > 79)",
    "name": "line-too-long",
    "noqa_row": 1291,
    "severity": "error",
    "url": "https://docs.astral.sh/ruff/rules/line-too-long"
  },
  {
    "cell": null,
    "code": "E501",
    "end_location": {
      "column": 83,
      "row": 1298
    },
    "filename": "C:\\Users\\pc01\\source\\repos\\image-downloader\\src\\image_downloader\\application\\service.py",
    "fix": null,
    "location": {
      "column": 80,
      "row": 1298
    },
    "message": "Line too long (82 > 79)",
    "name": "line-too-long",
    "noqa_row": 1298,
    "severity": "error",
    "url": "https://docs.astral.sh/ruff/rules/line-too-long"
  },
  {
    "cell": null,
    "code": "E501",
    "end_location": {
      "column": 112,
      "row": 1300
    },
    "filename": "C:\\Users\\pc01\\source\\repos\\image-downloader\\src\\image_downloader\\application\\service.py",
    "fix": null,
    "location": {
      "column": 80,
      "row": 1300
    },
    "message": "Line too long (111 > 79)",
    "name": "line-too-long",
    "noqa_row": 1300,
    "severity": "error",
    "url": "https://docs.astral.sh/ruff/rules/line-too-long"
  },
  {
    "cell": null,
    "code": "E501",
    "end_location": {
      "column": 118,
      "row": 1315
    },
    "filename": "C:\\Users\\pc01\\source\\repos\\image-downloader\\src\\image_downloader\\application\\service.py",
    "fix": null,
    "location": {
      "column": 80,
      "row": 1315
    },
    "message": "Line too long (117 > 79)",
    "name": "line-too-long",
    "noqa_row": 1315,
    "severity": "error",
    "url": "https://docs.astral.sh/ruff/rules/line-too-long"
  },
  {
    "cell": null,
    "code": "E501",
    "end_location": {
      "column": 82,
      "row": 1331
    },
    "filename": "C:\\Users\\pc01\\source\\repos\\image-downloader\\src\\image_downloader\\application\\service.py",
    "fix": null,
    "location": {
      "column": 80,
      "row": 1331
    },
    "message": "Line too long (81 > 79)",
    "name": "line-too-long",
    "noqa_row": 1331,
    "severity": "error",
    "url": "https://docs.astral.sh/ruff/rules/line-too-long"
  },
  {
    "cell": null,
    "code": "E501",
    "end_location": {
      "column": 86,
      "row": 1337
    },
    "filename": "C:\\Users\\pc01\\source\\repos\\image-downloader\\src\\image_downloader\\application\\service.py",
    "fix": null,
    "location": {
      "column": 80,
      "row": 1337
    },
    "message": "Line too long (85 > 79)",
    "name": "line-too-long",
    "noqa_row": 1337,
    "severity": "error",
    "url": "https://docs.astral.sh/ruff/rules/line-too-long"
  },
  {
    "cell": null,
    "code": "E501",
    "end_location": {
      "column": 82,
      "row": 1374
    },
    "filename": "C:\\Users\\pc01\\source\\repos\\image-downloader\\src\\image_downloader\\application\\service.py",
    "fix": null,
    "location": {
      "column": 80,
      "row": 1374
    },
    "message": "Line too long (81 > 79)",
    "name": "line-too-long",
    "noqa_row": 1374,
    "severity": "error",
    "url": "https://docs.astral.sh/ruff/rules/line-too-long"
  },
  {
    "cell": null,
    "code": "E501",
    "end_location": {
      "column": 107,
      "row": 1389
    },
    "filename": "C:\\Users\\pc01\\source\\repos\\image-downloader\\src\\image_downloader\\application\\service.py",
    "fix": null,
    "location": {
      "column": 80,
      "row": 1389
    },
    "message": "Line too long (106 > 79)",
    "name": "line-too-long",
    "noqa_row": 1389,
    "severity": "error",
    "url": "https://docs.astral.sh/ruff/rules/line-too-long"
  },
  {
    "cell": null,
    "code": "E501",
    "end_location": {
      "column": 91,
      "row": 1410
    },
    "filename": "C:\\Users\\pc01\\source\\repos\\image-downloader\\src\\image_downloader\\application\\service.py",
    "fix": null,
    "location": {
      "column": 80,
      "row": 1410
    },
    "message": "Line too long (90 > 79)",
    "name": "line-too-long",
    "noqa_row": 1410,
    "severity": "error",
    "url": "https://docs.astral.sh/ruff/rules/line-too-long"
  },
  {
    "cell": null,
    "code": "E501",
    "end_location": {
      "column": 100,
      "row": 1438
    },
    "filename": "C:\\Users\\pc01\\source\\repos\\image-downloader\\src\\image_downloader\\application\\service.py",
    "fix": null,
    "location": {
      "column": 80,
      "row": 1438
    },
    "message": "Line too long (99 > 79)",
    "name": "line-too-long",
    "noqa_row": 1438,
    "severity": "error",
    "url": "https://docs.astral.sh/ruff/rules/line-too-long"
  },
  {
    "cell": null,
    "code": "E501",
    "end_location": {
      "column": 90,
      "row": 1442
    },
    "filename": "C:\\Users\\pc01\\source\\repos\\image-downloader\\src\\image_downloader\\application\\service.py",
    "fix": null,
    "location": {
      "column": 80,
      "row": 1442
    },
    "message": "Line too long (89 > 79)",
    "name": "line-too-long",
    "noqa_row": 1442,
    "severity": "error",
    "url": "https://docs.astral.sh/ruff/rules/line-too-long"
  },
  {
    "cell": null,
    "code": "E501",
    "end_location": {
      "column": 91,
      "row": 1443
    },
    "filename": "C:\\Users\\pc01\\source\\repos\\image-downloader\\src\\image_downloader\\application\\service.py",
    "fix": null,
    "location": {
      "column": 80,
      "row": 1443
    },
    "message": "Line too long (90 > 79)",
    "name": "line-too-long",
    "noqa_row": 1443,
    "severity": "error",
    "url": "https://docs.astral.sh/ruff/rules/line-too-long"
  },
  {
    "cell": null,
    "code": "E501",
    "end_location": {
      "column": 84,
      "row": 1447
    },
    "filename": "C:\\Users\\pc01\\source\\repos\\image-downloader\\src\\image_downloader\\application\\service.py",
    "fix": null,
    "location": {
      "column": 80,
      "row": 1447
    },
    "message": "Line too long (83 > 79)",
    "name": "line-too-long",
    "noqa_row": 1447,
    "severity": "error",
    "url": "https://docs.astral.sh/ruff/rules/line-too-long"
  },
  {
    "cell": null,
    "code": "E501",
    "end_location": {
      "column": 96,
      "row": 1466
    },
    "filename": "C:\\Users\\pc01\\source\\repos\\image-downloader\\src\\image_downloader\\application\\service.py",
    "fix": null,
    "location": {
      "column": 80,
      "row": 1466
    },
    "message": "Line too long (95 > 79)",
    "name": "line-too-long",
    "noqa_row": 1466,
    "severity": "error",
    "url": "https://docs.astral.sh/ruff/rules/line-too-long"
  },
  {
    "cell": null,
    "code": "E501",
    "end_location": {
      "column": 100,
      "row": 1469
    },
    "filename": "C:\\Users\\pc01\\source\\repos\\image-downloader\\src\\image_downloader\\application\\service.py",
    "fix": null,
    "location": {
      "column": 80,
      "row": 1469
    },
    "message": "Line too long (99 > 79)",
    "name": "line-too-long",
    "noqa_row": 1469,
    "severity": "error",
    "url": "https://docs.astral.sh/ruff/rules/line-too-long"
  },
  {
    "cell": null,
    "code": "E501",
    "end_location": {
      "column": 81,
      "row": 1474
    },
    "filename": "C:\\Users\\pc01\\source\\repos\\image-downloader\\src\\image_downloader\\application\\service.py",
    "fix": null,
    "location": {
      "column": 80,
      "row": 1474
    },
    "message": "Line too long (80 > 79)",
    "name": "line-too-long",
    "noqa_row": 1474,
    "severity": "error",
    "url": "https://docs.astral.sh/ruff/rules/line-too-long"
  },
  {
    "cell": null,
    "code": "E501",
    "end_location": {
      "column": 119,
      "row": 1501
    },
    "filename": "C:\\Users\\pc01\\source\\repos\\image-downloader\\src\\image_downloader\\application\\service.py",
    "fix": null,
    "location": {
      "column": 80,
      "row": 1501
    },
    "message": "Line too long (118 > 79)",
    "name": "line-too-long",
    "noqa_row": 1501,
    "severity": "error",
    "url": "https://docs.astral.sh/ruff/rules/line-too-long"
  },
  {
    "cell": null,
    "code": "E501",
    "end_location": {
      "column": 81,
      "row": 19
    },
    "filename": "C:\\Users\\pc01\\source\\repos\\image-downloader\\src\\image_downloader\\application\\verification_recording.py",
    "fix": null,
    "location": {
      "column": 80,
      "row": 19
    },
    "message": "Line too long (80 > 79)",
    "name": "line-too-long",
    "noqa_row": 19,
    "severity": "error",
    "url": "https://docs.astral.sh/ruff/rules/line-too-long"
  },
  {
    "cell": null,
    "code": "E501",
    "end_location": {
      "column": 100,
      "row": 35
    },
    "filename": "C:\\Users\\pc01\\source\\repos\\image-downloader\\src\\image_downloader\\application\\verification_recording.py",
    "fix": null,
    "location": {
      "column": 80,
      "row": 35
    },
    "message": "Line too long (99 > 79)",
    "name": "line-too-long",
    "noqa_row": 35,
    "severity": "error",
    "url": "https://docs.astral.sh/ruff/rules/line-too-long"
  },
  {
    "cell": null,
    "code": "E501",
    "end_location": {
      "column": 113,
      "row": 51
    },
    "filename": "C:\\Users\\pc01\\source\\repos\\image-downloader\\src\\image_downloader\\application\\verification_recording.py",
    "fix": null,
    "location": {
      "column": 80,
      "row": 51
    },
    "message": "Line too long (112 > 79)",
    "name": "line-too-long",
    "noqa_row": 51,
    "severity": "error",
    "url": "https://docs.astral.sh/ruff/rules/line-too-long"
  },
  {
    "cell": null,
    "code": "E501",
    "end_location": {
      "column": 81,
      "row": 1
    },
    "filename": "C:\\Users\\pc01\\source\\repos\\image-downloader\\src\\image_downloader\\application\\workflow.py",
    "fix": null,
    "location": {
      "column": 80,
      "row": 1
    },
    "message": "Line too long (80 > 79)",
    "name": "line-too-long",
    "noqa_row": 1,
    "severity": "error",
    "url": "https://docs.astral.sh/ruff/rules/line-too-long"
  },
  {
    "cell": null,
    "code": "E501",
    "end_location": {
      "column": 91,
      "row": 38
    },
    "filename": "C:\\Users\\pc01\\source\\repos\\image-downloader\\src\\image_downloader\\application\\workflow.py",
    "fix": null,
    "location": {
      "column": 80,
      "row": 38
    },
    "message": "Line too long (90 > 79)",
    "name": "line-too-long",
    "noqa_row": 38,
    "severity": "error",
    "url": "https://docs.astral.sh/ruff/rules/line-too-long"
  },
  {
    "cell": null,
    "code": "E501",
    "end_location": {
      "column": 82,
      "row": 43
    },
    "filename": "C:\\Users\\pc01\\source\\repos\\image-downloader\\src\\image_downloader\\application\\workflow.py",
    "fix": null,
    "location": {
      "column": 80,
      "row": 43
    },
    "message": "Line too long (81 > 79)",
    "name": "line-too-long",
    "noqa_row": 43,
    "severity": "error",
    "url": "https://docs.astral.sh/ruff/rules/line-too-long"
  },
  {
    "cell": null,
    "code": "E501",
    "end_location": {
      "column": 87,
      "row": 68
    },
    "filename": "C:\\Users\\pc01\\source\\repos\\image-downloader\\src\\image_downloader\\application\\workflow.py",
    "fix": null,
    "location": {
      "column": 80,
      "row": 68
    },
    "message": "Line too long (86 > 79)",
    "name": "line-too-long",
    "noqa_row": 68,
    "severity": "error",
    "url": "https://docs.astral.sh/ruff/rules/line-too-long"
  },
  {
    "cell": null,
    "code": "E501",
    "end_location": {
      "column": 99,
      "row": 69
    },
    "filename": "C:\\Users\\pc01\\source\\repos\\image-downloader\\src\\image_downloader\\application\\workflow.py",
    "fix": null,
    "location": {
      "column": 80,
      "row": 69
    },
    "message": "Line too long (98 > 79)",
    "name": "line-too-long",
    "noqa_row": 69,
    "severity": "error",
    "url": "https://docs.astral.sh/ruff/rules/line-too-long"
  },
  {
    "cell": null,
    "code": "E501",
    "end_location": {
      "column": 104,
      "row": 85
    },
    "filename": "C:\\Users\\pc01\\source\\repos\\image-downloader\\src\\image_downloader\\application\\workflow.py",
    "fix": null,
    "location": {
      "column": 80,
      "row": 85
    },
    "message": "Line too long (103 > 79)",
    "name": "line-too-long",
    "noqa_row": 85,
    "severity": "error",
    "url": "https://docs.astral.sh/ruff/rules/line-too-long"
  },
  {
    "cell": null,
    "code": "E501",
    "end_location": {
      "column": 116,
      "row": 95
    },
    "filename": "C:\\Users\\pc01\\source\\repos\\image-downloader\\src\\image_downloader\\application\\workflow.py",
    "fix": null,
    "location": {
      "column": 80,
      "row": 95
    },
    "message": "Line too long (115 > 79)",
    "name": "line-too-long",
    "noqa_row": 95,
    "severity": "error",
    "url": "https://docs.astral.sh/ruff/rules/line-too-long"
  },
  {
    "cell": null,
    "code": "E501",
    "end_location": {
      "column": 110,
      "row": 108
    },
    "filename": "C:\\Users\\pc01\\source\\repos\\image-downloader\\src\\image_downloader\\application\\workflow.py",
    "fix": null,
    "location": {
      "column": 80,
      "row": 108
    },
    "message": "Line too long (109 > 79)",
    "name": "line-too-long",
    "noqa_row": 108,
    "severity": "error",
    "url": "https://docs.astral.sh/ruff/rules/line-too-long"
  },
  {
    "cell": null,
    "code": "E501",
    "end_location": {
      "column": 87,
      "row": 127
    },
    "filename": "C:\\Users\\pc01\\source\\repos\\image-downloader\\src\\image_downloader\\application\\workflow.py",
    "fix": null,
    "location": {
      "column": 80,
      "row": 127
    },
    "message": "Line too long (86 > 79)",
    "name": "line-too-long",
    "noqa_row": 127,
    "severity": "error",
    "url": "https://docs.astral.sh/ruff/rules/line-too-long"
  },
  {
    "cell": null,
    "code": "E501",
    "end_location": {
      "column": 114,
      "row": 168
    },
    "filename": "C:\\Users\\pc01\\source\\repos\\image-downloader\\src\\image_downloader\\application\\workflow.py",
    "fix": null,
    "location": {
      "column": 80,
      "row": 168
    },
    "message": "Line too long (113 > 79)",
    "name": "line-too-long",
    "noqa_row": 168,
    "severity": "error",
    "url": "https://docs.astral.sh/ruff/rules/line-too-long"
  },
  {
    "cell": null,
    "code": "E501",
    "end_location": {
      "column": 109,
      "row": 171
    },
    "filename": "C:\\Users\\pc01\\source\\repos\\image-downloader\\src\\image_downloader\\application\\workflow.py",
    "fix": null,
    "location": {
      "column": 80,
      "row": 171
    },
    "message": "Line too long (108 > 79)",
    "name": "line-too-long",
    "noqa_row": 171,
    "severity": "error",
    "url": "https://docs.astral.sh/ruff/rules/line-too-long"
  },
  {
    "cell": null,
    "code": "E501",
    "end_location": {
      "column": 116,
      "row": 179
    },
    "filename": "C:\\Users\\pc01\\source\\repos\\image-downloader\\src\\image_downloader\\application\\workflow.py",
    "fix": null,
    "location": {
      "column": 80,
      "row": 179
    },
    "message": "Line too long (115 > 79)",
    "name": "line-too-long",
    "noqa_row": 179,
    "severity": "error",
    "url": "https://docs.astral.sh/ruff/rules/line-too-long"
  },
  {
    "cell": null,
    "code": "E501",
    "end_location": {
      "column": 85,
      "row": 182
    },
    "filename": "C:\\Users\\pc01\\source\\repos\\image-downloader\\src\\image_downloader\\application\\workflow.py",
    "fix": null,
    "location": {
      "column": 80,
      "row": 182
    },
    "message": "Line too long (84 > 79)",
    "name": "line-too-long",
    "noqa_row": 182,
    "severity": "error",
    "url": "https://docs.astral.sh/ruff/rules/line-too-long"
  },
  {
    "cell": null,
    "code": "E501",
    "end_location": {
      "column": 98,
      "row": 184
    },
    "filename": "C:\\Users\\pc01\\source\\repos\\image-downloader\\src\\image_downloader\\application\\workflow.py",
    "fix": null,
    "location": {
      "column": 80,
      "row": 184
    },
    "message": "Line too long (97 > 79)",
    "name": "line-too-long",
    "noqa_row": 184,
    "severity": "error",
    "url": "https://docs.astral.sh/ruff/rules/line-too-long"
  },
  {
    "cell": null,
    "code": "E501",
    "end_location": {
      "column": 103,
      "row": 198
    },
    "filename": "C:\\Users\\pc01\\source\\repos\\image-downloader\\src\\image_downloader\\application\\workflow.py",
    "fix": null,
    "location": {
      "column": 80,
      "row": 198
    },
    "message": "Line too long (102 > 79)",
    "name": "line-too-long",
    "noqa_row": 198,
    "severity": "error",
    "url": "https://docs.astral.sh/ruff/rules/line-too-long"
  },
  {
    "cell": null,
    "code": "E501",
    "end_location": {
      "column": 108,
      "row": 202
    },
    "filename": "C:\\Users\\pc01\\source\\repos\\image-downloader\\src\\image_downloader\\application\\workflow.py",
    "fix": null,
    "location": {
      "column": 80,
      "row": 202
    },
    "message": "Line too long (107 > 79)",
    "name": "line-too-long",
    "noqa_row": 202,
    "severity": "error",
    "url": "https://docs.astral.sh/ruff/rules/line-too-long"
  },
  {
    "cell": null,
    "code": "E501",
    "end_location": {
      "column": 84,
      "row": 205
    },
    "filename": "C:\\Users\\pc01\\source\\repos\\image-downloader\\src\\image_downloader\\application\\workflow.py",
    "fix": null,
    "location": {
      "column": 80,
      "row": 205
    },
    "message": "Line too long (83 > 79)",
    "name": "line-too-long",
    "noqa_row": 205,
    "severity": "error",
    "url": "https://docs.astral.sh/ruff/rules/line-too-long"
  },
  {
    "cell": null,
    "code": "E501",
    "end_location": {
      "column": 116,
      "row": 224
    },
    "filename": "C:\\Users\\pc01\\source\\repos\\image-downloader\\src\\image_downloader\\application\\workflow.py",
    "fix": null,
    "location": {
      "column": 80,
      "row": 224
    },
    "message": "Line too long (115 > 79)",
    "name": "line-too-long",
    "noqa_row": 224,
    "severity": "error",
    "url": "https://docs.astral.sh/ruff/rules/line-too-long"
  },
  {
    "cell": null,
    "code": "E501",
    "end_location": {
      "column": 85,
      "row": 226
    },
    "filename": "C:\\Users\\pc01\\source\\repos\\image-downloader\\src\\image_downloader\\application\\workflow.py",
    "fix": null,
    "location": {
      "column": 80,
      "row": 226
    },
    "message": "Line too long (84 > 79)",
    "name": "line-too-long",
    "noqa_row": 226,
    "severity": "error",
    "url": "https://docs.astral.sh/ruff/rules/line-too-long"
  },
  {
    "cell": null,
    "code": "E501",
    "end_location": {
      "column": 120,
      "row": 232
    },
    "filename": "C:\\Users\\pc01\\source\\repos\\image-downloader\\src\\image_downloader\\application\\workflow.py",
    "fix": null,
    "location": {
      "column": 80,
      "row": 232
    },
    "message": "Line too long (119 > 79)",
    "name": "line-too-long",
    "noqa_row": 232,
    "severity": "error",
    "url": "https://docs.astral.sh/ruff/rules/line-too-long"
  },
  {
    "cell": null,
    "code": "E501",
    "end_location": {
      "column": 102,
      "row": 235
    },
    "filename": "C:\\Users\\pc01\\source\\repos\\image-downloader\\src\\image_downloader\\application\\workflow.py",
    "fix": null,
    "location": {
      "column": 80,
      "row": 235
    },
    "message": "Line too long (101 > 79)",
    "name": "line-too-long",
    "noqa_row": 235,
    "severity": "error",
    "url": "https://docs.astral.sh/ruff/rules/line-too-long"
  },
  {
    "cell": null,
    "code": "E501",
    "end_location": {
      "column": 101,
      "row": 238
    },
    "filename": "C:\\Users\\pc01\\source\\repos\\image-downloader\\src\\image_downloader\\application\\workflow.py",
    "fix": null,
    "location": {
      "column": 80,
      "row": 238
    },
    "message": "Line too long (100 > 79)",
    "name": "line-too-long",
    "noqa_row": 238,
    "severity": "error",
    "url": "https://docs.astral.sh/ruff/rules/line-too-long"
  },
  {
    "cell": null,
    "code": "E501",
    "end_location": {
      "column": 98,
      "row": 248
    },
    "filename": "C:\\Users\\pc01\\source\\repos\\image-downloader\\src\\image_downloader\\application\\workflow.py",
    "fix": null,
    "location": {
      "column": 80,
      "row": 248
    },
    "message": "Line too long (97 > 79)",
    "name": "line-too-long",
    "noqa_row": 248,
    "severity": "error",
    "url": "https://docs.astral.sh/ruff/rules/line-too-long"
  },
  {
    "cell": null,
    "code": "E501",
    "end_location": {
      "column": 117,
      "row": 263
    },
    "filename": "C:\\Users\\pc01\\source\\repos\\image-downloader\\src\\image_downloader\\application\\workflow.py",
    "fix": null,
    "location": {
      "column": 80,
      "row": 263
    },
    "message": "Line too long (116 > 79)",
    "name": "line-too-long",
    "noqa_row": 263,
    "severity": "error",
    "url": "https://docs.astral.sh/ruff/rules/line-too-long"
  },
  {
    "cell": null,
    "code": "E501",
    "end_location": {
      "column": 108,
      "row": 264
    },
    "filename": "C:\\Users\\pc01\\source\\repos\\image-downloader\\src\\image_downloader\\application\\workflow.py",
    "fix": null,
    "location": {
      "column": 80,
      "row": 264
    },
    "message": "Line too long (107 > 79)",
    "name": "line-too-long",
    "noqa_row": 264,
    "severity": "error",
    "url": "https://docs.astral.sh/ruff/rules/line-too-long"
  },
  {
    "cell": null,
    "code": "E501",
    "end_location": {
      "column": 98,
      "row": 267
    },
    "filename": "C:\\Users\\pc01\\source\\repos\\image-downloader\\src\\image_downloader\\application\\workflow.py",
    "fix": null,
    "location": {
      "column": 80,
      "row": 267
    },
    "message": "Line too long (97 > 79)",
    "name": "line-too-long",
    "noqa_row": 267,
    "severity": "error",
    "url": "https://docs.astral.sh/ruff/rules/line-too-long"
  },
  {
    "cell": null,
    "code": "E501",
    "end_location": {
      "column": 95,
      "row": 281
    },
    "filename": "C:\\Users\\pc01\\source\\repos\\image-downloader\\src\\image_downloader\\application\\workflow.py",
    "fix": null,
    "location": {
      "column": 80,
      "row": 281
    },
    "message": "Line too long (94 > 79)",
    "name": "line-too-long",
    "noqa_row": 281,
    "severity": "error",
    "url": "https://docs.astral.sh/ruff/rules/line-too-long"
  },
  {
    "cell": null,
    "code": "E501",
    "end_location": {
      "column": 101,
      "row": 284
    },
    "filename": "C:\\Users\\pc01\\source\\repos\\image-downloader\\src\\image_downloader\\application\\workflow.py",
    "fix": null,
    "location": {
      "column": 80,
      "row": 284
    },
    "message": "Line too long (100 > 79)",
    "name": "line-too-long",
    "noqa_row": 284,
    "severity": "error",
    "url": "https://docs.astral.sh/ruff/rules/line-too-long"
  },
  {
    "cell": null,
    "code": "E501",
    "end_location": {
      "column": 107,
      "row": 295
    },
    "filename": "C:\\Users\\pc01\\source\\repos\\image-downloader\\src\\image_downloader\\application\\workflow.py",
    "fix": null,
    "location": {
      "column": 80,
      "row": 295
    },
    "message": "Line too long (106 > 79)",
    "name": "line-too-long",
    "noqa_row": 295,
    "severity": "error",
    "url": "https://docs.astral.sh/ruff/rules/line-too-long"
  },
  {
    "cell": null,
    "code": "E501",
    "end_location": {
      "column": 88,
      "row": 298
    },
    "filename": "C:\\Users\\pc01\\source\\repos\\image-downloader\\src\\image_downloader\\application\\workflow.py",
    "fix": null,
    "location": {
      "column": 80,
      "row": 298
    },
    "message": "Line too long (87 > 79)",
    "name": "line-too-long",
    "noqa_row": 298,
    "severity": "error",
    "url": "https://docs.astral.sh/ruff/rules/line-too-long"
  },
  {
    "cell": null,
    "code": "E501",
    "end_location": {
      "column": 108,
      "row": 301
    },
    "filename": "C:\\Users\\pc01\\source\\repos\\image-downloader\\src\\image_downloader\\application\\workflow.py",
    "fix": null,
    "location": {
      "column": 80,
      "row": 301
    },
    "message": "Line too long (107 > 79)",
    "name": "line-too-long",
    "noqa_row": 301,
    "severity": "error",
    "url": "https://docs.astral.sh/ruff/rules/line-too-long"
  },
  {
    "cell": null,
    "code": "E501",
    "end_location": {
      "column": 93,
      "row": 303
    },
    "filename": "C:\\Users\\pc01\\source\\repos\\image-downloader\\src\\image_downloader\\application\\workflow.py",
    "fix": null,
    "location": {
      "column": 80,
      "row": 303
    },
    "message": "Line too long (92 > 79)",
    "name": "line-too-long",
    "noqa_row": 303,
    "severity": "error",
    "url": "https://docs.astral.sh/ruff/rules/line-too-long"
  },
  {
    "cell": null,
    "code": "E501",
    "end_location": {
      "column": 90,
      "row": 305
    },
    "filename": "C:\\Users\\pc01\\source\\repos\\image-downloader\\src\\image_downloader\\application\\workflow.py",
    "fix": null,
    "location": {
      "column": 80,
      "row": 305
    },
    "message": "Line too long (89 > 79)",
    "name": "line-too-long",
    "noqa_row": 305,
    "severity": "error",
    "url": "https://docs.astral.sh/ruff/rules/line-too-long"
  },
  {
    "cell": null,
    "code": "E501",
    "end_location": {
      "column": 101,
      "row": 307
    },
    "filename": "C:\\Users\\pc01\\source\\repos\\image-downloader\\src\\image_downloader\\application\\workflow.py",
    "fix": null,
    "location": {
      "column": 80,
      "row": 307
    },
    "message": "Line too long (100 > 79)",
    "name": "line-too-long",
    "noqa_row": 307,
    "severity": "error",
    "url": "https://docs.astral.sh/ruff/rules/line-too-long"
  },
  {
    "cell": null,
    "code": "E501",
    "end_location": {
      "column": 117,
      "row": 310
    },
    "filename": "C:\\Users\\pc01\\source\\repos\\image-downloader\\src\\image_downloader\\application\\workflow.py",
    "fix": null,
    "location": {
      "column": 80,
      "row": 310
    },
    "message": "Line too long (116 > 79)",
    "name": "line-too-long",
    "noqa_row": 310,
    "severity": "error",
    "url": "https://docs.astral.sh/ruff/rules/line-too-long"
  },
  {
    "cell": null,
    "code": "E501",
    "end_location": {
      "column": 83,
      "row": 316
    },
    "filename": "C:\\Users\\pc01\\source\\repos\\image-downloader\\src\\image_downloader\\application\\workflow.py",
    "fix": null,
    "location": {
      "column": 80,
      "row": 316
    },
    "message": "Line too long (82 > 79)",
    "name": "line-too-long",
    "noqa_row": 316,
    "severity": "error",
    "url": "https://docs.astral.sh/ruff/rules/line-too-long"
  },
  {
    "cell": null,
    "code": "E501",
    "end_location": {
      "column": 89,
      "row": 330
    },
    "filename": "C:\\Users\\pc01\\source\\repos\\image-downloader\\src\\image_downloader\\application\\workflow.py",
    "fix": null,
    "location": {
      "column": 80,
      "row": 330
    },
    "message": "Line too long (88 > 79)",
    "name": "line-too-long",
    "noqa_row": 330,
    "severity": "error",
    "url": "https://docs.astral.sh/ruff/rules/line-too-long"
  },
  {
    "cell": null,
    "code": "E501",
    "end_location": {
      "column": 105,
      "row": 334
    },
    "filename": "C:\\Users\\pc01\\source\\repos\\image-downloader\\src\\image_downloader\\application\\workflow.py",
    "fix": null,
    "location": {
      "column": 80,
      "row": 334
    },
    "message": "Line too long (104 > 79)",
    "name": "line-too-long",
    "noqa_row": 334,
    "severity": "error",
    "url": "https://docs.astral.sh/ruff/rules/line-too-long"
  },
  {
    "cell": null,
    "code": "E501",
    "end_location": {
      "column": 104,
      "row": 347
    },
    "filename": "C:\\Users\\pc01\\source\\repos\\image-downloader\\src\\image_downloader\\application\\workflow.py",
    "fix": null,
    "location": {
      "column": 80,
      "row": 347
    },
    "message": "Line too long (103 > 79)",
    "name": "line-too-long",
    "noqa_row": 347,
    "severity": "error",
    "url": "https://docs.astral.sh/ruff/rules/line-too-long"
  },
  {
    "cell": null,
    "code": "E501",
    "end_location": {
      "column": 93,
      "row": 358
    },
    "filename": "C:\\Users\\pc01\\source\\repos\\image-downloader\\src\\image_downloader\\application\\workflow.py",
    "fix": null,
    "location": {
      "column": 80,
      "row": 358
    },
    "message": "Line too long (92 > 79)",
    "name": "line-too-long",
    "noqa_row": 358,
    "severity": "error",
    "url": "https://docs.astral.sh/ruff/rules/line-too-long"
  },
  {
    "cell": null,
    "code": "E501",
    "end_location": {
      "column": 92,
      "row": 359
    },
    "filename": "C:\\Users\\pc01\\source\\repos\\image-downloader\\src\\image_downloader\\application\\workflow.py",
    "fix": null,
    "location": {
      "column": 80,
      "row": 359
    },
    "message": "Line too long (91 > 79)",
    "name": "line-too-long",
    "noqa_row": 359,
    "severity": "error",
    "url": "https://docs.astral.sh/ruff/rules/line-too-long"
  },
  {
    "cell": null,
    "code": "E501",
    "end_location": {
      "column": 85,
      "row": 360
    },
    "filename": "C:\\Users\\pc01\\source\\repos\\image-downloader\\src\\image_downloader\\application\\workflow.py",
    "fix": null,
    "location": {
      "column": 80,
      "row": 360
    },
    "message": "Line too long (84 > 79)",
    "name": "line-too-long",
    "noqa_row": 360,
    "severity": "error",
    "url": "https://docs.astral.sh/ruff/rules/line-too-long"
  },
  {
    "cell": null,
    "code": "E501",
    "end_location": {
      "column": 81,
      "row": 361
    },
    "filename": "C:\\Users\\pc01\\source\\repos\\image-downloader\\src\\image_downloader\\application\\workflow.py",
    "fix": null,
    "location": {
      "column": 80,
      "row": 361
    },
    "message": "Line too long (80 > 79)",
    "name": "line-too-long",
    "noqa_row": 361,
    "severity": "error",
    "url": "https://docs.astral.sh/ruff/rules/line-too-long"
  },
  {
    "cell": null,
    "code": "E501",
    "end_location": {
      "column": 90,
      "row": 365
    },
    "filename": "C:\\Users\\pc01\\source\\repos\\image-downloader\\src\\image_downloader\\application\\workflow.py",
    "fix": null,
    "location": {
      "column": 80,
      "row": 365
    },
    "message": "Line too long (89 > 79)",
    "name": "line-too-long",
    "noqa_row": 365,
    "severity": "error",
    "url": "https://docs.astral.sh/ruff/rules/line-too-long"
  },
  {
    "cell": null,
    "code": "E501",
    "end_location": {
      "column": 114,
      "row": 366
    },
    "filename": "C:\\Users\\pc01\\source\\repos\\image-downloader\\src\\image_downloader\\application\\workflow.py",
    "fix": null,
    "location": {
      "column": 80,
      "row": 366
    },
    "message": "Line too long (113 > 79)",
    "name": "line-too-long",
    "noqa_row": 366,
    "severity": "error",
    "url": "https://docs.astral.sh/ruff/rules/line-too-long"
  },
  {
    "cell": null,
    "code": "E501",
    "end_location": {
      "column": 83,
      "row": 368
    },
    "filename": "C:\\Users\\pc01\\source\\repos\\image-downloader\\src\\image_downloader\\application\\workflow.py",
    "fix": null,
    "location": {
      "column": 80,
      "row": 368
    },
    "message": "Line too long (82 > 79)",
    "name": "line-too-long",
    "noqa_row": 368,
    "severity": "error",
    "url": "https://docs.astral.sh/ruff/rules/line-too-long"
  },
  {
    "cell": null,
    "code": "E501",
    "end_location": {
      "column": 88,
      "row": 430
    },
    "filename": "C:\\Users\\pc01\\source\\repos\\image-downloader\\src\\image_downloader\\application\\workflow.py",
    "fix": null,
    "location": {
      "column": 80,
      "row": 430
    },
    "message": "Line too long (87 > 79)",
    "name": "line-too-long",
    "noqa_row": 430,
    "severity": "error",
    "url": "https://docs.astral.sh/ruff/rules/line-too-long"
  },
  {
    "cell": null,
    "code": "E501",
    "end_location": {
      "column": 114,
      "row": 434
    },
    "filename": "C:\\Users\\pc01\\source\\repos\\image-downloader\\src\\image_downloader\\application\\workflow.py",
    "fix": null,
    "location": {
      "column": 80,
      "row": 434
    },
    "message": "Line too long (113 > 79)",
    "name": "line-too-long",
    "noqa_row": 434,
    "severity": "error",
    "url": "https://docs.astral.sh/ruff/rules/line-too-long"
  },
  {
    "cell": null,
    "code": "E501",
    "end_location": {
      "column": 102,
      "row": 453
    },
    "filename": "C:\\Users\\pc01\\source\\repos\\image-downloader\\src\\image_downloader\\application\\workflow.py",
    "fix": null,
    "location": {
      "column": 80,
      "row": 453
    },
    "message": "Line too long (101 > 79)",
    "name": "line-too-long",
    "noqa_row": 453,
    "severity": "error",
    "url": "https://docs.astral.sh/ruff/rules/line-too-long"
  },
  {
    "cell": null,
    "code": "E501",
    "end_location": {
      "column": 114,
      "row": 462
    },
    "filename": "C:\\Users\\pc01\\source\\repos\\image-downloader\\src\\image_downloader\\application\\workflow.py",
    "fix": null,
    "location": {
      "column": 80,
      "row": 462
    },
    "message": "Line too long (113 > 79)",
    "name": "line-too-long",
    "noqa_row": 462,
    "severity": "error",
    "url": "https://docs.astral.sh/ruff/rules/line-too-long"
  },
  {
    "cell": null,
    "code": "E501",
    "end_location": {
      "column": 92,
      "row": 470
    },
    "filename": "C:\\Users\\pc01\\source\\repos\\image-downloader\\src\\image_downloader\\application\\workflow.py",
    "fix": null,
    "location": {
      "column": 80,
      "row": 470
    },
    "message": "Line too long (91 > 79)",
    "name": "line-too-long",
    "noqa_row": 470,
    "severity": "error",
    "url": "https://docs.astral.sh/ruff/rules/line-too-long"
  },
  {
    "cell": null,
    "code": "E501",
    "end_location": {
      "column": 109,
      "row": 473
    },
    "filename": "C:\\Users\\pc01\\source\\repos\\image-downloader\\src\\image_downloader\\application\\workflow.py",
    "fix": null,
    "location": {
      "column": 80,
      "row": 473
    },
    "message": "Line too long (108 > 79)",
    "name": "line-too-long",
    "noqa_row": 473,
    "severity": "error",
    "url": "https://docs.astral.sh/ruff/rules/line-too-long"
  },
  {
    "cell": null,
    "code": "E501",
    "end_location": {
      "column": 98,
      "row": 481
    },
    "filename": "C:\\Users\\pc01\\source\\repos\\image-downloader\\src\\image_downloader\\application\\workflow.py",
    "fix": null,
    "location": {
      "column": 80,
      "row": 481
    },
    "message": "Line too long (97 > 79)",
    "name": "line-too-long",
    "noqa_row": 481,
    "severity": "error",
    "url": "https://docs.astral.sh/ruff/rules/line-too-long"
  },
  {
    "cell": null,
    "code": "E501",
    "end_location": {
      "column": 111,
      "row": 494
    },
    "filename": "C:\\Users\\pc01\\source\\repos\\image-downloader\\src\\image_downloader\\application\\workflow.py",
    "fix": null,
    "location": {
      "column": 80,
      "row": 494
    },
    "message": "Line too long (110 > 79)",
    "name": "line-too-long",
    "noqa_row": 494,
    "severity": "error",
    "url": "https://docs.astral.sh/ruff/rules/line-too-long"
  },
  {
    "cell": null,
    "code": "E501",
    "end_location": {
      "column": 101,
      "row": 505
    },
    "filename": "C:\\Users\\pc01\\source\\repos\\image-downloader\\src\\image_downloader\\application\\workflow.py",
    "fix": null,
    "location": {
      "column": 80,
      "row": 505
    },
    "message": "Line too long (100 > 79)",
    "name": "line-too-long",
    "noqa_row": 505,
    "severity": "error",
    "url": "https://docs.astral.sh/ruff/rules/line-too-long"
  },
  {
    "cell": null,
    "code": "E501",
    "end_location": {
      "column": 83,
      "row": 1
    },
    "filename": "C:\\Users\\pc01\\source\\repos\\image-downloader\\src\\image_downloader\\application\\workflow_plan.py",
    "fix": null,
    "location": {
      "column": 80,
      "row": 1
    },
    "message": "Line too long (82 > 79)",
    "name": "line-too-long",
    "noqa_row": 1,
    "severity": "error",
    "url": "https://docs.astral.sh/ruff/rules/line-too-long"
  },
  {
    "cell": null,
    "code": "E501",
    "end_location": {
      "column": 91,
      "row": 13
    },
    "filename": "C:\\Users\\pc01\\source\\repos\\image-downloader\\src\\image_downloader\\application\\workflow_plan.py",
    "fix": null,
    "location": {
      "column": 80,
      "row": 13
    },
    "message": "Line too long (90 > 79)",
    "name": "line-too-long",
    "noqa_row": 13,
    "severity": "error",
    "url": "https://docs.astral.sh/ruff/rules/line-too-long"
  },
  {
    "cell": null,
    "code": "E501",
    "end_location": {
      "column": 104,
      "row": 33
    },
    "filename": "C:\\Users\\pc01\\source\\repos\\image-downloader\\src\\image_downloader\\application\\workflow_plan.py",
    "fix": null,
    "location": {
      "column": 80,
      "row": 33
    },
    "message": "Line too long (103 > 79)",
    "name": "line-too-long",
    "noqa_row": 33,
    "severity": "error",
    "url": "https://docs.astral.sh/ruff/rules/line-too-long"
  },
  {
    "cell": null,
    "code": "E501",
    "end_location": {
      "column": 103,
      "row": 44
    },
    "filename": "C:\\Users\\pc01\\source\\repos\\image-downloader\\src\\image_downloader\\application\\workflow_plan.py",
    "fix": null,
    "location": {
      "column": 80,
      "row": 44
    },
    "message": "Line too long (102 > 79)",
    "name": "line-too-long",
    "noqa_row": 44,
    "severity": "error",
    "url": "https://docs.astral.sh/ruff/rules/line-too-long"
  },
  {
    "cell": null,
    "code": "E501",
    "end_location": {
      "column": 89,
      "row": 48
    },
    "filename": "C:\\Users\\pc01\\source\\repos\\image-downloader\\src\\image_downloader\\application\\workflow_plan.py",
    "fix": null,
    "location": {
      "column": 80,
      "row": 48
    },
    "message": "Line too long (88 > 79)",
    "name": "line-too-long",
    "noqa_row": 48,
    "severity": "error",
    "url": "https://docs.astral.sh/ruff/rules/line-too-long"
  },
  {
    "cell": null,
    "code": "E501",
    "end_location": {
      "column": 103,
      "row": 61
    },
    "filename": "C:\\Users\\pc01\\source\\repos\\image-downloader\\src\\image_downloader\\application\\workflow_plan.py",
    "fix": null,
    "location": {
      "column": 80,
      "row": 61
    },
    "message": "Line too long (102 > 79)",
    "name": "line-too-long",
    "noqa_row": 61,
    "severity": "error",
    "url": "https://docs.astral.sh/ruff/rules/line-too-long"
  },
  {
    "cell": null,
    "code": "E501",
    "end_location": {
      "column": 84,
      "row": 63
    },
    "filename": "C:\\Users\\pc01\\source\\repos\\image-downloader\\src\\image_downloader\\application\\workflow_plan.py",
    "fix": null,
    "location": {
      "column": 80,
      "row": 63
    },
    "message": "Line too long (83 > 79)",
    "name": "line-too-long",
    "noqa_row": 63,
    "severity": "error",
    "url": "https://docs.astral.sh/ruff/rules/line-too-long"
  },
  {
    "cell": null,
    "code": "E501",
    "end_location": {
      "column": 84,
      "row": 65
    },
    "filename": "C:\\Users\\pc01\\source\\repos\\image-downloader\\src\\image_downloader\\application\\workflow_plan.py",
    "fix": null,
    "location": {
      "column": 80,
      "row": 65
    },
    "message": "Line too long (83 > 79)",
    "name": "line-too-long",
    "noqa_row": 65,
    "severity": "error",
    "url": "https://docs.astral.sh/ruff/rules/line-too-long"
  },
  {
    "cell": null,
    "code": "E501",
    "end_location": {
      "column": 108,
      "row": 72
    },
    "filename": "C:\\Users\\pc01\\source\\repos\\image-downloader\\src\\image_downloader\\application\\workflow_plan.py",
    "fix": null,
    "location": {
      "column": 80,
      "row": 72
    },
    "message": "Line too long (107 > 79)",
    "name": "line-too-long",
    "noqa_row": 72,
    "severity": "error",
    "url": "https://docs.astral.sh/ruff/rules/line-too-long"
  },
  {
    "cell": null,
    "code": "E501",
    "end_location": {
      "column": 111,
      "row": 88
    },
    "filename": "C:\\Users\\pc01\\source\\repos\\image-downloader\\src\\image_downloader\\application\\workflow_plan.py",
    "fix": null,
    "location": {
      "column": 80,
      "row": 88
    },
    "message": "Line too long (110 > 79)",
    "name": "line-too-long",
    "noqa_row": 88,
    "severity": "error",
    "url": "https://docs.astral.sh/ruff/rules/line-too-long"
  },
  {
    "cell": null,
    "code": "E501",
    "end_location": {
      "column": 107,
      "row": 94
    },
    "filename": "C:\\Users\\pc01\\source\\repos\\image-downloader\\src\\image_downloader\\application\\workflow_plan.py",
    "fix": null,
    "location": {
      "column": 80,
      "row": 94
    },
    "message": "Line too long (106 > 79)",
    "name": "line-too-long",
    "noqa_row": 94,
    "severity": "error",
    "url": "https://docs.astral.sh/ruff/rules/line-too-long"
  },
  {
    "cell": null,
    "code": "E501",
    "end_location": {
      "column": 97,
      "row": 100
    },
    "filename": "C:\\Users\\pc01\\source\\repos\\image-downloader\\src\\image_downloader\\application\\workflow_plan.py",
    "fix": null,
    "location": {
      "column": 80,
      "row": 100
    },
    "message": "Line too long (96 > 79)",
    "name": "line-too-long",
    "noqa_row": 100,
    "severity": "error",
    "url": "https://docs.astral.sh/ruff/rules/line-too-long"
  },
  {
    "cell": null,
    "code": "E501",
    "end_location": {
      "column": 84,
      "row": 21
    },
    "filename": "C:\\Users\\pc01\\source\\repos\\image-downloader\\src\\image_downloader\\application\\workflow_recording.py",
    "fix": null,
    "location": {
      "column": 80,
      "row": 21
    },
    "message": "Line too long (83 > 79)",
    "name": "line-too-long",
    "noqa_row": 21,
    "severity": "error",
    "url": "https://docs.astral.sh/ruff/rules/line-too-long"
  },
  {
    "cell": null,
    "code": "E501",
    "end_location": {
      "column": 118,
      "row": 22
    },
    "filename": "C:\\Users\\pc01\\source\\repos\\image-downloader\\src\\image_downloader\\application\\workflow_recording.py",
    "fix": null,
    "location": {
      "column": 80,
      "row": 22
    },
    "message": "Line too long (117 > 79)",
    "name": "line-too-long",
    "noqa_row": 22,
    "severity": "error",
    "url": "https://docs.astral.sh/ruff/rules/line-too-long"
  },
  {
    "cell": null,
    "code": "E501",
    "end_location": {
      "column": 106,
      "row": 42
    },
    "filename": "C:\\Users\\pc01\\source\\repos\\image-downloader\\src\\image_downloader\\application\\workflow_recording.py",
    "fix": null,
    "location": {
      "column": 80,
      "row": 42
    },
    "message": "Line too long (105 > 79)",
    "name": "line-too-long",
    "noqa_row": 42,
    "severity": "error",
    "url": "https://docs.astral.sh/ruff/rules/line-too-long"
  },
  {
    "cell": null,
    "code": "E501",
    "end_location": {
      "column": 90,
      "row": 61
    },
    "filename": "C:\\Users\\pc01\\source\\repos\\image-downloader\\src\\image_downloader\\application\\workflow_recording.py",
    "fix": null,
    "location": {
      "column": 80,
      "row": 61
    },
    "message": "Line too long (89 > 79)",
    "name": "line-too-long",
    "noqa_row": 61,
    "severity": "error",
    "url": "https://docs.astral.sh/ruff/rules/line-too-long"
  },
  {
    "cell": null,
    "code": "E501",
    "end_location": {
      "column": 99,
      "row": 65
    },
    "filename": "C:\\Users\\pc01\\source\\repos\\image-downloader\\src\\image_downloader\\application\\workflow_recording.py",
    "fix": null,
    "location": {
      "column": 80,
      "row": 65
    },
    "message": "Line too long (98 > 79)",
    "name": "line-too-long",
    "noqa_row": 65,
    "severity": "error",
    "url": "https://docs.astral.sh/ruff/rules/line-too-long"
  },
  {
    "cell": null,
    "code": "E501",
    "end_location": {
      "column": 92,
      "row": 70
    },
    "filename": "C:\\Users\\pc01\\source\\repos\\image-downloader\\src\\image_downloader\\application\\workflow_recording.py",
    "fix": null,
    "location": {
      "column": 80,
      "row": 70
    },
    "message": "Line too long (91 > 79)",
    "name": "line-too-long",
    "noqa_row": 70,
    "severity": "error",
    "url": "https://docs.astral.sh/ruff/rules/line-too-long"
  },
  {
    "cell": null,
    "code": "E501",
    "end_location": {
      "column": 104,
      "row": 79
    },
    "filename": "C:\\Users\\pc01\\source\\repos\\image-downloader\\src\\image_downloader\\application\\workflow_recording.py",
    "fix": null,
    "location": {
      "column": 80,
      "row": 79
    },
    "message": "Line too long (103 > 79)",
    "name": "line-too-long",
    "noqa_row": 79,
    "severity": "error",
    "url": "https://docs.astral.sh/ruff/rules/line-too-long"
  },
  {
    "cell": null,
    "code": "E501",
    "end_location": {
      "column": 107,
      "row": 83
    },
    "filename": "C:\\Users\\pc01\\source\\repos\\image-downloader\\src\\image_downloader\\application\\workflow_recording.py",
    "fix": null,
    "location": {
      "column": 80,
      "row": 83
    },
    "message": "Line too long (106 > 79)",
    "name": "line-too-long",
    "noqa_row": 83,
    "severity": "error",
    "url": "https://docs.astral.sh/ruff/rules/line-too-long"
  },
  {
    "cell": null,
    "code": "E501",
    "end_location": {
      "column": 82,
      "row": 88
    },
    "filename": "C:\\Users\\pc01\\source\\repos\\image-downloader\\src\\image_downloader\\application\\workflow_recording.py",
    "fix": null,
    "location": {
      "column": 80,
      "row": 88
    },
    "message": "Line too long (81 > 79)",
    "name": "line-too-long",
    "noqa_row": 88,
    "severity": "error",
    "url": "https://docs.astral.sh/ruff/rules/line-too-long"
  },
  {
    "cell": null,
    "code": "E501",
    "end_location": {
      "column": 121,
      "row": 91
    },
    "filename": "C:\\Users\\pc01\\source\\repos\\image-downloader\\src\\image_downloader\\application\\workflow_recording.py",
    "fix": null,
    "location": {
      "column": 80,
      "row": 91
    },
    "message": "Line too long (120 > 79)",
    "name": "line-too-long",
    "noqa_row": 91,
    "severity": "error",
    "url": "https://docs.astral.sh/ruff/rules/line-too-long"
  },
  {
    "cell": null,
    "code": "E501",
    "end_location": {
      "column": 106,
      "row": 96
    },
    "filename": "C:\\Users\\pc01\\source\\repos\\image-downloader\\src\\image_downloader\\application\\workflow_recording.py",
    "fix": null,
    "location": {
      "column": 80,
      "row": 96
    },
    "message": "Line too long (105 > 79)",
    "name": "line-too-long",
    "noqa_row": 96,
    "severity": "error",
    "url": "https://docs.astral.sh/ruff/rules/line-too-long"
  },
  {
    "cell": null,
    "code": "E501",
    "end_location": {
      "column": 100,
      "row": 101
    },
    "filename": "C:\\Users\\pc01\\source\\repos\\image-downloader\\src\\image_downloader\\application\\workflow_recording.py",
    "fix": null,
    "location": {
      "column": 80,
      "row": 101
    },
    "message": "Line too long (99 > 79)",
    "name": "line-too-long",
    "noqa_row": 101,
    "severity": "error",
    "url": "https://docs.astral.sh/ruff/rules/line-too-long"
  },
  {
    "cell": null,
    "code": "E501",
    "end_location": {
      "column": 90,
      "row": 105
    },
    "filename": "C:\\Users\\pc01\\source\\repos\\image-downloader\\src\\image_downloader\\application\\workflow_recording.py",
    "fix": null,
    "location": {
      "column": 80,
      "row": 105
    },
    "message": "Line too long (89 > 79)",
    "name": "line-too-long",
    "noqa_row": 105,
    "severity": "error",
    "url": "https://docs.astral.sh/ruff/rules/line-too-long"
  },
  {
    "cell": null,
    "code": "E501",
    "end_location": {
      "column": 92,
      "row": 111
    },
    "filename": "C:\\Users\\pc01\\source\\repos\\image-downloader\\src\\image_downloader\\application\\workflow_recording.py",
    "fix": null,
    "location": {
      "column": 80,
      "row": 111
    },
    "message": "Line too long (91 > 79)",
    "name": "line-too-long",
    "noqa_row": 111,
    "severity": "error",
    "url": "https://docs.astral.sh/ruff/rules/line-too-long"
  },
  {
    "cell": null,
    "code": "E501",
    "end_location": {
      "column": 92,
      "row": 116
    },
    "filename": "C:\\Users\\pc01\\source\\repos\\image-downloader\\src\\image_downloader\\application\\workflow_recording.py",
    "fix": null,
    "location": {
      "column": 80,
      "row": 116
    },
    "message": "Line too long (91 > 79)",
    "name": "line-too-long",
    "noqa_row": 116,
    "severity": "error",
    "url": "https://docs.astral.sh/ruff/rules/line-too-long"
  },
  {
    "cell": null,
    "code": "E501",
    "end_location": {
      "column": 104,
      "row": 125
    },
    "filename": "C:\\Users\\pc01\\source\\repos\\image-downloader\\src\\image_downloader\\application\\workflow_recording.py",
    "fix": null,
    "location": {
      "column": 80,
      "row": 125
    },
    "message": "Line too long (103 > 79)",
    "name": "line-too-long",
    "noqa_row": 125,
    "severity": "error",
    "url": "https://docs.astral.sh/ruff/rules/line-too-long"
  },
  {
    "cell": null,
    "code": "E501",
    "end_location": {
      "column": 107,
      "row": 129
    },
    "filename": "C:\\Users\\pc01\\source\\repos\\image-downloader\\src\\image_downloader\\application\\workflow_recording.py",
    "fix": null,
    "location": {
      "column": 80,
      "row": 129
    },
    "message": "Line too long (106 > 79)",
    "name": "line-too-long",
    "noqa_row": 129,
    "severity": "error",
    "url": "https://docs.astral.sh/ruff/rules/line-too-long"
  },
  {
    "cell": null,
    "code": "E501",
    "end_location": {
      "column": 82,
      "row": 134
    },
    "filename": "C:\\Users\\pc01\\source\\repos\\image-downloader\\src\\image_downloader\\application\\workflow_recording.py",
    "fix": null,
    "location": {
      "column": 80,
      "row": 134
    },
    "message": "Line too long (81 > 79)",
    "name": "line-too-long",
    "noqa_row": 134,
    "severity": "error",
    "url": "https://docs.astral.sh/ruff/rules/line-too-long"
  },
  {
    "cell": null,
    "code": "E501",
    "end_location": {
      "column": 82,
      "row": 137
    },
    "filename": "C:\\Users\\pc01\\source\\repos\\image-downloader\\src\\image_downloader\\application\\workflow_recording.py",
    "fix": null,
    "location": {
      "column": 80,
      "row": 137
    },
    "message": "Line too long (81 > 79)",
    "name": "line-too-long",
    "noqa_row": 137,
    "severity": "error",
    "url": "https://docs.astral.sh/ruff/rules/line-too-long"
  },
  {
    "cell": null,
    "code": "E501",
    "end_location": {
      "column": 83,
      "row": 138
    },
    "filename": "C:\\Users\\pc01\\source\\repos\\image-downloader\\src\\image_downloader\\application\\workflow_recording.py",
    "fix": null,
    "location": {
      "column": 80,
      "row": 138
    },
    "message": "Line too long (82 > 79)",
    "name": "line-too-long",
    "noqa_row": 138,
    "severity": "error",
    "url": "https://docs.astral.sh/ruff/rules/line-too-long"
  },
  {
    "cell": null,
    "code": "E501",
    "end_location": {
      "column": 89,
      "row": 11
    },
    "filename": "C:\\Users\\pc01\\source\\repos\\image-downloader\\src\\image_downloader\\application\\workflow_reporting.py",
    "fix": null,
    "location": {
      "column": 80,
      "row": 11
    },
    "message": "Line too long (88 > 79)",
    "name": "line-too-long",
    "noqa_row": 11,
    "severity": "error",
    "url": "https://docs.astral.sh/ruff/rules/line-too-long"
  },
  {
    "cell": null,
    "code": "E501",
    "end_location": {
      "column": 83,
      "row": 13
    },
    "filename": "C:\\Users\\pc01\\source\\repos\\image-downloader\\src\\image_downloader\\application\\workflow_reporting.py",
    "fix": null,
    "location": {
      "column": 80,
      "row": 13
    },
    "message": "Line too long (82 > 79)",
    "name": "line-too-long",
    "noqa_row": 13,
    "severity": "error",
    "url": "https://docs.astral.sh/ruff/rules/line-too-long"
  },
  {
    "cell": null,
    "code": "E501",
    "end_location": {
      "column": 95,
      "row": 29
    },
    "filename": "C:\\Users\\pc01\\source\\repos\\image-downloader\\src\\image_downloader\\application\\workflow_reporting.py",
    "fix": null,
    "location": {
      "column": 80,
      "row": 29
    },
    "message": "Line too long (94 > 79)",
    "name": "line-too-long",
    "noqa_row": 29,
    "severity": "error",
    "url": "https://docs.astral.sh/ruff/rules/line-too-long"
  },
  {
    "cell": null,
    "code": "E501",
    "end_location": {
      "column": 90,
      "row": 32
    },
    "filename": "C:\\Users\\pc01\\source\\repos\\image-downloader\\src\\image_downloader\\application\\workflow_reporting.py",
    "fix": null,
    "location": {
      "column": 80,
      "row": 32
    },
    "message": "Line too long (89 > 79)",
    "name": "line-too-long",
    "noqa_row": 32,
    "severity": "error",
    "url": "https://docs.astral.sh/ruff/rules/line-too-long"
  },
  {
    "cell": null,
    "code": "E501",
    "end_location": {
      "column": 116,
      "row": 33
    },
    "filename": "C:\\Users\\pc01\\source\\repos\\image-downloader\\src\\image_downloader\\application\\workflow_reporting.py",
    "fix": null,
    "location": {
      "column": 80,
      "row": 33
    },
    "message": "Line too long (115 > 79)",
    "name": "line-too-long",
    "noqa_row": 33,
    "severity": "error",
    "url": "https://docs.astral.sh/ruff/rules/line-too-long"
  },
  {
    "cell": null,
    "code": "E501",
    "end_location": {
      "column": 90,
      "row": 39
    },
    "filename": "C:\\Users\\pc01\\source\\repos\\image-downloader\\src\\image_downloader\\application\\workflow_reporting.py",
    "fix": null,
    "location": {
      "column": 80,
      "row": 39
    },
    "message": "Line too long (89 > 79)",
    "name": "line-too-long",
    "noqa_row": 39,
    "severity": "error",
    "url": "https://docs.astral.sh/ruff/rules/line-too-long"
  },
  {
    "cell": null,
    "code": "E501",
    "end_location": {
      "column": 86,
      "row": 55
    },
    "filename": "C:\\Users\\pc01\\source\\repos\\image-downloader\\src\\image_downloader\\application\\workflow_reporting.py",
    "fix": null,
    "location": {
      "column": 80,
      "row": 55
    },
    "message": "Line too long (85 > 79)",
    "name": "line-too-long",
    "noqa_row": 55,
    "severity": "error",
    "url": "https://docs.astral.sh/ruff/rules/line-too-long"
  },
  {
    "cell": null,
    "code": "E501",
    "end_location": {
      "column": 82,
      "row": 65
    },
    "filename": "C:\\Users\\pc01\\source\\repos\\image-downloader\\src\\image_downloader\\application\\workflow_reporting.py",
    "fix": null,
    "location": {
      "column": 80,
      "row": 65
    },
    "message": "Line too long (81 > 79)",
    "name": "line-too-long",
    "noqa_row": 65,
    "severity": "error",
    "url": "https://docs.astral.sh/ruff/rules/line-too-long"
  },
  {
    "cell": null,
    "code": "E501",
    "end_location": {
      "column": 81,
      "row": 69
    },
    "filename": "C:\\Users\\pc01\\source\\repos\\image-downloader\\src\\image_downloader\\application\\workflow_reporting.py",
    "fix": null,
    "location": {
      "column": 80,
      "row": 69
    },
    "message": "Line too long (80 > 79)",
    "name": "line-too-long",
    "noqa_row": 69,
    "severity": "error",
    "url": "https://docs.astral.sh/ruff/rules/line-too-long"
  },
  {
    "cell": null,
    "code": "E501",
    "end_location": {
      "column": 87,
      "row": 119
    },
    "filename": "C:\\Users\\pc01\\source\\repos\\image-downloader\\src\\image_downloader\\application\\workflow_reporting.py",
    "fix": null,
    "location": {
      "column": 80,
      "row": 119
    },
    "message": "Line too long (86 > 79)",
    "name": "line-too-long",
    "noqa_row": 119,
    "severity": "error",
    "url": "https://docs.astral.sh/ruff/rules/line-too-long"
  },
  {
    "cell": null,
    "code": "E501",
    "end_location": {
      "column": 89,
      "row": 130
    },
    "filename": "C:\\Users\\pc01\\source\\repos\\image-downloader\\src\\image_downloader\\application\\workflow_reporting.py",
    "fix": null,
    "location": {
      "column": 80,
      "row": 130
    },
    "message": "Line too long (88 > 79)",
    "name": "line-too-long",
    "noqa_row": 130,
    "severity": "error",
    "url": "https://docs.astral.sh/ruff/rules/line-too-long"
  },
  {
    "cell": null,
    "code": "E501",
    "end_location": {
      "column": 84,
      "row": 131
    },
    "filename": "C:\\Users\\pc01\\source\\repos\\image-downloader\\src\\image_downloader\\application\\workflow_reporting.py",
    "fix": null,
    "location": {
      "column": 80,
      "row": 131
    },
    "message": "Line too long (83 > 79)",
    "name": "line-too-long",
    "noqa_row": 131,
    "severity": "error",
    "url": "https://docs.astral.sh/ruff/rules/line-too-long"
  },
  {
    "cell": null,
    "code": "E501",
    "end_location": {
      "column": 86,
      "row": 134
    },
    "filename": "C:\\Users\\pc01\\source\\repos\\image-downloader\\src\\image_downloader\\application\\workflow_reporting.py",
    "fix": null,
    "location": {
      "column": 80,
      "row": 134
    },
    "message": "Line too long (85 > 79)",
    "name": "line-too-long",
    "noqa_row": 134,
    "severity": "error",
    "url": "https://docs.astral.sh/ruff/rules/line-too-long"
  },
  {
    "cell": null,
    "code": "E501",
    "end_location": {
      "column": 120,
      "row": 136
    },
    "filename": "C:\\Users\\pc01\\source\\repos\\image-downloader\\src\\image_downloader\\application\\workflow_reporting.py",
    "fix": null,
    "location": {
      "column": 80,
      "row": 136
    },
    "message": "Line too long (119 > 79)",
    "name": "line-too-long",
    "noqa_row": 136,
    "severity": "error",
    "url": "https://docs.astral.sh/ruff/rules/line-too-long"
  },
  {
    "cell": null,
    "code": "E501",
    "end_location": {
      "column": 92,
      "row": 146
    },
    "filename": "C:\\Users\\pc01\\source\\repos\\image-downloader\\src\\image_downloader\\application\\workflow_reporting.py",
    "fix": null,
    "location": {
      "column": 80,
      "row": 146
    },
    "message": "Line too long (91 > 79)",
    "name": "line-too-long",
    "noqa_row": 146,
    "severity": "error",
    "url": "https://docs.astral.sh/ruff/rules/line-too-long"
  },
  {
    "cell": null,
    "code": "E501",
    "end_location": {
      "column": 82,
      "row": 147
    },
    "filename": "C:\\Users\\pc01\\source\\repos\\image-downloader\\src\\image_downloader\\application\\workflow_reporting.py",
    "fix": null,
    "location": {
      "column": 80,
      "row": 147
    },
    "message": "Line too long (81 > 79)",
    "name": "line-too-long",
    "noqa_row": 147,
    "severity": "error",
    "url": "https://docs.astral.sh/ruff/rules/line-too-long"
  },
  {
    "cell": null,
    "code": "E501",
    "end_location": {
      "column": 109,
      "row": 24
    },
    "filename": "C:\\Users\\pc01\\source\\repos\\image-downloader\\src\\image_downloader\\application\\workflow_retry.py",
    "fix": null,
    "location": {
      "column": 80,
      "row": 24
    },
    "message": "Line too long (108 > 79)",
    "name": "line-too-long",
    "noqa_row": 24,
    "severity": "error",
    "url": "https://docs.astral.sh/ruff/rules/line-too-long"
  },
  {
    "cell": null,
    "code": "E501",
    "end_location": {
      "column": 91,
      "row": 39
    },
    "filename": "C:\\Users\\pc01\\source\\repos\\image-downloader\\src\\image_downloader\\application\\workflow_retry.py",
    "fix": null,
    "location": {
      "column": 80,
      "row": 39
    },
    "message": "Line too long (90 > 79)",
    "name": "line-too-long",
    "noqa_row": 39,
    "severity": "error",
    "url": "https://docs.astral.sh/ruff/rules/line-too-long"
  },
  {
    "cell": null,
    "code": "E501",
    "end_location": {
      "column": 89,
      "row": 52
    },
    "filename": "C:\\Users\\pc01\\source\\repos\\image-downloader\\src\\image_downloader\\application\\workflow_retry.py",
    "fix": null,
    "location": {
      "column": 80,
      "row": 52
    },
    "message": "Line too long (88 > 79)",
    "name": "line-too-long",
    "noqa_row": 52,
    "severity": "error",
    "url": "https://docs.astral.sh/ruff/rules/line-too-long"
  },
  {
    "cell": null,
    "code": "E501",
    "end_location": {
      "column": 91,
      "row": 60
    },
    "filename": "C:\\Users\\pc01\\source\\repos\\image-downloader\\src\\image_downloader\\application\\workflow_retry.py",
    "fix": null,
    "location": {
      "column": 80,
      "row": 60
    },
    "message": "Line too long (90 > 79)",
    "name": "line-too-long",
    "noqa_row": 60,
    "severity": "error",
    "url": "https://docs.astral.sh/ruff/rules/line-too-long"
  },
  {
    "cell": null,
    "code": "E501",
    "end_location": {
      "column": 115,
      "row": 61
    },
    "filename": "C:\\Users\\pc01\\source\\repos\\image-downloader\\src\\image_downloader\\application\\workflow_retry.py",
    "fix": null,
    "location": {
      "column": 80,
      "row": 61
    },
    "message": "Line too long (114 > 79)",
    "name": "line-too-long",
    "noqa_row": 61,
    "severity": "error",
    "url": "https://docs.astral.sh/ruff/rules/line-too-long"
  },
  {
    "cell": null,
    "code": "E501",
    "end_location": {
      "column": 102,
      "row": 65
    },
    "filename": "C:\\Users\\pc01\\source\\repos\\image-downloader\\src\\image_downloader\\application\\workflow_retry.py",
    "fix": null,
    "location": {
      "column": 80,
      "row": 65
    },
    "message": "Line too long (101 > 79)",
    "name": "line-too-long",
    "noqa_row": 65,
    "severity": "error",
    "url": "https://docs.astral.sh/ruff/rules/line-too-long"
  },
  {
    "cell": null,
    "code": "E501",
    "end_location": {
      "column": 104,
      "row": 86
    },
    "filename": "C:\\Users\\pc01\\source\\repos\\image-downloader\\src\\image_downloader\\application\\workflow_retry.py",
    "fix": null,
    "location": {
      "column": 80,
      "row": 86
    },
    "message": "Line too long (103 > 79)",
    "name": "line-too-long",
    "noqa_row": 86,
    "severity": "error",
    "url": "https://docs.astral.sh/ruff/rules/line-too-long"
  },
  {
    "cell": null,
    "code": "E501",
    "end_location": {
      "column": 88,
      "row": 91
    },
    "filename": "C:\\Users\\pc01\\source\\repos\\image-downloader\\src\\image_downloader\\application\\workflow_retry.py",
    "fix": null,
    "location": {
      "column": 80,
      "row": 91
    },
    "message": "Line too long (87 > 79)",
    "name": "line-too-long",
    "noqa_row": 91,
    "severity": "error",
    "url": "https://docs.astral.sh/ruff/rules/line-too-long"
  },
  {
    "cell": null,
    "code": "E501",
    "end_location": {
      "column": 87,
      "row": 99
    },
    "filename": "C:\\Users\\pc01\\source\\repos\\image-downloader\\src\\image_downloader\\application\\workflow_retry.py",
    "fix": null,
    "location": {
      "column": 80,
      "row": 99
    },
    "message": "Line too long (86 > 79)",
    "name": "line-too-long",
    "noqa_row": 99,
    "severity": "error",
    "url": "https://docs.astral.sh/ruff/rules/line-too-long"
  },
  {
    "cell": null,
    "code": "E501",
    "end_location": {
      "column": 106,
      "row": 115
    },
    "filename": "C:\\Users\\pc01\\source\\repos\\image-downloader\\src\\image_downloader\\application\\workflow_retry.py",
    "fix": null,
    "location": {
      "column": 80,
      "row": 115
    },
    "message": "Line too long (105 > 79)",
    "name": "line-too-long",
    "noqa_row": 115,
    "severity": "error",
    "url": "https://docs.astral.sh/ruff/rules/line-too-long"
  },
  {
    "cell": null,
    "code": "E501",
    "end_location": {
      "column": 95,
      "row": 119
    },
    "filename": "C:\\Users\\pc01\\source\\repos\\image-downloader\\src\\image_downloader\\application\\workflow_retry.py",
    "fix": null,
    "location": {
      "column": 80,
      "row": 119
    },
    "message": "Line too long (94 > 79)",
    "name": "line-too-long",
    "noqa_row": 119,
    "severity": "error",
    "url": "https://docs.astral.sh/ruff/rules/line-too-long"
  },
  {
    "cell": null,
    "code": "E501",
    "end_location": {
      "column": 84,
      "row": 126
    },
    "filename": "C:\\Users\\pc01\\source\\repos\\image-downloader\\src\\image_downloader\\application\\workflow_retry.py",
    "fix": null,
    "location": {
      "column": 80,
      "row": 126
    },
    "message": "Line too long (83 > 79)",
    "name": "line-too-long",
    "noqa_row": 126,
    "severity": "error",
    "url": "https://docs.astral.sh/ruff/rules/line-too-long"
  },
  {
    "cell": null,
    "code": "E501",
    "end_location": {
      "column": 97,
      "row": 128
    },
    "filename": "C:\\Users\\pc01\\source\\repos\\image-downloader\\src\\image_downloader\\application\\workflow_retry.py",
    "fix": null,
    "location": {
      "column": 80,
      "row": 128
    },
    "message": "Line too long (96 > 79)",
    "name": "line-too-long",
    "noqa_row": 128,
    "severity": "error",
    "url": "https://docs.astral.sh/ruff/rules/line-too-long"
  },
  {
    "cell": null,
    "code": "E501",
    "end_location": {
      "column": 116,
      "row": 140
    },
    "filename": "C:\\Users\\pc01\\source\\repos\\image-downloader\\src\\image_downloader\\application\\workflow_retry.py",
    "fix": null,
    "location": {
      "column": 80,
      "row": 140
    },
    "message": "Line too long (115 > 79)",
    "name": "line-too-long",
    "noqa_row": 140,
    "severity": "error",
    "url": "https://docs.astral.sh/ruff/rules/line-too-long"
  },
  {
    "cell": null,
    "code": "E501",
    "end_location": {
      "column": 98,
      "row": 155
    },
    "filename": "C:\\Users\\pc01\\source\\repos\\image-downloader\\src\\image_downloader\\application\\workflow_retry.py",
    "fix": null,
    "location": {
      "column": 80,
      "row": 155
    },
    "message": "Line too long (97 > 79)",
    "name": "line-too-long",
    "noqa_row": 155,
    "severity": "error",
    "url": "https://docs.astral.sh/ruff/rules/line-too-long"
  },
  {
    "cell": null,
    "code": "E501",
    "end_location": {
      "column": 104,
      "row": 168
    },
    "filename": "C:\\Users\\pc01\\source\\repos\\image-downloader\\src\\image_downloader\\application\\workflow_retry.py",
    "fix": null,
    "location": {
      "column": 80,
      "row": 168
    },
    "message": "Line too long (103 > 79)",
    "name": "line-too-long",
    "noqa_row": 168,
    "severity": "error",
    "url": "https://docs.astral.sh/ruff/rules/line-too-long"
  },
  {
    "cell": null,
    "code": "E501",
    "end_location": {
      "column": 88,
      "row": 1
    },
    "filename": "C:\\Users\\pc01\\source\\repos\\image-downloader\\src\\image_downloader\\application\\workflow_selection.py",
    "fix": null,
    "location": {
      "column": 80,
      "row": 1
    },
    "message": "Line too long (87 > 79)",
    "name": "line-too-long",
    "noqa_row": 1,
    "severity": "error",
    "url": "https://docs.astral.sh/ruff/rules/line-too-long"
  },
  {
    "cell": null,
    "code": "E501",
    "end_location": {
      "column": 111,
      "row": 8
    },
    "filename": "C:\\Users\\pc01\\source\\repos\\image-downloader\\src\\image_downloader\\application\\workflow_selection.py",
    "fix": null,
    "location": {
      "column": 80,
      "row": 8
    },
    "message": "Line too long (110 > 79)",
    "name": "line-too-long",
    "noqa_row": 8,
    "severity": "error",
    "url": "https://docs.astral.sh/ruff/rules/line-too-long"
  },
  {
    "cell": null,
    "code": "E501",
    "end_location": {
      "column": 88,
      "row": 12
    },
    "filename": "C:\\Users\\pc01\\source\\repos\\image-downloader\\src\\image_downloader\\application\\workflow_selection.py",
    "fix": null,
    "location": {
      "column": 80,
      "row": 12
    },
    "message": "Line too long (87 > 79)",
    "name": "line-too-long",
    "noqa_row": 12,
    "severity": "error",
    "url": "https://docs.astral.sh/ruff/rules/line-too-long"
  },
  {
    "cell": null,
    "code": "E501",
    "end_location": {
      "column": 83,
      "row": 16
    },
    "filename": "C:\\Users\\pc01\\source\\repos\\image-downloader\\src\\image_downloader\\application\\workflow_selection.py",
    "fix": null,
    "location": {
      "column": 80,
      "row": 16
    },
    "message": "Line too long (82 > 79)",
    "name": "line-too-long",
    "noqa_row": 16,
    "severity": "error",
    "url": "https://docs.astral.sh/ruff/rules/line-too-long"
  },
  {
    "cell": null,
    "code": "E501",
    "end_location": {
      "column": 81,
      "row": 20
    },
    "filename": "C:\\Users\\pc01\\source\\repos\\image-downloader\\src\\image_downloader\\application\\workflow_selection.py",
    "fix": null,
    "location": {
      "column": 80,
      "row": 20
    },
    "message": "Line too long (80 > 79)",
    "name": "line-too-long",
    "noqa_row": 20,
    "severity": "error",
    "url": "https://docs.astral.sh/ruff/rules/line-too-long"
  },
  {
    "cell": null,
    "code": "E501",
    "end_location": {
      "column": 88,
      "row": 21
    },
    "filename": "C:\\Users\\pc01\\source\\repos\\image-downloader\\src\\image_downloader\\application\\workflow_selection.py",
    "fix": null,
    "location": {
      "column": 80,
      "row": 21
    },
    "message": "Line too long (87 > 79)",
    "name": "line-too-long",
    "noqa_row": 21,
    "severity": "error",
    "url": "https://docs.astral.sh/ruff/rules/line-too-long"
  },
  {
    "cell": null,
    "code": "E501",
    "end_location": {
      "column": 90,
      "row": 23
    },
    "filename": "C:\\Users\\pc01\\source\\repos\\image-downloader\\src\\image_downloader\\application\\workflow_selection.py",
    "fix": null,
    "location": {
      "column": 80,
      "row": 23
    },
    "message": "Line too long (89 > 79)",
    "name": "line-too-long",
    "noqa_row": 23,
    "severity": "error",
    "url": "https://docs.astral.sh/ruff/rules/line-too-long"
  },
  {
    "cell": null,
    "code": "E501",
    "end_location": {
      "column": 88,
      "row": 32
    },
    "filename": "C:\\Users\\pc01\\source\\repos\\image-downloader\\src\\image_downloader\\application\\workflow_selection.py",
    "fix": null,
    "location": {
      "column": 80,
      "row": 32
    },
    "message": "Line too long (87 > 79)",
    "name": "line-too-long",
    "noqa_row": 32,
    "severity": "error",
    "url": "https://docs.astral.sh/ruff/rules/line-too-long"
  },
  {
    "cell": null,
    "code": "E501",
    "end_location": {
      "column": 83,
      "row": 33
    },
    "filename": "C:\\Users\\pc01\\source\\repos\\image-downloader\\src\\image_downloader\\application\\workflow_selection.py",
    "fix": null,
    "location": {
      "column": 80,
      "row": 33
    },
    "message": "Line too long (82 > 79)",
    "name": "line-too-long",
    "noqa_row": 33,
    "severity": "error",
    "url": "https://docs.astral.sh/ruff/rules/line-too-long"
  },
  {
    "cell": null,
    "code": "E501",
    "end_location": {
      "column": 86,
      "row": 37
    },
    "filename": "C:\\Users\\pc01\\source\\repos\\image-downloader\\src\\image_downloader\\application\\workflow_selection.py",
    "fix": null,
    "location": {
      "column": 80,
      "row": 37
    },
    "message": "Line too long (85 > 79)",
    "name": "line-too-long",
    "noqa_row": 37,
    "severity": "error",
    "url": "https://docs.astral.sh/ruff/rules/line-too-long"
  },
  {
    "cell": null,
    "code": "E501",
    "end_location": {
      "column": 85,
      "row": 42
    },
    "filename": "C:\\Users\\pc01\\source\\repos\\image-downloader\\src\\image_downloader\\application\\workflow_selection.py",
    "fix": null,
    "location": {
      "column": 80,
      "row": 42
    },
    "message": "Line too long (84 > 79)",
    "name": "line-too-long",
    "noqa_row": 42,
    "severity": "error",
    "url": "https://docs.astral.sh/ruff/rules/line-too-long"
  },
  {
    "cell": null,
    "code": "E501",
    "end_location": {
      "column": 101,
      "row": 44
    },
    "filename": "C:\\Users\\pc01\\source\\repos\\image-downloader\\src\\image_downloader\\application\\workflow_selection.py",
    "fix": null,
    "location": {
      "column": 80,
      "row": 44
    },
    "message": "Line too long (100 > 79)",
    "name": "line-too-long",
    "noqa_row": 44,
    "severity": "error",
    "url": "https://docs.astral.sh/ruff/rules/line-too-long"
  },
  {
    "cell": null,
    "code": "E501",
    "end_location": {
      "column": 82,
      "row": 45
    },
    "filename": "C:\\Users\\pc01\\source\\repos\\image-downloader\\src\\image_downloader\\application\\workflow_selection.py",
    "fix": null,
    "location": {
      "column": 80,
      "row": 45
    },
    "message": "Line too long (81 > 79)",
    "name": "line-too-long",
    "noqa_row": 45,
    "severity": "error",
    "url": "https://docs.astral.sh/ruff/rules/line-too-long"
  },
  {
    "cell": null,
    "code": "E501",
    "end_location": {
      "column": 101,
      "row": 52
    },
    "filename": "C:\\Users\\pc01\\source\\repos\\image-downloader\\src\\image_downloader\\application\\workflow_selection.py",
    "fix": null,
    "location": {
      "column": 80,
      "row": 52
    },
    "message": "Line too long (100 > 79)",
    "name": "line-too-long",
    "noqa_row": 52,
    "severity": "error",
    "url": "https://docs.astral.sh/ruff/rules/line-too-long"
  },
  {
    "cell": null,
    "code": "E501",
    "end_location": {
      "column": 110,
      "row": 55
    },
    "filename": "C:\\Users\\pc01\\source\\repos\\image-downloader\\src\\image_downloader\\application\\workflow_selection.py",
    "fix": null,
    "location": {
      "column": 80,
      "row": 55
    },
    "message": "Line too long (109 > 79)",
    "name": "line-too-long",
    "noqa_row": 55,
    "severity": "error",
    "url": "https://docs.astral.sh/ruff/rules/line-too-long"
  },
  {
    "cell": null,
    "code": "E501",
    "end_location": {
      "column": 111,
      "row": 60
    },
    "filename": "C:\\Users\\pc01\\source\\repos\\image-downloader\\src\\image_downloader\\application\\workflow_selection.py",
    "fix": null,
    "location": {
      "column": 80,
      "row": 60
    },
    "message": "Line too long (110 > 79)",
    "name": "line-too-long",
    "noqa_row": 60,
    "severity": "error",
    "url": "https://docs.astral.sh/ruff/rules/line-too-long"
  },
  {
    "cell": null,
    "code": "E501",
    "end_location": {
      "column": 84,
      "row": 64
    },
    "filename": "C:\\Users\\pc01\\source\\repos\\image-downloader\\src\\image_downloader\\application\\workflow_selection.py",
    "fix": null,
    "location": {
      "column": 80,
      "row": 64
    },
    "message": "Line too long (83 > 79)",
    "name": "line-too-long",
    "noqa_row": 64,
    "severity": "error",
    "url": "https://docs.astral.sh/ruff/rules/line-too-long"
  },
  {
    "cell": null,
    "code": "E501",
    "end_location": {
      "column": 104,
      "row": 67
    },
    "filename": "C:\\Users\\pc01\\source\\repos\\image-downloader\\src\\image_downloader\\application\\workflow_selection.py",
    "fix": null,
    "location": {
      "column": 80,
      "row": 67
    },
    "message": "Line too long (103 > 79)",
    "name": "line-too-long",
    "noqa_row": 67,
    "severity": "error",
    "url": "https://docs.astral.sh/ruff/rules/line-too-long"
  },
  {
    "cell": null,
    "code": "E501",
    "end_location": {
      "column": 82,
      "row": 74
    },
    "filename": "C:\\Users\\pc01\\source\\repos\\image-downloader\\src\\image_downloader\\application\\workflow_selection.py",
    "fix": null,
    "location": {
      "column": 80,
      "row": 74
    },
    "message": "Line too long (81 > 79)",
    "name": "line-too-long",
    "noqa_row": 74,
    "severity": "error",
    "url": "https://docs.astral.sh/ruff/rules/line-too-long"
  },
  {
    "cell": null,
    "code": "E501",
    "end_location": {
      "column": 81,
      "row": 77
    },
    "filename": "C:\\Users\\pc01\\source\\repos\\image-downloader\\src\\image_downloader\\application\\workflow_selection.py",
    "fix": null,
    "location": {
      "column": 80,
      "row": 77
    },
    "message": "Line too long (80 > 79)",
    "name": "line-too-long",
    "noqa_row": 77,
    "severity": "error",
    "url": "https://docs.astral.sh/ruff/rules/line-too-long"
  },
  {
    "cell": null,
    "code": "E501",
    "end_location": {
      "column": 115,
      "row": 10
    },
    "filename": "C:\\Users\\pc01\\source\\repos\\image-downloader\\src\\image_downloader\\application\\workflow_state.py",
    "fix": null,
    "location": {
      "column": 80,
      "row": 10
    },
    "message": "Line too long (114 > 79)",
    "name": "line-too-long",
    "noqa_row": 10,
    "severity": "error",
    "url": "https://docs.astral.sh/ruff/rules/line-too-long"
  },
  {
    "cell": null,
    "code": "E501",
    "end_location": {
      "column": 82,
      "row": 23
    },
    "filename": "C:\\Users\\pc01\\source\\repos\\image-downloader\\src\\image_downloader\\application\\workflow_state.py",
    "fix": null,
    "location": {
      "column": 80,
      "row": 23
    },
    "message": "Line too long (81 > 79)",
    "name": "line-too-long",
    "noqa_row": 23,
    "severity": "error",
    "url": "https://docs.astral.sh/ruff/rules/line-too-long"
  },
  {
    "cell": null,
    "code": "E501",
    "end_location": {
      "column": 96,
      "row": 25
    },
    "filename": "C:\\Users\\pc01\\source\\repos\\image-downloader\\src\\image_downloader\\application\\workflow_state.py",
    "fix": null,
    "location": {
      "column": 80,
      "row": 25
    },
    "message": "Line too long (95 > 79)",
    "name": "line-too-long",
    "noqa_row": 25,
    "severity": "error",
    "url": "https://docs.astral.sh/ruff/rules/line-too-long"
  },
  {
    "cell": null,
    "code": "E501",
    "end_location": {
      "column": 82,
      "row": 27
    },
    "filename": "C:\\Users\\pc01\\source\\repos\\image-downloader\\src\\image_downloader\\application\\workflow_state.py",
    "fix": null,
    "location": {
      "column": 80,
      "row": 27
    },
    "message": "Line too long (81 > 79)",
    "name": "line-too-long",
    "noqa_row": 27,
    "severity": "error",
    "url": "https://docs.astral.sh/ruff/rules/line-too-long"
  },
  {
    "cell": null,
    "code": "E501",
    "end_location": {
      "column": 112,
      "row": 46
    },
    "filename": "C:\\Users\\pc01\\source\\repos\\image-downloader\\src\\image_downloader\\application\\workflow_state.py",
    "fix": null,
    "location": {
      "column": 80,
      "row": 46
    },
    "message": "Line too long (111 > 79)",
    "name": "line-too-long",
    "noqa_row": 46,
    "severity": "error",
    "url": "https://docs.astral.sh/ruff/rules/line-too-long"
  },
  {
    "cell": null,
    "code": "E501",
    "end_location": {
      "column": 90,
      "row": 53
    },
    "filename": "C:\\Users\\pc01\\source\\repos\\image-downloader\\src\\image_downloader\\application\\workflow_state.py",
    "fix": null,
    "location": {
      "column": 80,
      "row": 53
    },
    "message": "Line too long (89 > 79)",
    "name": "line-too-long",
    "noqa_row": 53,
    "severity": "error",
    "url": "https://docs.astral.sh/ruff/rules/line-too-long"
  },
  {
    "cell": null,
    "code": "E501",
    "end_location": {
      "column": 99,
      "row": 54
    },
    "filename": "C:\\Users\\pc01\\source\\repos\\image-downloader\\src\\image_downloader\\application\\workflow_state.py",
    "fix": null,
    "location": {
      "column": 80,
      "row": 54
    },
    "message": "Line too long (98 > 79)",
    "name": "line-too-long",
    "noqa_row": 54,
    "severity": "error",
    "url": "https://docs.astral.sh/ruff/rules/line-too-long"
  },
  {
    "cell": null,
    "code": "E501",
    "end_location": {
      "column": 92,
      "row": 55
    },
    "filename": "C:\\Users\\pc01\\source\\repos\\image-downloader\\src\\image_downloader\\application\\workflow_state.py",
    "fix": null,
    "location": {
      "column": 80,
      "row": 55
    },
    "message": "Line too long (91 > 79)",
    "name": "line-too-long",
    "noqa_row": 55,
    "severity": "error",
    "url": "https://docs.astral.sh/ruff/rules/line-too-long"
  },
  {
    "cell": null,
    "code": "E501",
    "end_location": {
      "column": 104,
      "row": 57
    },
    "filename": "C:\\Users\\pc01\\source\\repos\\image-downloader\\src\\image_downloader\\application\\workflow_state.py",
    "fix": null,
    "location": {
      "column": 80,
      "row": 57
    },
    "message": "Line too long (103 > 79)",
    "name": "line-too-long",
    "noqa_row": 57,
    "severity": "error",
    "url": "https://docs.astral.sh/ruff/rules/line-too-long"
  },
  {
    "cell": null,
    "code": "E501",
    "end_location": {
      "column": 95,
      "row": 59
    },
    "filename": "C:\\Users\\pc01\\source\\repos\\image-downloader\\src\\image_downloader\\application\\workflow_state.py",
    "fix": null,
    "location": {
      "column": 80,
      "row": 59
    },
    "message": "Line too long (94 > 79)",
    "name": "line-too-long",
    "noqa_row": 59,
    "severity": "error",
    "url": "https://docs.astral.sh/ruff/rules/line-too-long"
  },
  {
    "cell": null,
    "code": "E501",
    "end_location": {
      "column": 87,
      "row": 62
    },
    "filename": "C:\\Users\\pc01\\source\\repos\\image-downloader\\src\\image_downloader\\application\\workflow_state.py",
    "fix": null,
    "location": {
      "column": 80,
      "row": 62
    },
    "message": "Line too long (86 > 79)",
    "name": "line-too-long",
    "noqa_row": 62,
    "severity": "error",
    "url": "https://docs.astral.sh/ruff/rules/line-too-long"
  },
  {
    "cell": null,
    "code": "E501",
    "end_location": {
      "column": 102,
      "row": 71
    },
    "filename": "C:\\Users\\pc01\\source\\repos\\image-downloader\\src\\image_downloader\\application\\workflow_state.py",
    "fix": null,
    "location": {
      "column": 80,
      "row": 71
    },
    "message": "Line too long (101 > 79)",
    "name": "line-too-long",
    "noqa_row": 71,
    "severity": "error",
    "url": "https://docs.astral.sh/ruff/rules/line-too-long"
  },
  {
    "cell": null,
    "code": "E501",
    "end_location": {
      "column": 86,
      "row": 75
    },
    "filename": "C:\\Users\\pc01\\source\\repos\\image-downloader\\src\\image_downloader\\application\\workflow_state.py",
    "fix": null,
    "location": {
      "column": 80,
      "row": 75
    },
    "message": "Line too long (85 > 79)",
    "name": "line-too-long",
    "noqa_row": 75,
    "severity": "error",
    "url": "https://docs.astral.sh/ruff/rules/line-too-long"
  },
  {
    "cell": null,
    "code": "E501",
    "end_location": {
      "column": 83,
      "row": 87
    },
    "filename": "C:\\Users\\pc01\\source\\repos\\image-downloader\\src\\image_downloader\\application\\workflow_state.py",
    "fix": null,
    "location": {
      "column": 80,
      "row": 87
    },
    "message": "Line too long (82 > 79)",
    "name": "line-too-long",
    "noqa_row": 87,
    "severity": "error",
    "url": "https://docs.astral.sh/ruff/rules/line-too-long"
  },
  {
    "cell": null,
    "code": "E501",
    "end_location": {
      "column": 106,
      "row": 16
    },
    "filename": "C:\\Users\\pc01\\source\\repos\\image-downloader\\src\\image_downloader\\application\\workflow_verification.py",
    "fix": null,
    "location": {
      "column": 80,
      "row": 16
    },
    "message": "Line too long (105 > 79)",
    "name": "line-too-long",
    "noqa_row": 16,
    "severity": "error",
    "url": "https://docs.astral.sh/ruff/rules/line-too-long"
  },
  {
    "cell": null,
    "code": "E501",
    "end_location": {
      "column": 83,
      "row": 27
    },
    "filename": "C:\\Users\\pc01\\source\\repos\\image-downloader\\src\\image_downloader\\application\\workflow_verification.py",
    "fix": null,
    "location": {
      "column": 80,
      "row": 27
    },
    "message": "Line too long (82 > 79)",
    "name": "line-too-long",
    "noqa_row": 27,
    "severity": "error",
    "url": "https://docs.astral.sh/ruff/rules/line-too-long"
  },
  {
    "cell": null,
    "code": "E501",
    "end_location": {
      "column": 89,
      "row": 35
    },
    "filename": "C:\\Users\\pc01\\source\\repos\\image-downloader\\src\\image_downloader\\application\\workflow_verification.py",
    "fix": null,
    "location": {
      "column": 80,
      "row": 35
    },
    "message": "Line too long (88 > 79)",
    "name": "line-too-long",
    "noqa_row": 35,
    "severity": "error",
    "url": "https://docs.astral.sh/ruff/rules/line-too-long"
  },
  {
    "cell": null,
    "code": "E501",
    "end_location": {
      "column": 99,
      "row": 37
    },
    "filename": "C:\\Users\\pc01\\source\\repos\\image-downloader\\src\\image_downloader\\application\\workflow_verification.py",
    "fix": null,
    "location": {
      "column": 80,
      "row": 37
    },
    "message": "Line too long (98 > 79)",
    "name": "line-too-long",
    "noqa_row": 37,
    "severity": "error",
    "url": "https://docs.astral.sh/ruff/rules/line-too-long"
  },
  {
    "cell": null,
    "code": "E501",
    "end_location": {
      "column": 87,
      "row": 53
    },
    "filename": "C:\\Users\\pc01\\source\\repos\\image-downloader\\src\\image_downloader\\application\\workflow_verification.py",
    "fix": null,
    "location": {
      "column": 80,
      "row": 53
    },
    "message": "Line too long (86 > 79)",
    "name": "line-too-long",
    "noqa_row": 53,
    "severity": "error",
    "url": "https://docs.astral.sh/ruff/rules/line-too-long"
  },
  {
    "cell": null,
    "code": "E501",
    "end_location": {
      "column": 82,
      "row": 60
    },
    "filename": "C:\\Users\\pc01\\source\\repos\\image-downloader\\src\\image_downloader\\application\\workflow_verification.py",
    "fix": null,
    "location": {
      "column": 80,
      "row": 60
    },
    "message": "Line too long (81 > 79)",
    "name": "line-too-long",
    "noqa_row": 60,
    "severity": "error",
    "url": "https://docs.astral.sh/ruff/rules/line-too-long"
  },
  {
    "cell": null,
    "code": "E501",
    "end_location": {
      "column": 121,
      "row": 72
    },
    "filename": "C:\\Users\\pc01\\source\\repos\\image-downloader\\src\\image_downloader\\application\\workflow_verification.py",
    "fix": null,
    "location": {
      "column": 80,
      "row": 72
    },
    "message": "Line too long (120 > 79)",
    "name": "line-too-long",
    "noqa_row": 72,
    "severity": "error",
    "url": "https://docs.astral.sh/ruff/rules/line-too-long"
  },
  {
    "cell": null,
    "code": "E501",
    "end_location": {
      "column": 96,
      "row": 78
    },
    "filename": "C:\\Users\\pc01\\source\\repos\\image-downloader\\src\\image_downloader\\application\\workflow_verification.py",
    "fix": null,
    "location": {
      "column": 80,
      "row": 78
    },
    "message": "Line too long (95 > 79)",
    "name": "line-too-long",
    "noqa_row": 78,
    "severity": "error",
    "url": "https://docs.astral.sh/ruff/rules/line-too-long"
  },
  {
    "cell": null,
    "code": "E501",
    "end_location": {
      "column": 98,
      "row": 80
    },
    "filename": "C:\\Users\\pc01\\source\\repos\\image-downloader\\src\\image_downloader\\application\\workflow_verification.py",
    "fix": null,
    "location": {
      "column": 80,
      "row": 80
    },
    "message": "Line too long (97 > 79)",
    "name": "line-too-long",
    "noqa_row": 80,
    "severity": "error",
    "url": "https://docs.astral.sh/ruff/rules/line-too-long"
  },
  {
    "cell": null,
    "code": "E501",
    "end_location": {
      "column": 102,
      "row": 96
    },
    "filename": "C:\\Users\\pc01\\source\\repos\\image-downloader\\src\\image_downloader\\application\\workflow_verification.py",
    "fix": null,
    "location": {
      "column": 80,
      "row": 96
    },
    "message": "Line too long (101 > 79)",
    "name": "line-too-long",
    "noqa_row": 96,
    "severity": "error",
    "url": "https://docs.astral.sh/ruff/rules/line-too-long"
  },
  {
    "cell": null,
    "code": "E501",
    "end_location": {
      "column": 90,
      "row": 97
    },
    "filename": "C:\\Users\\pc01\\source\\repos\\image-downloader\\src\\image_downloader\\application\\workflow_verification.py",
    "fix": null,
    "location": {
      "column": 80,
      "row": 97
    },
    "message": "Line too long (89 > 79)",
    "name": "line-too-long",
    "noqa_row": 97,
    "severity": "error",
    "url": "https://docs.astral.sh/ruff/rules/line-too-long"
  },
  {
    "cell": null,
    "code": "E501",
    "end_location": {
      "column": 102,
      "row": 102
    },
    "filename": "C:\\Users\\pc01\\source\\repos\\image-downloader\\src\\image_downloader\\application\\workflow_verification.py",
    "fix": null,
    "location": {
      "column": 80,
      "row": 102
    },
    "message": "Line too long (101 > 79)",
    "name": "line-too-long",
    "noqa_row": 102,
    "severity": "error",
    "url": "https://docs.astral.sh/ruff/rules/line-too-long"
  },
  {
    "cell": null,
    "code": "E501",
    "end_location": {
      "column": 86,
      "row": 117
    },
    "filename": "C:\\Users\\pc01\\source\\repos\\image-downloader\\src\\image_downloader\\application\\workflow_verification.py",
    "fix": null,
    "location": {
      "column": 80,
      "row": 117
    },
    "message": "Line too long (85 > 79)",
    "name": "line-too-long",
    "noqa_row": 117,
    "severity": "error",
    "url": "https://docs.astral.sh/ruff/rules/line-too-long"
  },
  {
    "cell": null,
    "code": "E501",
    "end_location": {
      "column": 89,
      "row": 122
    },
    "filename": "C:\\Users\\pc01\\source\\repos\\image-downloader\\src\\image_downloader\\application\\workflow_verification.py",
    "fix": null,
    "location": {
      "column": 80,
      "row": 122
    },
    "message": "Line too long (88 > 79)",
    "name": "line-too-long",
    "noqa_row": 122,
    "severity": "error",
    "url": "https://docs.astral.sh/ruff/rules/line-too-long"
  },
  {
    "cell": null,
    "code": "E501",
    "end_location": {
      "column": 92,
      "row": 123
    },
    "filename": "C:\\Users\\pc01\\source\\repos\\image-downloader\\src\\image_downloader\\application\\workflow_verification.py",
    "fix": null,
    "location": {
      "column": 80,
      "row": 123
    },
    "message": "Line too long (91 > 79)",
    "name": "line-too-long",
    "noqa_row": 123,
    "severity": "error",
    "url": "https://docs.astral.sh/ruff/rules/line-too-long"
  },
  {
    "cell": null,
    "code": "E501",
    "end_location": {
      "column": 82,
      "row": 131
    },
    "filename": "C:\\Users\\pc01\\source\\repos\\image-downloader\\src\\image_downloader\\application\\workflow_verification.py",
    "fix": null,
    "location": {
      "column": 80,
      "row": 131
    },
    "message": "Line too long (81 > 79)",
    "name": "line-too-long",
    "noqa_row": 131,
    "severity": "error",
    "url": "https://docs.astral.sh/ruff/rules/line-too-long"
  },
  {
    "cell": null,
    "code": "E501",
    "end_location": {
      "column": 86,
      "row": 132
    },
    "filename": "C:\\Users\\pc01\\source\\repos\\image-downloader\\src\\image_downloader\\application\\workflow_verification.py",
    "fix": null,
    "location": {
      "column": 80,
      "row": 132
    },
    "message": "Line too long (85 > 79)",
    "name": "line-too-long",
    "noqa_row": 132,
    "severity": "error",
    "url": "https://docs.astral.sh/ruff/rules/line-too-long"
  },
  {
    "cell": null,
    "code": "E501",
    "end_location": {
      "column": 121,
      "row": 138
    },
    "filename": "C:\\Users\\pc01\\source\\repos\\image-downloader\\src\\image_downloader\\application\\workflow_verification.py",
    "fix": null,
    "location": {
      "column": 80,
      "row": 138
    },
    "message": "Line too long (120 > 79)",
    "name": "line-too-long",
    "noqa_row": 138,
    "severity": "error",
    "url": "https://docs.astral.sh/ruff/rules/line-too-long"
  },
  {
    "cell": null,
    "code": "E501",
    "end_location": {
      "column": 121,
      "row": 140
    },
    "filename": "C:\\Users\\pc01\\source\\repos\\image-downloader\\src\\image_downloader\\application\\workflow_verification.py",
    "fix": null,
    "location": {
      "column": 80,
      "row": 140
    },
    "message": "Line too long (120 > 79)",
    "name": "line-too-long",
    "noqa_row": 140,
    "severity": "error",
    "url": "https://docs.astral.sh/ruff/rules/line-too-long"
  },
  {
    "cell": null,
    "code": "E501",
    "end_location": {
      "column": 99,
      "row": 12
    },
    "filename": "C:\\Users\\pc01\\source\\repos\\image-downloader\\src\\image_downloader\\commands\\config.py",
    "fix": null,
    "location": {
      "column": 80,
      "row": 12
    },
    "message": "Line too long (98 > 79)",
    "name": "line-too-long",
    "noqa_row": 12,
    "severity": "error",
    "url": "https://docs.astral.sh/ruff/rules/line-too-long"
  },
  {
    "cell": null,
    "code": "E501",
    "end_location": {
      "column": 92,
      "row": 14
    },
    "filename": "C:\\Users\\pc01\\source\\repos\\image-downloader\\src\\image_downloader\\commands\\config.py",
    "fix": null,
    "location": {
      "column": 80,
      "row": 14
    },
    "message": "Line too long (91 > 79)",
    "name": "line-too-long",
    "noqa_row": 14,
    "severity": "error",
    "url": "https://docs.astral.sh/ruff/rules/line-too-long"
  },
  {
    "cell": null,
    "code": "E501",
    "end_location": {
      "column": 90,
      "row": 26
    },
    "filename": "C:\\Users\\pc01\\source\\repos\\image-downloader\\src\\image_downloader\\commands\\config.py",
    "fix": null,
    "location": {
      "column": 80,
      "row": 26
    },
    "message": "Line too long (89 > 79)",
    "name": "line-too-long",
    "noqa_row": 26,
    "severity": "error",
    "url": "https://docs.astral.sh/ruff/rules/line-too-long"
  },
  {
    "cell": null,
    "code": "E501",
    "end_location": {
      "column": 103,
      "row": 57
    },
    "filename": "C:\\Users\\pc01\\source\\repos\\image-downloader\\src\\image_downloader\\commands\\config.py",
    "fix": null,
    "location": {
      "column": 80,
      "row": 57
    },
    "message": "Line too long (102 > 79)",
    "name": "line-too-long",
    "noqa_row": 57,
    "severity": "error",
    "url": "https://docs.astral.sh/ruff/rules/line-too-long"
  },
  {
    "cell": null,
    "code": "E501",
    "end_location": {
      "column": 94,
      "row": 60
    },
    "filename": "C:\\Users\\pc01\\source\\repos\\image-downloader\\src\\image_downloader\\commands\\config.py",
    "fix": null,
    "location": {
      "column": 80,
      "row": 60
    },
    "message": "Line too long (93 > 79)",
    "name": "line-too-long",
    "noqa_row": 60,
    "severity": "error",
    "url": "https://docs.astral.sh/ruff/rules/line-too-long"
  },
  {
    "cell": null,
    "code": "E501",
    "end_location": {
      "column": 105,
      "row": 70
    },
    "filename": "C:\\Users\\pc01\\source\\repos\\image-downloader\\src\\image_downloader\\commands\\config.py",
    "fix": null,
    "location": {
      "column": 80,
      "row": 70
    },
    "message": "Line too long (104 > 79)",
    "name": "line-too-long",
    "noqa_row": 70,
    "severity": "error",
    "url": "https://docs.astral.sh/ruff/rules/line-too-long"
  },
  {
    "cell": null,
    "code": "E501",
    "end_location": {
      "column": 116,
      "row": 77
    },
    "filename": "C:\\Users\\pc01\\source\\repos\\image-downloader\\src\\image_downloader\\commands\\config.py",
    "fix": null,
    "location": {
      "column": 80,
      "row": 77
    },
    "message": "Line too long (115 > 79)",
    "name": "line-too-long",
    "noqa_row": 77,
    "severity": "error",
    "url": "https://docs.astral.sh/ruff/rules/line-too-long"
  },
  {
    "cell": null,
    "code": "E501",
    "end_location": {
      "column": 106,
      "row": 105
    },
    "filename": "C:\\Users\\pc01\\source\\repos\\image-downloader\\src\\image_downloader\\commands\\config.py",
    "fix": null,
    "location": {
      "column": 80,
      "row": 105
    },
    "message": "Line too long (105 > 79)",
    "name": "line-too-long",
    "noqa_row": 105,
    "severity": "error",
    "url": "https://docs.astral.sh/ruff/rules/line-too-long"
  },
  {
    "cell": null,
    "code": "E501",
    "end_location": {
      "column": 114,
      "row": 124
    },
    "filename": "C:\\Users\\pc01\\source\\repos\\image-downloader\\src\\image_downloader\\commands\\config.py",
    "fix": null,
    "location": {
      "column": 80,
      "row": 124
    },
    "message": "Line too long (113 > 79)",
    "name": "line-too-long",
    "noqa_row": 124,
    "severity": "error",
    "url": "https://docs.astral.sh/ruff/rules/line-too-long"
  },
  {
    "cell": null,
    "code": "E501",
    "end_location": {
      "column": 106,
      "row": 131
    },
    "filename": "C:\\Users\\pc01\\source\\repos\\image-downloader\\src\\image_downloader\\commands\\config.py",
    "fix": null,
    "location": {
      "column": 80,
      "row": 131
    },
    "message": "Line too long (105 > 79)",
    "name": "line-too-long",
    "noqa_row": 131,
    "severity": "error",
    "url": "https://docs.astral.sh/ruff/rules/line-too-long"
  },
  {
    "cell": null,
    "code": "E501",
    "end_location": {
      "column": 96,
      "row": 136
    },
    "filename": "C:\\Users\\pc01\\source\\repos\\image-downloader\\src\\image_downloader\\commands\\config.py",
    "fix": null,
    "location": {
      "column": 80,
      "row": 136
    },
    "message": "Line too long (95 > 79)",
    "name": "line-too-long",
    "noqa_row": 136,
    "severity": "error",
    "url": "https://docs.astral.sh/ruff/rules/line-too-long"
  },
  {
    "cell": null,
    "code": "E501",
    "end_location": {
      "column": 98,
      "row": 145
    },
    "filename": "C:\\Users\\pc01\\source\\repos\\image-downloader\\src\\image_downloader\\commands\\config.py",
    "fix": null,
    "location": {
      "column": 80,
      "row": 145
    },
    "message": "Line too long (97 > 79)",
    "name": "line-too-long",
    "noqa_row": 145,
    "severity": "error",
    "url": "https://docs.astral.sh/ruff/rules/line-too-long"
  },
  {
    "cell": null,
    "code": "E501",
    "end_location": {
      "column": 87,
      "row": 149
    },
    "filename": "C:\\Users\\pc01\\source\\repos\\image-downloader\\src\\image_downloader\\commands\\config.py",
    "fix": null,
    "location": {
      "column": 80,
      "row": 149
    },
    "message": "Line too long (86 > 79)",
    "name": "line-too-long",
    "noqa_row": 149,
    "severity": "error",
    "url": "https://docs.astral.sh/ruff/rules/line-too-long"
  },
  {
    "cell": null,
    "code": "E501",
    "end_location": {
      "column": 86,
      "row": 156
    },
    "filename": "C:\\Users\\pc01\\source\\repos\\image-downloader\\src\\image_downloader\\commands\\config.py",
    "fix": null,
    "location": {
      "column": 80,
      "row": 156
    },
    "message": "Line too long (85 > 79)",
    "name": "line-too-long",
    "noqa_row": 156,
    "severity": "error",
    "url": "https://docs.astral.sh/ruff/rules/line-too-long"
  },
  {
    "cell": null,
    "code": "E501",
    "end_location": {
      "column": 88,
      "row": 173
    },
    "filename": "C:\\Users\\pc01\\source\\repos\\image-downloader\\src\\image_downloader\\commands\\config.py",
    "fix": null,
    "location": {
      "column": 80,
      "row": 173
    },
    "message": "Line too long (87 > 79)",
    "name": "line-too-long",
    "noqa_row": 173,
    "severity": "error",
    "url": "https://docs.astral.sh/ruff/rules/line-too-long"
  },
  {
    "cell": null,
    "code": "E501",
    "end_location": {
      "column": 93,
      "row": 175
    },
    "filename": "C:\\Users\\pc01\\source\\repos\\image-downloader\\src\\image_downloader\\commands\\config.py",
    "fix": null,
    "location": {
      "column": 80,
      "row": 175
    },
    "message": "Line too long (92 > 79)",
    "name": "line-too-long",
    "noqa_row": 175,
    "severity": "error",
    "url": "https://docs.astral.sh/ruff/rules/line-too-long"
  },
  {
    "cell": null,
    "code": "E501",
    "end_location": {
      "column": 86,
      "row": 176
    },
    "filename": "C:\\Users\\pc01\\source\\repos\\image-downloader\\src\\image_downloader\\commands\\config.py",
    "fix": null,
    "location": {
      "column": 80,
      "row": 176
    },
    "message": "Line too long (85 > 79)",
    "name": "line-too-long",
    "noqa_row": 176,
    "severity": "error",
    "url": "https://docs.astral.sh/ruff/rules/line-too-long"
  },
  {
    "cell": null,
    "code": "E501",
    "end_location": {
      "column": 109,
      "row": 180
    },
    "filename": "C:\\Users\\pc01\\source\\repos\\image-downloader\\src\\image_downloader\\commands\\config.py",
    "fix": null,
    "location": {
      "column": 80,
      "row": 180
    },
    "message": "Line too long (108 > 79)",
    "name": "line-too-long",
    "noqa_row": 180,
    "severity": "error",
    "url": "https://docs.astral.sh/ruff/rules/line-too-long"
  },
  {
    "cell": null,
    "code": "E501",
    "end_location": {
      "column": 101,
      "row": 181
    },
    "filename": "C:\\Users\\pc01\\source\\repos\\image-downloader\\src\\image_downloader\\commands\\config.py",
    "fix": null,
    "location": {
      "column": 80,
      "row": 181
    },
    "message": "Line too long (100 > 79)",
    "name": "line-too-long",
    "noqa_row": 181,
    "severity": "error",
    "url": "https://docs.astral.sh/ruff/rules/line-too-long"
  },
  {
    "cell": null,
    "code": "E501",
    "end_location": {
      "column": 84,
      "row": 184
    },
    "filename": "C:\\Users\\pc01\\source\\repos\\image-downloader\\src\\image_downloader\\commands\\config.py",
    "fix": null,
    "location": {
      "column": 80,
      "row": 184
    },
    "message": "Line too long (83 > 79)",
    "name": "line-too-long",
    "noqa_row": 184,
    "severity": "error",
    "url": "https://docs.astral.sh/ruff/rules/line-too-long"
  },
  {
    "cell": null,
    "code": "E501",
    "end_location": {
      "column": 86,
      "row": 194
    },
    "filename": "C:\\Users\\pc01\\source\\repos\\image-downloader\\src\\image_downloader\\commands\\config.py",
    "fix": null,
    "location": {
      "column": 80,
      "row": 194
    },
    "message": "Line too long (85 > 79)",
    "name": "line-too-long",
    "noqa_row": 194,
    "severity": "error",
    "url": "https://docs.astral.sh/ruff/rules/line-too-long"
  },
  {
    "cell": null,
    "code": "E501",
    "end_location": {
      "column": 96,
      "row": 197
    },
    "filename": "C:\\Users\\pc01\\source\\repos\\image-downloader\\src\\image_downloader\\commands\\config.py",
    "fix": null,
    "location": {
      "column": 80,
      "row": 197
    },
    "message": "Line too long (95 > 79)",
    "name": "line-too-long",
    "noqa_row": 197,
    "severity": "error",
    "url": "https://docs.astral.sh/ruff/rules/line-too-long"
  },
  {
    "cell": null,
    "code": "E501",
    "end_location": {
      "column": 100,
      "row": 204
    },
    "filename": "C:\\Users\\pc01\\source\\repos\\image-downloader\\src\\image_downloader\\commands\\config.py",
    "fix": null,
    "location": {
      "column": 80,
      "row": 204
    },
    "message": "Line too long (99 > 79)",
    "name": "line-too-long",
    "noqa_row": 204,
    "severity": "error",
    "url": "https://docs.astral.sh/ruff/rules/line-too-long"
  },
  {
    "cell": null,
    "code": "E501",
    "end_location": {
      "column": 87,
      "row": 207
    },
    "filename": "C:\\Users\\pc01\\source\\repos\\image-downloader\\src\\image_downloader\\commands\\config.py",
    "fix": null,
    "location": {
      "column": 80,
      "row": 207
    },
    "message": "Line too long (86 > 79)",
    "name": "line-too-long",
    "noqa_row": 207,
    "severity": "error",
    "url": "https://docs.astral.sh/ruff/rules/line-too-long"
  },
  {
    "cell": null,
    "code": "E501",
    "end_location": {
      "column": 109,
      "row": 208
    },
    "filename": "C:\\Users\\pc01\\source\\repos\\image-downloader\\src\\image_downloader\\commands\\config.py",
    "fix": null,
    "location": {
      "column": 80,
      "row": 208
    },
    "message": "Line too long (108 > 79)",
    "name": "line-too-long",
    "noqa_row": 208,
    "severity": "error",
    "url": "https://docs.astral.sh/ruff/rules/line-too-long"
  },
  {
    "cell": null,
    "code": "E501",
    "end_location": {
      "column": 101,
      "row": 209
    },
    "filename": "C:\\Users\\pc01\\source\\repos\\image-downloader\\src\\image_downloader\\commands\\config.py",
    "fix": null,
    "location": {
      "column": 80,
      "row": 209
    },
    "message": "Line too long (100 > 79)",
    "name": "line-too-long",
    "noqa_row": 209,
    "severity": "error",
    "url": "https://docs.astral.sh/ruff/rules/line-too-long"
  },
  {
    "cell": null,
    "code": "E501",
    "end_location": {
      "column": 89,
      "row": 210
    },
    "filename": "C:\\Users\\pc01\\source\\repos\\image-downloader\\src\\image_downloader\\commands\\config.py",
    "fix": null,
    "location": {
      "column": 80,
      "row": 210
    },
    "message": "Line too long (88 > 79)",
    "name": "line-too-long",
    "noqa_row": 210,
    "severity": "error",
    "url": "https://docs.astral.sh/ruff/rules/line-too-long"
  },
  {
    "cell": null,
    "code": "E501",
    "end_location": {
      "column": 93,
      "row": 212
    },
    "filename": "C:\\Users\\pc01\\source\\repos\\image-downloader\\src\\image_downloader\\commands\\config.py",
    "fix": null,
    "location": {
      "column": 80,
      "row": 212
    },
    "message": "Line too long (92 > 79)",
    "name": "line-too-long",
    "noqa_row": 212,
    "severity": "error",
    "url": "https://docs.astral.sh/ruff/rules/line-too-long"
  },
  {
    "cell": null,
    "code": "E501",
    "end_location": {
      "column": 110,
      "row": 215
    },
    "filename": "C:\\Users\\pc01\\source\\repos\\image-downloader\\src\\image_downloader\\commands\\config.py",
    "fix": null,
    "location": {
      "column": 80,
      "row": 215
    },
    "message": "Line too long (109 > 79)",
    "name": "line-too-long",
    "noqa_row": 215,
    "severity": "error",
    "url": "https://docs.astral.sh/ruff/rules/line-too-long"
  },
  {
    "cell": null,
    "code": "E501",
    "end_location": {
      "column": 98,
      "row": 217
    },
    "filename": "C:\\Users\\pc01\\source\\repos\\image-downloader\\src\\image_downloader\\commands\\config.py",
    "fix": null,
    "location": {
      "column": 80,
      "row": 217
    },
    "message": "Line too long (97 > 79)",
    "name": "line-too-long",
    "noqa_row": 217,
    "severity": "error",
    "url": "https://docs.astral.sh/ruff/rules/line-too-long"
  },
  {
    "cell": null,
    "code": "E501",
    "end_location": {
      "column": 107,
      "row": 249
    },
    "filename": "C:\\Users\\pc01\\source\\repos\\image-downloader\\src\\image_downloader\\commands\\config.py",
    "fix": null,
    "location": {
      "column": 80,
      "row": 249
    },
    "message": "Line too long (106 > 79)",
    "name": "line-too-long",
    "noqa_row": 249,
    "severity": "error",
    "url": "https://docs.astral.sh/ruff/rules/line-too-long"
  },
  {
    "cell": null,
    "code": "E501",
    "end_location": {
      "column": 106,
      "row": 3
    },
    "filename": "C:\\Users\\pc01\\source\\repos\\image-downloader\\src\\image_downloader\\commands\\constants.py",
    "fix": null,
    "location": {
      "column": 80,
      "row": 3
    },
    "message": "Line too long (105 > 79)",
    "name": "line-too-long",
    "noqa_row": 3,
    "severity": "error",
    "url": "https://docs.astral.sh/ruff/rules/line-too-long"
  },
  {
    "cell": null,
    "code": "E501",
    "end_location": {
      "column": 104,
      "row": 48
    },
    "filename": "C:\\Users\\pc01\\source\\repos\\image-downloader\\src\\image_downloader\\commands\\cookie.py",
    "fix": null,
    "location": {
      "column": 80,
      "row": 48
    },
    "message": "Line too long (103 > 79)",
    "name": "line-too-long",
    "noqa_row": 48,
    "severity": "error",
    "url": "https://docs.astral.sh/ruff/rules/line-too-long"
  },
  {
    "cell": null,
    "code": "E501",
    "end_location": {
      "column": 108,
      "row": 52
    },
    "filename": "C:\\Users\\pc01\\source\\repos\\image-downloader\\src\\image_downloader\\commands\\cookie.py",
    "fix": null,
    "location": {
      "column": 80,
      "row": 52
    },
    "message": "Line too long (107 > 79)",
    "name": "line-too-long",
    "noqa_row": 52,
    "severity": "error",
    "url": "https://docs.astral.sh/ruff/rules/line-too-long"
  },
  {
    "cell": null,
    "code": "E501",
    "end_location": {
      "column": 108,
      "row": 54
    },
    "filename": "C:\\Users\\pc01\\source\\repos\\image-downloader\\src\\image_downloader\\commands\\cookie.py",
    "fix": null,
    "location": {
      "column": 80,
      "row": 54
    },
    "message": "Line too long (107 > 79)",
    "name": "line-too-long",
    "noqa_row": 54,
    "severity": "error",
    "url": "https://docs.astral.sh/ruff/rules/line-too-long"
  },
  {
    "cell": null,
    "code": "E501",
    "end_location": {
      "column": 82,
      "row": 58
    },
    "filename": "C:\\Users\\pc01\\source\\repos\\image-downloader\\src\\image_downloader\\commands\\cookie.py",
    "fix": null,
    "location": {
      "column": 80,
      "row": 58
    },
    "message": "Line too long (81 > 79)",
    "name": "line-too-long",
    "noqa_row": 58,
    "severity": "error",
    "url": "https://docs.astral.sh/ruff/rules/line-too-long"
  },
  {
    "cell": null,
    "code": "E501",
    "end_location": {
      "column": 115,
      "row": 60
    },
    "filename": "C:\\Users\\pc01\\source\\repos\\image-downloader\\src\\image_downloader\\commands\\cookie.py",
    "fix": null,
    "location": {
      "column": 80,
      "row": 60
    },
    "message": "Line too long (114 > 79)",
    "name": "line-too-long",
    "noqa_row": 60,
    "severity": "error",
    "url": "https://docs.astral.sh/ruff/rules/line-too-long"
  },
  {
    "cell": null,
    "code": "E501",
    "end_location": {
      "column": 86,
      "row": 73
    },
    "filename": "C:\\Users\\pc01\\source\\repos\\image-downloader\\src\\image_downloader\\commands\\cookie.py",
    "fix": null,
    "location": {
      "column": 80,
      "row": 73
    },
    "message": "Line too long (85 > 79)",
    "name": "line-too-long",
    "noqa_row": 73,
    "severity": "error",
    "url": "https://docs.astral.sh/ruff/rules/line-too-long"
  },
  {
    "cell": null,
    "code": "E501",
    "end_location": {
      "column": 82,
      "row": 75
    },
    "filename": "C:\\Users\\pc01\\source\\repos\\image-downloader\\src\\image_downloader\\commands\\cookie.py",
    "fix": null,
    "location": {
      "column": 80,
      "row": 75
    },
    "message": "Line too long (81 > 79)",
    "name": "line-too-long",
    "noqa_row": 75,
    "severity": "error",
    "url": "https://docs.astral.sh/ruff/rules/line-too-long"
  },
  {
    "cell": null,
    "code": "E501",
    "end_location": {
      "column": 90,
      "row": 23
    },
    "filename": "C:\\Users\\pc01\\source\\repos\\image-downloader\\src\\image_downloader\\commands\\dispatch.py",
    "fix": null,
    "location": {
      "column": 80,
      "row": 23
    },
    "message": "Line too long (89 > 79)",
    "name": "line-too-long",
    "noqa_row": 23,
    "severity": "error",
    "url": "https://docs.astral.sh/ruff/rules/line-too-long"
  },
  {
    "cell": null,
    "code": "E501",
    "end_location": {
      "column": 102,
      "row": 54
    },
    "filename": "C:\\Users\\pc01\\source\\repos\\image-downloader\\src\\image_downloader\\commands\\dispatch.py",
    "fix": null,
    "location": {
      "column": 80,
      "row": 54
    },
    "message": "Line too long (101 > 79)",
    "name": "line-too-long",
    "noqa_row": 54,
    "severity": "error",
    "url": "https://docs.astral.sh/ruff/rules/line-too-long"
  },
  {
    "cell": null,
    "code": "E501",
    "end_location": {
      "column": 91,
      "row": 58
    },
    "filename": "C:\\Users\\pc01\\source\\repos\\image-downloader\\src\\image_downloader\\commands\\dispatch.py",
    "fix": null,
    "location": {
      "column": 80,
      "row": 58
    },
    "message": "Line too long (90 > 79)",
    "name": "line-too-long",
    "noqa_row": 58,
    "severity": "error",
    "url": "https://docs.astral.sh/ruff/rules/line-too-long"
  },
  {
    "cell": null,
    "code": "E501",
    "end_location": {
      "column": 87,
      "row": 59
    },
    "filename": "C:\\Users\\pc01\\source\\repos\\image-downloader\\src\\image_downloader\\commands\\dispatch.py",
    "fix": null,
    "location": {
      "column": 80,
      "row": 59
    },
    "message": "Line too long (86 > 79)",
    "name": "line-too-long",
    "noqa_row": 59,
    "severity": "error",
    "url": "https://docs.astral.sh/ruff/rules/line-too-long"
  },
  {
    "cell": null,
    "code": "E501",
    "end_location": {
      "column": 82,
      "row": 114
    },
    "filename": "C:\\Users\\pc01\\source\\repos\\image-downloader\\src\\image_downloader\\commands\\dispatch.py",
    "fix": null,
    "location": {
      "column": 80,
      "row": 114
    },
    "message": "Line too long (81 > 79)",
    "name": "line-too-long",
    "noqa_row": 114,
    "severity": "error",
    "url": "https://docs.astral.sh/ruff/rules/line-too-long"
  },
  {
    "cell": null,
    "code": "E501",
    "end_location": {
      "column": 83,
      "row": 119
    },
    "filename": "C:\\Users\\pc01\\source\\repos\\image-downloader\\src\\image_downloader\\commands\\dispatch.py",
    "fix": null,
    "location": {
      "column": 80,
      "row": 119
    },
    "message": "Line too long (82 > 79)",
    "name": "line-too-long",
    "noqa_row": 119,
    "severity": "error",
    "url": "https://docs.astral.sh/ruff/rules/line-too-long"
  },
  {
    "cell": null,
    "code": "E501",
    "end_location": {
      "column": 82,
      "row": 138
    },
    "filename": "C:\\Users\\pc01\\source\\repos\\image-downloader\\src\\image_downloader\\commands\\dispatch.py",
    "fix": null,
    "location": {
      "column": 80,
      "row": 138
    },
    "message": "Line too long (81 > 79)",
    "name": "line-too-long",
    "noqa_row": 138,
    "severity": "error",
    "url": "https://docs.astral.sh/ruff/rules/line-too-long"
  },
  {
    "cell": null,
    "code": "E501",
    "end_location": {
      "column": 118,
      "row": 139
    },
    "filename": "C:\\Users\\pc01\\source\\repos\\image-downloader\\src\\image_downloader\\commands\\dispatch.py",
    "fix": null,
    "location": {
      "column": 80,
      "row": 139
    },
    "message": "Line too long (117 > 79)",
    "name": "line-too-long",
    "noqa_row": 139,
    "severity": "error",
    "url": "https://docs.astral.sh/ruff/rules/line-too-long"
  },
  {
    "cell": null,
    "code": "E501",
    "end_location": {
      "column": 106,
      "row": 17
    },
    "filename": "C:\\Users\\pc01\\source\\repos\\image-downloader\\src\\image_downloader\\commands\\doctor.py",
    "fix": null,
    "location": {
      "column": 80,
      "row": 17
    },
    "message": "Line too long (105 > 79)",
    "name": "line-too-long",
    "noqa_row": 17,
    "severity": "error",
    "url": "https://docs.astral.sh/ruff/rules/line-too-long"
  },
  {
    "cell": null,
    "code": "E501",
    "end_location": {
      "column": 82,
      "row": 52
    },
    "filename": "C:\\Users\\pc01\\source\\repos\\image-downloader\\src\\image_downloader\\commands\\doctor.py",
    "fix": null,
    "location": {
      "column": 80,
      "row": 52
    },
    "message": "Line too long (81 > 79)",
    "name": "line-too-long",
    "noqa_row": 52,
    "severity": "error",
    "url": "https://docs.astral.sh/ruff/rules/line-too-long"
  },
  {
    "cell": null,
    "code": "E501",
    "end_location": {
      "column": 82,
      "row": 63
    },
    "filename": "C:\\Users\\pc01\\source\\repos\\image-downloader\\src\\image_downloader\\commands\\doctor.py",
    "fix": null,
    "location": {
      "column": 80,
      "row": 63
    },
    "message": "Line too long (81 > 79)",
    "name": "line-too-long",
    "noqa_row": 63,
    "severity": "error",
    "url": "https://docs.astral.sh/ruff/rules/line-too-long"
  },
  {
    "cell": null,
    "code": "E501",
    "end_location": {
      "column": 106,
      "row": 64
    },
    "filename": "C:\\Users\\pc01\\source\\repos\\image-downloader\\src\\image_downloader\\commands\\doctor.py",
    "fix": null,
    "location": {
      "column": 80,
      "row": 64
    },
    "message": "Line too long (105 > 79)",
    "name": "line-too-long",
    "noqa_row": 64,
    "severity": "error",
    "url": "https://docs.astral.sh/ruff/rules/line-too-long"
  },
  {
    "cell": null,
    "code": "E501",
    "end_location": {
      "column": 120,
      "row": 83
    },
    "filename": "C:\\Users\\pc01\\source\\repos\\image-downloader\\src\\image_downloader\\commands\\doctor.py",
    "fix": null,
    "location": {
      "column": 80,
      "row": 83
    },
    "message": "Line too long (119 > 79)",
    "name": "line-too-long",
    "noqa_row": 83,
    "severity": "error",
    "url": "https://docs.astral.sh/ruff/rules/line-too-long"
  },
  {
    "cell": null,
    "code": "E501",
    "end_location": {
      "column": 114,
      "row": 84
    },
    "filename": "C:\\Users\\pc01\\source\\repos\\image-downloader\\src\\image_downloader\\commands\\doctor.py",
    "fix": null,
    "location": {
      "column": 80,
      "row": 84
    },
    "message": "Line too long (113 > 79)",
    "name": "line-too-long",
    "noqa_row": 84,
    "severity": "error",
    "url": "https://docs.astral.sh/ruff/rules/line-too-long"
  },
  {
    "cell": null,
    "code": "E501",
    "end_location": {
      "column": 88,
      "row": 87
    },
    "filename": "C:\\Users\\pc01\\source\\repos\\image-downloader\\src\\image_downloader\\commands\\doctor.py",
    "fix": null,
    "location": {
      "column": 80,
      "row": 87
    },
    "message": "Line too long (87 > 79)",
    "name": "line-too-long",
    "noqa_row": 87,
    "severity": "error",
    "url": "https://docs.astral.sh/ruff/rules/line-too-long"
  },
  {
    "cell": null,
    "code": "E501",
    "end_location": {
      "column": 114,
      "row": 106
    },
    "filename": "C:\\Users\\pc01\\source\\repos\\image-downloader\\src\\image_downloader\\commands\\doctor.py",
    "fix": null,
    "location": {
      "column": 80,
      "row": 106
    },
    "message": "Line too long (113 > 79)",
    "name": "line-too-long",
    "noqa_row": 106,
    "severity": "error",
    "url": "https://docs.astral.sh/ruff/rules/line-too-long"
  },
  {
    "cell": null,
    "code": "E501",
    "end_location": {
      "column": 95,
      "row": 113
    },
    "filename": "C:\\Users\\pc01\\source\\repos\\image-downloader\\src\\image_downloader\\commands\\doctor.py",
    "fix": null,
    "location": {
      "column": 80,
      "row": 113
    },
    "message": "Line too long (94 > 79)",
    "name": "line-too-long",
    "noqa_row": 113,
    "severity": "error",
    "url": "https://docs.astral.sh/ruff/rules/line-too-long"
  },
  {
    "cell": null,
    "code": "E501",
    "end_location": {
      "column": 82,
      "row": 115
    },
    "filename": "C:\\Users\\pc01\\source\\repos\\image-downloader\\src\\image_downloader\\commands\\doctor.py",
    "fix": null,
    "location": {
      "column": 80,
      "row": 115
    },
    "message": "Line too long (81 > 79)",
    "name": "line-too-long",
    "noqa_row": 115,
    "severity": "error",
    "url": "https://docs.astral.sh/ruff/rules/line-too-long"
  },
  {
    "cell": null,
    "code": "E501",
    "end_location": {
      "column": 87,
      "row": 118
    },
    "filename": "C:\\Users\\pc01\\source\\repos\\image-downloader\\src\\image_downloader\\commands\\doctor.py",
    "fix": null,
    "location": {
      "column": 80,
      "row": 118
    },
    "message": "Line too long (86 > 79)",
    "name": "line-too-long",
    "noqa_row": 118,
    "severity": "error",
    "url": "https://docs.astral.sh/ruff/rules/line-too-long"
  },
  {
    "cell": null,
    "code": "E501",
    "end_location": {
      "column": 86,
      "row": 120
    },
    "filename": "C:\\Users\\pc01\\source\\repos\\image-downloader\\src\\image_downloader\\commands\\doctor.py",
    "fix": null,
    "location": {
      "column": 80,
      "row": 120
    },
    "message": "Line too long (85 > 79)",
    "name": "line-too-long",
    "noqa_row": 120,
    "severity": "error",
    "url": "https://docs.astral.sh/ruff/rules/line-too-long"
  },
  {
    "cell": null,
    "code": "E501",
    "end_location": {
      "column": 85,
      "row": 124
    },
    "filename": "C:\\Users\\pc01\\source\\repos\\image-downloader\\src\\image_downloader\\commands\\doctor.py",
    "fix": null,
    "location": {
      "column": 80,
      "row": 124
    },
    "message": "Line too long (84 > 79)",
    "name": "line-too-long",
    "noqa_row": 124,
    "severity": "error",
    "url": "https://docs.astral.sh/ruff/rules/line-too-long"
  },
  {
    "cell": null,
    "code": "E501",
    "end_location": {
      "column": 84,
      "row": 154
    },
    "filename": "C:\\Users\\pc01\\source\\repos\\image-downloader\\src\\image_downloader\\commands\\doctor.py",
    "fix": null,
    "location": {
      "column": 80,
      "row": 154
    },
    "message": "Line too long (83 > 79)",
    "name": "line-too-long",
    "noqa_row": 154,
    "severity": "error",
    "url": "https://docs.astral.sh/ruff/rules/line-too-long"
  },
  {
    "cell": null,
    "code": "E501",
    "end_location": {
      "column": 84,
      "row": 160
    },
    "filename": "C:\\Users\\pc01\\source\\repos\\image-downloader\\src\\image_downloader\\commands\\doctor.py",
    "fix": null,
    "location": {
      "column": 80,
      "row": 160
    },
    "message": "Line too long (83 > 79)",
    "name": "line-too-long",
    "noqa_row": 160,
    "severity": "error",
    "url": "https://docs.astral.sh/ruff/rules/line-too-long"
  },
  {
    "cell": null,
    "code": "E501",
    "end_location": {
      "column": 83,
      "row": 17
    },
    "filename": "C:\\Users\\pc01\\source\\repos\\image-downloader\\src\\image_downloader\\commands\\download.py",
    "fix": null,
    "location": {
      "column": 80,
      "row": 17
    },
    "message": "Line too long (82 > 79)",
    "name": "line-too-long",
    "noqa_row": 17,
    "severity": "error",
    "url": "https://docs.astral.sh/ruff/rules/line-too-long"
  },
  {
    "cell": null,
    "code": "E501",
    "end_location": {
      "column": 118,
      "row": 36
    },
    "filename": "C:\\Users\\pc01\\source\\repos\\image-downloader\\src\\image_downloader\\commands\\download.py",
    "fix": null,
    "location": {
      "column": 80,
      "row": 36
    },
    "message": "Line too long (117 > 79)",
    "name": "line-too-long",
    "noqa_row": 36,
    "severity": "error",
    "url": "https://docs.astral.sh/ruff/rules/line-too-long"
  },
  {
    "cell": null,
    "code": "E501",
    "end_location": {
      "column": 87,
      "row": 39
    },
    "filename": "C:\\Users\\pc01\\source\\repos\\image-downloader\\src\\image_downloader\\commands\\download.py",
    "fix": null,
    "location": {
      "column": 80,
      "row": 39
    },
    "message": "Line too long (86 > 79)",
    "name": "line-too-long",
    "noqa_row": 39,
    "severity": "error",
    "url": "https://docs.astral.sh/ruff/rules/line-too-long"
  },
  {
    "cell": null,
    "code": "E501",
    "end_location": {
      "column": 84,
      "row": 41
    },
    "filename": "C:\\Users\\pc01\\source\\repos\\image-downloader\\src\\image_downloader\\commands\\download.py",
    "fix": null,
    "location": {
      "column": 80,
      "row": 41
    },
    "message": "Line too long (83 > 79)",
    "name": "line-too-long",
    "noqa_row": 41,
    "severity": "error",
    "url": "https://docs.astral.sh/ruff/rules/line-too-long"
  },
  {
    "cell": null,
    "code": "E501",
    "end_location": {
      "column": 105,
      "row": 43
    },
    "filename": "C:\\Users\\pc01\\source\\repos\\image-downloader\\src\\image_downloader\\commands\\download.py",
    "fix": null,
    "location": {
      "column": 80,
      "row": 43
    },
    "message": "Line too long (104 > 79)",
    "name": "line-too-long",
    "noqa_row": 43,
    "severity": "error",
    "url": "https://docs.astral.sh/ruff/rules/line-too-long"
  },
  {
    "cell": null,
    "code": "E501",
    "end_location": {
      "column": 84,
      "row": 56
    },
    "filename": "C:\\Users\\pc01\\source\\repos\\image-downloader\\src\\image_downloader\\commands\\download.py",
    "fix": null,
    "location": {
      "column": 80,
      "row": 56
    },
    "message": "Line too long (83 > 79)",
    "name": "line-too-long",
    "noqa_row": 56,
    "severity": "error",
    "url": "https://docs.astral.sh/ruff/rules/line-too-long"
  },
  {
    "cell": null,
    "code": "E501",
    "end_location": {
      "column": 96,
      "row": 65
    },
    "filename": "C:\\Users\\pc01\\source\\repos\\image-downloader\\src\\image_downloader\\commands\\download.py",
    "fix": null,
    "location": {
      "column": 80,
      "row": 65
    },
    "message": "Line too long (95 > 79)",
    "name": "line-too-long",
    "noqa_row": 65,
    "severity": "error",
    "url": "https://docs.astral.sh/ruff/rules/line-too-long"
  },
  {
    "cell": null,
    "code": "E501",
    "end_location": {
      "column": 118,
      "row": 78
    },
    "filename": "C:\\Users\\pc01\\source\\repos\\image-downloader\\src\\image_downloader\\commands\\download.py",
    "fix": null,
    "location": {
      "column": 80,
      "row": 78
    },
    "message": "Line too long (117 > 79)",
    "name": "line-too-long",
    "noqa_row": 78,
    "severity": "error",
    "url": "https://docs.astral.sh/ruff/rules/line-too-long"
  },
  {
    "cell": null,
    "code": "E501",
    "end_location": {
      "column": 107,
      "row": 79
    },
    "filename": "C:\\Users\\pc01\\source\\repos\\image-downloader\\src\\image_downloader\\commands\\download.py",
    "fix": null,
    "location": {
      "column": 80,
      "row": 79
    },
    "message": "Line too long (106 > 79)",
    "name": "line-too-long",
    "noqa_row": 79,
    "severity": "error",
    "url": "https://docs.astral.sh/ruff/rules/line-too-long"
  },
  {
    "cell": null,
    "code": "E501",
    "end_location": {
      "column": 103,
      "row": 81
    },
    "filename": "C:\\Users\\pc01\\source\\repos\\image-downloader\\src\\image_downloader\\commands\\download.py",
    "fix": null,
    "location": {
      "column": 80,
      "row": 81
    },
    "message": "Line too long (102 > 79)",
    "name": "line-too-long",
    "noqa_row": 81,
    "severity": "error",
    "url": "https://docs.astral.sh/ruff/rules/line-too-long"
  },
  {
    "cell": null,
    "code": "E501",
    "end_location": {
      "column": 91,
      "row": 86
    },
    "filename": "C:\\Users\\pc01\\source\\repos\\image-downloader\\src\\image_downloader\\commands\\download.py",
    "fix": null,
    "location": {
      "column": 80,
      "row": 86
    },
    "message": "Line too long (90 > 79)",
    "name": "line-too-long",
    "noqa_row": 86,
    "severity": "error",
    "url": "https://docs.astral.sh/ruff/rules/line-too-long"
  },
  {
    "cell": null,
    "code": "E501",
    "end_location": {
      "column": 107,
      "row": 104
    },
    "filename": "C:\\Users\\pc01\\source\\repos\\image-downloader\\src\\image_downloader\\commands\\download.py",
    "fix": null,
    "location": {
      "column": 80,
      "row": 104
    },
    "message": "Line too long (106 > 79)",
    "name": "line-too-long",
    "noqa_row": 104,
    "severity": "error",
    "url": "https://docs.astral.sh/ruff/rules/line-too-long"
  },
  {
    "cell": null,
    "code": "E501",
    "end_location": {
      "column": 95,
      "row": 109
    },
    "filename": "C:\\Users\\pc01\\source\\repos\\image-downloader\\src\\image_downloader\\commands\\download.py",
    "fix": null,
    "location": {
      "column": 80,
      "row": 109
    },
    "message": "Line too long (94 > 79)",
    "name": "line-too-long",
    "noqa_row": 109,
    "severity": "error",
    "url": "https://docs.astral.sh/ruff/rules/line-too-long"
  },
  {
    "cell": null,
    "code": "E501",
    "end_location": {
      "column": 104,
      "row": 110
    },
    "filename": "C:\\Users\\pc01\\source\\repos\\image-downloader\\src\\image_downloader\\commands\\download.py",
    "fix": null,
    "location": {
      "column": 80,
      "row": 110
    },
    "message": "Line too long (103 > 79)",
    "name": "line-too-long",
    "noqa_row": 110,
    "severity": "error",
    "url": "https://docs.astral.sh/ruff/rules/line-too-long"
  },
  {
    "cell": null,
    "code": "E501",
    "end_location": {
      "column": 103,
      "row": 112
    },
    "filename": "C:\\Users\\pc01\\source\\repos\\image-downloader\\src\\image_downloader\\commands\\download.py",
    "fix": null,
    "location": {
      "column": 80,
      "row": 112
    },
    "message": "Line too long (102 > 79)",
    "name": "line-too-long",
    "noqa_row": 112,
    "severity": "error",
    "url": "https://docs.astral.sh/ruff/rules/line-too-long"
  },
  {
    "cell": null,
    "code": "E501",
    "end_location": {
      "column": 94,
      "row": 114
    },
    "filename": "C:\\Users\\pc01\\source\\repos\\image-downloader\\src\\image_downloader\\commands\\download.py",
    "fix": null,
    "location": {
      "column": 80,
      "row": 114
    },
    "message": "Line too long (93 > 79)",
    "name": "line-too-long",
    "noqa_row": 114,
    "severity": "error",
    "url": "https://docs.astral.sh/ruff/rules/line-too-long"
  },
  {
    "cell": null,
    "code": "E501",
    "end_location": {
      "column": 117,
      "row": 115
    },
    "filename": "C:\\Users\\pc01\\source\\repos\\image-downloader\\src\\image_downloader\\commands\\download.py",
    "fix": null,
    "location": {
      "column": 80,
      "row": 115
    },
    "message": "Line too long (116 > 79)",
    "name": "line-too-long",
    "noqa_row": 115,
    "severity": "error",
    "url": "https://docs.astral.sh/ruff/rules/line-too-long"
  },
  {
    "cell": null,
    "code": "E501",
    "end_location": {
      "column": 84,
      "row": 118
    },
    "filename": "C:\\Users\\pc01\\source\\repos\\image-downloader\\src\\image_downloader\\commands\\download.py",
    "fix": null,
    "location": {
      "column": 80,
      "row": 118
    },
    "message": "Line too long (83 > 79)",
    "name": "line-too-long",
    "noqa_row": 118,
    "severity": "error",
    "url": "https://docs.astral.sh/ruff/rules/line-too-long"
  },
  {
    "cell": null,
    "code": "E501",
    "end_location": {
      "column": 84,
      "row": 134
    },
    "filename": "C:\\Users\\pc01\\source\\repos\\image-downloader\\src\\image_downloader\\commands\\download.py",
    "fix": null,
    "location": {
      "column": 80,
      "row": 134
    },
    "message": "Line too long (83 > 79)",
    "name": "line-too-long",
    "noqa_row": 134,
    "severity": "error",
    "url": "https://docs.astral.sh/ruff/rules/line-too-long"
  },
  {
    "cell": null,
    "code": "E501",
    "end_location": {
      "column": 102,
      "row": 14
    },
    "filename": "C:\\Users\\pc01\\source\\repos\\image-downloader\\src\\image_downloader\\commands\\inspect.py",
    "fix": null,
    "location": {
      "column": 80,
      "row": 14
    },
    "message": "Line too long (101 > 79)",
    "name": "line-too-long",
    "noqa_row": 14,
    "severity": "error",
    "url": "https://docs.astral.sh/ruff/rules/line-too-long"
  },
  {
    "cell": null,
    "code": "E501",
    "end_location": {
      "column": 81,
      "row": 54
    },
    "filename": "C:\\Users\\pc01\\source\\repos\\image-downloader\\src\\image_downloader\\commands\\inspect.py",
    "fix": null,
    "location": {
      "column": 80,
      "row": 54
    },
    "message": "Line too long (80 > 79)",
    "name": "line-too-long",
    "noqa_row": 54,
    "severity": "error",
    "url": "https://docs.astral.sh/ruff/rules/line-too-long"
  },
  {
    "cell": null,
    "code": "E501",
    "end_location": {
      "column": 84,
      "row": 74
    },
    "filename": "C:\\Users\\pc01\\source\\repos\\image-downloader\\src\\image_downloader\\commands\\inspect.py",
    "fix": null,
    "location": {
      "column": 80,
      "row": 74
    },
    "message": "Line too long (83 > 79)",
    "name": "line-too-long",
    "noqa_row": 74,
    "severity": "error",
    "url": "https://docs.astral.sh/ruff/rules/line-too-long"
  },
  {
    "cell": null,
    "code": "E501",
    "end_location": {
      "column": 84,
      "row": 100
    },
    "filename": "C:\\Users\\pc01\\source\\repos\\image-downloader\\src\\image_downloader\\commands\\inspect.py",
    "fix": null,
    "location": {
      "column": 80,
      "row": 100
    },
    "message": "Line too long (83 > 79)",
    "name": "line-too-long",
    "noqa_row": 100,
    "severity": "error",
    "url": "https://docs.astral.sh/ruff/rules/line-too-long"
  },
  {
    "cell": null,
    "code": "E501",
    "end_location": {
      "column": 97,
      "row": 104
    },
    "filename": "C:\\Users\\pc01\\source\\repos\\image-downloader\\src\\image_downloader\\commands\\inspect.py",
    "fix": null,
    "location": {
      "column": 80,
      "row": 104
    },
    "message": "Line too long (96 > 79)",
    "name": "line-too-long",
    "noqa_row": 104,
    "severity": "error",
    "url": "https://docs.astral.sh/ruff/rules/line-too-long"
  },
  {
    "cell": null,
    "code": "E501",
    "end_location": {
      "column": 97,
      "row": 105
    },
    "filename": "C:\\Users\\pc01\\source\\repos\\image-downloader\\src\\image_downloader\\commands\\inspect.py",
    "fix": null,
    "location": {
      "column": 80,
      "row": 105
    },
    "message": "Line too long (96 > 79)",
    "name": "line-too-long",
    "noqa_row": 105,
    "severity": "error",
    "url": "https://docs.astral.sh/ruff/rules/line-too-long"
  },
  {
    "cell": null,
    "code": "E501",
    "end_location": {
      "column": 89,
      "row": 117
    },
    "filename": "C:\\Users\\pc01\\source\\repos\\image-downloader\\src\\image_downloader\\commands\\inspect.py",
    "fix": null,
    "location": {
      "column": 80,
      "row": 117
    },
    "message": "Line too long (88 > 79)",
    "name": "line-too-long",
    "noqa_row": 117,
    "severity": "error",
    "url": "https://docs.astral.sh/ruff/rules/line-too-long"
  },
  {
    "cell": null,
    "code": "E501",
    "end_location": {
      "column": 83,
      "row": 168
    },
    "filename": "C:\\Users\\pc01\\source\\repos\\image-downloader\\src\\image_downloader\\commands\\inspect.py",
    "fix": null,
    "location": {
      "column": 80,
      "row": 168
    },
    "message": "Line too long (82 > 79)",
    "name": "line-too-long",
    "noqa_row": 168,
    "severity": "error",
    "url": "https://docs.astral.sh/ruff/rules/line-too-long"
  },
  {
    "cell": null,
    "code": "E501",
    "end_location": {
      "column": 89,
      "row": 179
    },
    "filename": "C:\\Users\\pc01\\source\\repos\\image-downloader\\src\\image_downloader\\commands\\inspect.py",
    "fix": null,
    "location": {
      "column": 80,
      "row": 179
    },
    "message": "Line too long (88 > 79)",
    "name": "line-too-long",
    "noqa_row": 179,
    "severity": "error",
    "url": "https://docs.astral.sh/ruff/rules/line-too-long"
  },
  {
    "cell": null,
    "code": "E501",
    "end_location": {
      "column": 102,
      "row": 186
    },
    "filename": "C:\\Users\\pc01\\source\\repos\\image-downloader\\src\\image_downloader\\commands\\inspect.py",
    "fix": null,
    "location": {
      "column": 80,
      "row": 186
    },
    "message": "Line too long (101 > 79)",
    "name": "line-too-long",
    "noqa_row": 186,
    "severity": "error",
    "url": "https://docs.astral.sh/ruff/rules/line-too-long"
  },
  {
    "cell": null,
    "code": "E501",
    "end_location": {
      "column": 98,
      "row": 187
    },
    "filename": "C:\\Users\\pc01\\source\\repos\\image-downloader\\src\\image_downloader\\commands\\inspect.py",
    "fix": null,
    "location": {
      "column": 80,
      "row": 187
    },
    "message": "Line too long (97 > 79)",
    "name": "line-too-long",
    "noqa_row": 187,
    "severity": "error",
    "url": "https://docs.astral.sh/ruff/rules/line-too-long"
  },
  {
    "cell": null,
    "code": "E501",
    "end_location": {
      "column": 87,
      "row": 202
    },
    "filename": "C:\\Users\\pc01\\source\\repos\\image-downloader\\src\\image_downloader\\commands\\inspect.py",
    "fix": null,
    "location": {
      "column": 80,
      "row": 202
    },
    "message": "Line too long (86 > 79)",
    "name": "line-too-long",
    "noqa_row": 202,
    "severity": "error",
    "url": "https://docs.astral.sh/ruff/rules/line-too-long"
  },
  {
    "cell": null,
    "code": "E501",
    "end_location": {
      "column": 98,
      "row": 204
    },
    "filename": "C:\\Users\\pc01\\source\\repos\\image-downloader\\src\\image_downloader\\commands\\inspect.py",
    "fix": null,
    "location": {
      "column": 80,
      "row": 204
    },
    "message": "Line too long (97 > 79)",
    "name": "line-too-long",
    "noqa_row": 204,
    "severity": "error",
    "url": "https://docs.astral.sh/ruff/rules/line-too-long"
  },
  {
    "cell": null,
    "code": "E501",
    "end_location": {
      "column": 84,
      "row": 1
    },
    "filename": "C:\\Users\\pc01\\source\\repos\\image-downloader\\src\\image_downloader\\commands\\options.py",
    "fix": null,
    "location": {
      "column": 80,
      "row": 1
    },
    "message": "Line too long (83 > 79)",
    "name": "line-too-long",
    "noqa_row": 1,
    "severity": "error",
    "url": "https://docs.astral.sh/ruff/rules/line-too-long"
  },
  {
    "cell": null,
    "code": "E501",
    "end_location": {
      "column": 113,
      "row": 32
    },
    "filename": "C:\\Users\\pc01\\source\\repos\\image-downloader\\src\\image_downloader\\commands\\options.py",
    "fix": null,
    "location": {
      "column": 80,
      "row": 32
    },
    "message": "Line too long (112 > 79)",
    "name": "line-too-long",
    "noqa_row": 32,
    "severity": "error",
    "url": "https://docs.astral.sh/ruff/rules/line-too-long"
  },
  {
    "cell": null,
    "code": "E501",
    "end_location": {
      "column": 103,
      "row": 49
    },
    "filename": "C:\\Users\\pc01\\source\\repos\\image-downloader\\src\\image_downloader\\commands\\options.py",
    "fix": null,
    "location": {
      "column": 80,
      "row": 49
    },
    "message": "Line too long (102 > 79)",
    "name": "line-too-long",
    "noqa_row": 49,
    "severity": "error",
    "url": "https://docs.astral.sh/ruff/rules/line-too-long"
  },
  {
    "cell": null,
    "code": "E501",
    "end_location": {
      "column": 105,
      "row": 51
    },
    "filename": "C:\\Users\\pc01\\source\\repos\\image-downloader\\src\\image_downloader\\commands\\options.py",
    "fix": null,
    "location": {
      "column": 80,
      "row": 51
    },
    "message": "Line too long (104 > 79)",
    "name": "line-too-long",
    "noqa_row": 51,
    "severity": "error",
    "url": "https://docs.astral.sh/ruff/rules/line-too-long"
  },
  {
    "cell": null,
    "code": "E501",
    "end_location": {
      "column": 93,
      "row": 52
    },
    "filename": "C:\\Users\\pc01\\source\\repos\\image-downloader\\src\\image_downloader\\commands\\options.py",
    "fix": null,
    "location": {
      "column": 80,
      "row": 52
    },
    "message": "Line too long (92 > 79)",
    "name": "line-too-long",
    "noqa_row": 52,
    "severity": "error",
    "url": "https://docs.astral.sh/ruff/rules/line-too-long"
  },
  {
    "cell": null,
    "code": "E501",
    "end_location": {
      "column": 86,
      "row": 58
    },
    "filename": "C:\\Users\\pc01\\source\\repos\\image-downloader\\src\\image_downloader\\commands\\options.py",
    "fix": null,
    "location": {
      "column": 80,
      "row": 58
    },
    "message": "Line too long (85 > 79)",
    "name": "line-too-long",
    "noqa_row": 58,
    "severity": "error",
    "url": "https://docs.astral.sh/ruff/rules/line-too-long"
  },
  {
    "cell": null,
    "code": "E501",
    "end_location": {
      "column": 120,
      "row": 62
    },
    "filename": "C:\\Users\\pc01\\source\\repos\\image-downloader\\src\\image_downloader\\commands\\options.py",
    "fix": null,
    "location": {
      "column": 80,
      "row": 62
    },
    "message": "Line too long (119 > 79)",
    "name": "line-too-long",
    "noqa_row": 62,
    "severity": "error",
    "url": "https://docs.astral.sh/ruff/rules/line-too-long"
  },
  {
    "cell": null,
    "code": "E501",
    "end_location": {
      "column": 92,
      "row": 63
    },
    "filename": "C:\\Users\\pc01\\source\\repos\\image-downloader\\src\\image_downloader\\commands\\options.py",
    "fix": null,
    "location": {
      "column": 80,
      "row": 63
    },
    "message": "Line too long (91 > 79)",
    "name": "line-too-long",
    "noqa_row": 63,
    "severity": "error",
    "url": "https://docs.astral.sh/ruff/rules/line-too-long"
  },
  {
    "cell": null,
    "code": "E501",
    "end_location": {
      "column": 89,
      "row": 64
    },
    "filename": "C:\\Users\\pc01\\source\\repos\\image-downloader\\src\\image_downloader\\commands\\options.py",
    "fix": null,
    "location": {
      "column": 80,
      "row": 64
    },
    "message": "Line too long (88 > 79)",
    "name": "line-too-long",
    "noqa_row": 64,
    "severity": "error",
    "url": "https://docs.astral.sh/ruff/rules/line-too-long"
  },
  {
    "cell": null,
    "code": "E501",
    "end_location": {
      "column": 115,
      "row": 65
    },
    "filename": "C:\\Users\\pc01\\source\\repos\\image-downloader\\src\\image_downloader\\commands\\options.py",
    "fix": null,
    "location": {
      "column": 80,
      "row": 65
    },
    "message": "Line too long (114 > 79)",
    "name": "line-too-long",
    "noqa_row": 65,
    "severity": "error",
    "url": "https://docs.astral.sh/ruff/rules/line-too-long"
  },
  {
    "cell": null,
    "code": "E501",
    "end_location": {
      "column": 91,
      "row": 71
    },
    "filename": "C:\\Users\\pc01\\source\\repos\\image-downloader\\src\\image_downloader\\commands\\options.py",
    "fix": null,
    "location": {
      "column": 80,
      "row": 71
    },
    "message": "Line too long (90 > 79)",
    "name": "line-too-long",
    "noqa_row": 71,
    "severity": "error",
    "url": "https://docs.astral.sh/ruff/rules/line-too-long"
  },
  {
    "cell": null,
    "code": "E501",
    "end_location": {
      "column": 82,
      "row": 80
    },
    "filename": "C:\\Users\\pc01\\source\\repos\\image-downloader\\src\\image_downloader\\commands\\options.py",
    "fix": null,
    "location": {
      "column": 80,
      "row": 80
    },
    "message": "Line too long (81 > 79)",
    "name": "line-too-long",
    "noqa_row": 80,
    "severity": "error",
    "url": "https://docs.astral.sh/ruff/rules/line-too-long"
  },
  {
    "cell": null,
    "code": "E501",
    "end_location": {
      "column": 83,
      "row": 81
    },
    "filename": "C:\\Users\\pc01\\source\\repos\\image-downloader\\src\\image_downloader\\commands\\options.py",
    "fix": null,
    "location": {
      "column": 80,
      "row": 81
    },
    "message": "Line too long (82 > 79)",
    "name": "line-too-long",
    "noqa_row": 81,
    "severity": "error",
    "url": "https://docs.astral.sh/ruff/rules/line-too-long"
  },
  {
    "cell": null,
    "code": "E501",
    "end_location": {
      "column": 100,
      "row": 82
    },
    "filename": "C:\\Users\\pc01\\source\\repos\\image-downloader\\src\\image_downloader\\commands\\options.py",
    "fix": null,
    "location": {
      "column": 80,
      "row": 82
    },
    "message": "Line too long (99 > 79)",
    "name": "line-too-long",
    "noqa_row": 82,
    "severity": "error",
    "url": "https://docs.astral.sh/ruff/rules/line-too-long"
  },
  {
    "cell": null,
    "code": "E501",
    "end_location": {
      "column": 111,
      "row": 83
    },
    "filename": "C:\\Users\\pc01\\source\\repos\\image-downloader\\src\\image_downloader\\commands\\options.py",
    "fix": null,
    "location": {
      "column": 80,
      "row": 83
    },
    "message": "Line too long (110 > 79)",
    "name": "line-too-long",
    "noqa_row": 83,
    "severity": "error",
    "url": "https://docs.astral.sh/ruff/rules/line-too-long"
  },
  {
    "cell": null,
    "code": "E501",
    "end_location": {
      "column": 121,
      "row": 85
    },
    "filename": "C:\\Users\\pc01\\source\\repos\\image-downloader\\src\\image_downloader\\commands\\options.py",
    "fix": null,
    "location": {
      "column": 80,
      "row": 85
    },
    "message": "Line too long (120 > 79)",
    "name": "line-too-long",
    "noqa_row": 85,
    "severity": "error",
    "url": "https://docs.astral.sh/ruff/rules/line-too-long"
  },
  {
    "cell": null,
    "code": "E501",
    "end_location": {
      "column": 116,
      "row": 86
    },
    "filename": "C:\\Users\\pc01\\source\\repos\\image-downloader\\src\\image_downloader\\commands\\options.py",
    "fix": null,
    "location": {
      "column": 80,
      "row": 86
    },
    "message": "Line too long (115 > 79)",
    "name": "line-too-long",
    "noqa_row": 86,
    "severity": "error",
    "url": "https://docs.astral.sh/ruff/rules/line-too-long"
  },
  {
    "cell": null,
    "code": "E501",
    "end_location": {
      "column": 98,
      "row": 87
    },
    "filename": "C:\\Users\\pc01\\source\\repos\\image-downloader\\src\\image_downloader\\commands\\options.py",
    "fix": null,
    "location": {
      "column": 80,
      "row": 87
    },
    "message": "Line too long (97 > 79)",
    "name": "line-too-long",
    "noqa_row": 87,
    "severity": "error",
    "url": "https://docs.astral.sh/ruff/rules/line-too-long"
  },
  {
    "cell": null,
    "code": "E501",
    "end_location": {
      "column": 110,
      "row": 98
    },
    "filename": "C:\\Users\\pc01\\source\\repos\\image-downloader\\src\\image_downloader\\commands\\options.py",
    "fix": null,
    "location": {
      "column": 80,
      "row": 98
    },
    "message": "Line too long (109 > 79)",
    "name": "line-too-long",
    "noqa_row": 98,
    "severity": "error",
    "url": "https://docs.astral.sh/ruff/rules/line-too-long"
  },
  {
    "cell": null,
    "code": "E501",
    "end_location": {
      "column": 105,
      "row": 102
    },
    "filename": "C:\\Users\\pc01\\source\\repos\\image-downloader\\src\\image_downloader\\commands\\options.py",
    "fix": null,
    "location": {
      "column": 80,
      "row": 102
    },
    "message": "Line too long (104 > 79)",
    "name": "line-too-long",
    "noqa_row": 102,
    "severity": "error",
    "url": "https://docs.astral.sh/ruff/rules/line-too-long"
  },
  {
    "cell": null,
    "code": "E501",
    "end_location": {
      "column": 98,
      "row": 106
    },
    "filename": "C:\\Users\\pc01\\source\\repos\\image-downloader\\src\\image_downloader\\commands\\options.py",
    "fix": null,
    "location": {
      "column": 80,
      "row": 106
    },
    "message": "Line too long (97 > 79)",
    "name": "line-too-long",
    "noqa_row": 106,
    "severity": "error",
    "url": "https://docs.astral.sh/ruff/rules/line-too-long"
  },
  {
    "cell": null,
    "code": "E501",
    "end_location": {
      "column": 91,
      "row": 107
    },
    "filename": "C:\\Users\\pc01\\source\\repos\\image-downloader\\src\\image_downloader\\commands\\options.py",
    "fix": null,
    "location": {
      "column": 80,
      "row": 107
    },
    "message": "Line too long (90 > 79)",
    "name": "line-too-long",
    "noqa_row": 107,
    "severity": "error",
    "url": "https://docs.astral.sh/ruff/rules/line-too-long"
  },
  {
    "cell": null,
    "code": "E501",
    "end_location": {
      "column": 108,
      "row": 108
    },
    "filename": "C:\\Users\\pc01\\source\\repos\\image-downloader\\src\\image_downloader\\commands\\options.py",
    "fix": null,
    "location": {
      "column": 80,
      "row": 108
    },
    "message": "Line too long (107 > 79)",
    "name": "line-too-long",
    "noqa_row": 108,
    "severity": "error",
    "url": "https://docs.astral.sh/ruff/rules/line-too-long"
  },
  {
    "cell": null,
    "code": "E501",
    "end_location": {
      "column": 112,
      "row": 110
    },
    "filename": "C:\\Users\\pc01\\source\\repos\\image-downloader\\src\\image_downloader\\commands\\options.py",
    "fix": null,
    "location": {
      "column": 80,
      "row": 110
    },
    "message": "Line too long (111 > 79)",
    "name": "line-too-long",
    "noqa_row": 110,
    "severity": "error",
    "url": "https://docs.astral.sh/ruff/rules/line-too-long"
  },
  {
    "cell": null,
    "code": "E501",
    "end_location": {
      "column": 113,
      "row": 120
    },
    "filename": "C:\\Users\\pc01\\source\\repos\\image-downloader\\src\\image_downloader\\commands\\options.py",
    "fix": null,
    "location": {
      "column": 80,
      "row": 120
    },
    "message": "Line too long (112 > 79)",
    "name": "line-too-long",
    "noqa_row": 120,
    "severity": "error",
    "url": "https://docs.astral.sh/ruff/rules/line-too-long"
  },
  {
    "cell": null,
    "code": "E501",
    "end_location": {
      "column": 98,
      "row": 121
    },
    "filename": "C:\\Users\\pc01\\source\\repos\\image-downloader\\src\\image_downloader\\commands\\options.py",
    "fix": null,
    "location": {
      "column": 80,
      "row": 121
    },
    "message": "Line too long (97 > 79)",
    "name": "line-too-long",
    "noqa_row": 121,
    "severity": "error",
    "url": "https://docs.astral.sh/ruff/rules/line-too-long"
  },
  {
    "cell": null,
    "code": "E501",
    "end_location": {
      "column": 98,
      "row": 122
    },
    "filename": "C:\\Users\\pc01\\source\\repos\\image-downloader\\src\\image_downloader\\commands\\options.py",
    "fix": null,
    "location": {
      "column": 80,
      "row": 122
    },
    "message": "Line too long (97 > 79)",
    "name": "line-too-long",
    "noqa_row": 122,
    "severity": "error",
    "url": "https://docs.astral.sh/ruff/rules/line-too-long"
  },
  {
    "cell": null,
    "code": "E501",
    "end_location": {
      "column": 111,
      "row": 124
    },
    "filename": "C:\\Users\\pc01\\source\\repos\\image-downloader\\src\\image_downloader\\commands\\options.py",
    "fix": null,
    "location": {
      "column": 80,
      "row": 124
    },
    "message": "Line too long (110 > 79)",
    "name": "line-too-long",
    "noqa_row": 124,
    "severity": "error",
    "url": "https://docs.astral.sh/ruff/rules/line-too-long"
  },
  {
    "cell": null,
    "code": "E501",
    "end_location": {
      "column": 111,
      "row": 126
    },
    "filename": "C:\\Users\\pc01\\source\\repos\\image-downloader\\src\\image_downloader\\commands\\options.py",
    "fix": null,
    "location": {
      "column": 80,
      "row": 126
    },
    "message": "Line too long (110 > 79)",
    "name": "line-too-long",
    "noqa_row": 126,
    "severity": "error",
    "url": "https://docs.astral.sh/ruff/rules/line-too-long"
  },
  {
    "cell": null,
    "code": "E501",
    "end_location": {
      "column": 93,
      "row": 134
    },
    "filename": "C:\\Users\\pc01\\source\\repos\\image-downloader\\src\\image_downloader\\commands\\options.py",
    "fix": null,
    "location": {
      "column": 80,
      "row": 134
    },
    "message": "Line too long (92 > 79)",
    "name": "line-too-long",
    "noqa_row": 134,
    "severity": "error",
    "url": "https://docs.astral.sh/ruff/rules/line-too-long"
  },
  {
    "cell": null,
    "code": "E501",
    "end_location": {
      "column": 105,
      "row": 135
    },
    "filename": "C:\\Users\\pc01\\source\\repos\\image-downloader\\src\\image_downloader\\commands\\options.py",
    "fix": null,
    "location": {
      "column": 80,
      "row": 135
    },
    "message": "Line too long (104 > 79)",
    "name": "line-too-long",
    "noqa_row": 135,
    "severity": "error",
    "url": "https://docs.astral.sh/ruff/rules/line-too-long"
  },
  {
    "cell": null,
    "code": "E501",
    "end_location": {
      "column": 115,
      "row": 136
    },
    "filename": "C:\\Users\\pc01\\source\\repos\\image-downloader\\src\\image_downloader\\commands\\options.py",
    "fix": null,
    "location": {
      "column": 80,
      "row": 136
    },
    "message": "Line too long (114 > 79)",
    "name": "line-too-long",
    "noqa_row": 136,
    "severity": "error",
    "url": "https://docs.astral.sh/ruff/rules/line-too-long"
  },
  {
    "cell": null,
    "code": "E501",
    "end_location": {
      "column": 118,
      "row": 138
    },
    "filename": "C:\\Users\\pc01\\source\\repos\\image-downloader\\src\\image_downloader\\commands\\options.py",
    "fix": null,
    "location": {
      "column": 80,
      "row": 138
    },
    "message": "Line too long (117 > 79)",
    "name": "line-too-long",
    "noqa_row": 138,
    "severity": "error",
    "url": "https://docs.astral.sh/ruff/rules/line-too-long"
  },
  {
    "cell": null,
    "code": "E501",
    "end_location": {
      "column": 99,
      "row": 15
    },
    "filename": "C:\\Users\\pc01\\source\\repos\\image-downloader\\src\\image_downloader\\commands\\parser.py",
    "fix": null,
    "location": {
      "column": 80,
      "row": 15
    },
    "message": "Line too long (98 > 79)",
    "name": "line-too-long",
    "noqa_row": 15,
    "severity": "error",
    "url": "https://docs.astral.sh/ruff/rules/line-too-long"
  },
  {
    "cell": null,
    "code": "E501",
    "end_location": {
      "column": 114,
      "row": 21
    },
    "filename": "C:\\Users\\pc01\\source\\repos\\image-downloader\\src\\image_downloader\\commands\\parser.py",
    "fix": null,
    "location": {
      "column": 80,
      "row": 21
    },
    "message": "Line too long (113 > 79)",
    "name": "line-too-long",
    "noqa_row": 21,
    "severity": "error",
    "url": "https://docs.astral.sh/ruff/rules/line-too-long"
  },
  {
    "cell": null,
    "code": "E501",
    "end_location": {
      "column": 87,
      "row": 46
    },
    "filename": "C:\\Users\\pc01\\source\\repos\\image-downloader\\src\\image_downloader\\commands\\parser.py",
    "fix": null,
    "location": {
      "column": 80,
      "row": 46
    },
    "message": "Line too long (86 > 79)",
    "name": "line-too-long",
    "noqa_row": 46,
    "severity": "error",
    "url": "https://docs.astral.sh/ruff/rules/line-too-long"
  },
  {
    "cell": null,
    "code": "E501",
    "end_location": {
      "column": 93,
      "row": 54
    },
    "filename": "C:\\Users\\pc01\\source\\repos\\image-downloader\\src\\image_downloader\\commands\\parser.py",
    "fix": null,
    "location": {
      "column": 80,
      "row": 54
    },
    "message": "Line too long (92 > 79)",
    "name": "line-too-long",
    "noqa_row": 54,
    "severity": "error",
    "url": "https://docs.astral.sh/ruff/rules/line-too-long"
  },
  {
    "cell": null,
    "code": "E501",
    "end_location": {
      "column": 102,
      "row": 56
    },
    "filename": "C:\\Users\\pc01\\source\\repos\\image-downloader\\src\\image_downloader\\commands\\parser.py",
    "fix": null,
    "location": {
      "column": 80,
      "row": 56
    },
    "message": "Line too long (101 > 79)",
    "name": "line-too-long",
    "noqa_row": 56,
    "severity": "error",
    "url": "https://docs.astral.sh/ruff/rules/line-too-long"
  },
  {
    "cell": null,
    "code": "E501",
    "end_location": {
      "column": 100,
      "row": 69
    },
    "filename": "C:\\Users\\pc01\\source\\repos\\image-downloader\\src\\image_downloader\\commands\\parser.py",
    "fix": null,
    "location": {
      "column": 80,
      "row": 69
    },
    "message": "Line too long (99 > 79)",
    "name": "line-too-long",
    "noqa_row": 69,
    "severity": "error",
    "url": "https://docs.astral.sh/ruff/rules/line-too-long"
  },
  {
    "cell": null,
    "code": "E501",
    "end_location": {
      "column": 92,
      "row": 78
    },
    "filename": "C:\\Users\\pc01\\source\\repos\\image-downloader\\src\\image_downloader\\commands\\parser.py",
    "fix": null,
    "location": {
      "column": 80,
      "row": 78
    },
    "message": "Line too long (91 > 79)",
    "name": "line-too-long",
    "noqa_row": 78,
    "severity": "error",
    "url": "https://docs.astral.sh/ruff/rules/line-too-long"
  },
  {
    "cell": null,
    "code": "E501",
    "end_location": {
      "column": 104,
      "row": 98
    },
    "filename": "C:\\Users\\pc01\\source\\repos\\image-downloader\\src\\image_downloader\\commands\\parser.py",
    "fix": null,
    "location": {
      "column": 80,
      "row": 98
    },
    "message": "Line too long (103 > 79)",
    "name": "line-too-long",
    "noqa_row": 98,
    "severity": "error",
    "url": "https://docs.astral.sh/ruff/rules/line-too-long"
  },
  {
    "cell": null,
    "code": "E501",
    "end_location": {
      "column": 98,
      "row": 103
    },
    "filename": "C:\\Users\\pc01\\source\\repos\\image-downloader\\src\\image_downloader\\commands\\parser.py",
    "fix": null,
    "location": {
      "column": 80,
      "row": 103
    },
    "message": "Line too long (97 > 79)",
    "name": "line-too-long",
    "noqa_row": 103,
    "severity": "error",
    "url": "https://docs.astral.sh/ruff/rules/line-too-long"
  },
  {
    "cell": null,
    "code": "E501",
    "end_location": {
      "column": 99,
      "row": 105
    },
    "filename": "C:\\Users\\pc01\\source\\repos\\image-downloader\\src\\image_downloader\\commands\\parser.py",
    "fix": null,
    "location": {
      "column": 80,
      "row": 105
    },
    "message": "Line too long (98 > 79)",
    "name": "line-too-long",
    "noqa_row": 105,
    "severity": "error",
    "url": "https://docs.astral.sh/ruff/rules/line-too-long"
  },
  {
    "cell": null,
    "code": "E501",
    "end_location": {
      "column": 83,
      "row": 112
    },
    "filename": "C:\\Users\\pc01\\source\\repos\\image-downloader\\src\\image_downloader\\commands\\parser.py",
    "fix": null,
    "location": {
      "column": 80,
      "row": 112
    },
    "message": "Line too long (82 > 79)",
    "name": "line-too-long",
    "noqa_row": 112,
    "severity": "error",
    "url": "https://docs.astral.sh/ruff/rules/line-too-long"
  },
  {
    "cell": null,
    "code": "E501",
    "end_location": {
      "column": 108,
      "row": 121
    },
    "filename": "C:\\Users\\pc01\\source\\repos\\image-downloader\\src\\image_downloader\\commands\\parser.py",
    "fix": null,
    "location": {
      "column": 80,
      "row": 121
    },
    "message": "Line too long (107 > 79)",
    "name": "line-too-long",
    "noqa_row": 121,
    "severity": "error",
    "url": "https://docs.astral.sh/ruff/rules/line-too-long"
  },
  {
    "cell": null,
    "code": "E501",
    "end_location": {
      "column": 101,
      "row": 143
    },
    "filename": "C:\\Users\\pc01\\source\\repos\\image-downloader\\src\\image_downloader\\commands\\parser.py",
    "fix": null,
    "location": {
      "column": 80,
      "row": 143
    },
    "message": "Line too long (100 > 79)",
    "name": "line-too-long",
    "noqa_row": 143,
    "severity": "error",
    "url": "https://docs.astral.sh/ruff/rules/line-too-long"
  },
  {
    "cell": null,
    "code": "E501",
    "end_location": {
      "column": 104,
      "row": 146
    },
    "filename": "C:\\Users\\pc01\\source\\repos\\image-downloader\\src\\image_downloader\\commands\\parser.py",
    "fix": null,
    "location": {
      "column": 80,
      "row": 146
    },
    "message": "Line too long (103 > 79)",
    "name": "line-too-long",
    "noqa_row": 146,
    "severity": "error",
    "url": "https://docs.astral.sh/ruff/rules/line-too-long"
  },
  {
    "cell": null,
    "code": "E501",
    "end_location": {
      "column": 104,
      "row": 152
    },
    "filename": "C:\\Users\\pc01\\source\\repos\\image-downloader\\src\\image_downloader\\commands\\parser.py",
    "fix": null,
    "location": {
      "column": 80,
      "row": 152
    },
    "message": "Line too long (103 > 79)",
    "name": "line-too-long",
    "noqa_row": 152,
    "severity": "error",
    "url": "https://docs.astral.sh/ruff/rules/line-too-long"
  },
  {
    "cell": null,
    "code": "E501",
    "end_location": {
      "column": 81,
      "row": 174
    },
    "filename": "C:\\Users\\pc01\\source\\repos\\image-downloader\\src\\image_downloader\\commands\\parser.py",
    "fix": null,
    "location": {
      "column": 80,
      "row": 174
    },
    "message": "Line too long (80 > 79)",
    "name": "line-too-long",
    "noqa_row": 174,
    "severity": "error",
    "url": "https://docs.astral.sh/ruff/rules/line-too-long"
  },
  {
    "cell": null,
    "code": "E501",
    "end_location": {
      "column": 83,
      "row": 175
    },
    "filename": "C:\\Users\\pc01\\source\\repos\\image-downloader\\src\\image_downloader\\commands\\parser.py",
    "fix": null,
    "location": {
      "column": 80,
      "row": 175
    },
    "message": "Line too long (82 > 79)",
    "name": "line-too-long",
    "noqa_row": 175,
    "severity": "error",
    "url": "https://docs.astral.sh/ruff/rules/line-too-long"
  },
  {
    "cell": null,
    "code": "E501",
    "end_location": {
      "column": 83,
      "row": 179
    },
    "filename": "C:\\Users\\pc01\\source\\repos\\image-downloader\\src\\image_downloader\\commands\\parser.py",
    "fix": null,
    "location": {
      "column": 80,
      "row": 179
    },
    "message": "Line too long (82 > 79)",
    "name": "line-too-long",
    "noqa_row": 179,
    "severity": "error",
    "url": "https://docs.astral.sh/ruff/rules/line-too-long"
  },
  {
    "cell": null,
    "code": "E501",
    "end_location": {
      "column": 82,
      "row": 184
    },
    "filename": "C:\\Users\\pc01\\source\\repos\\image-downloader\\src\\image_downloader\\commands\\parser.py",
    "fix": null,
    "location": {
      "column": 80,
      "row": 184
    },
    "message": "Line too long (81 > 79)",
    "name": "line-too-long",
    "noqa_row": 184,
    "severity": "error",
    "url": "https://docs.astral.sh/ruff/rules/line-too-long"
  },
  {
    "cell": null,
    "code": "E501",
    "end_location": {
      "column": 92,
      "row": 196
    },
    "filename": "C:\\Users\\pc01\\source\\repos\\image-downloader\\src\\image_downloader\\commands\\parser.py",
    "fix": null,
    "location": {
      "column": 80,
      "row": 196
    },
    "message": "Line too long (91 > 79)",
    "name": "line-too-long",
    "noqa_row": 196,
    "severity": "error",
    "url": "https://docs.astral.sh/ruff/rules/line-too-long"
  },
  {
    "cell": null,
    "code": "E501",
    "end_location": {
      "column": 121,
      "row": 202
    },
    "filename": "C:\\Users\\pc01\\source\\repos\\image-downloader\\src\\image_downloader\\commands\\parser.py",
    "fix": null,
    "location": {
      "column": 80,
      "row": 202
    },
    "message": "Line too long (120 > 79)",
    "name": "line-too-long",
    "noqa_row": 202,
    "severity": "error",
    "url": "https://docs.astral.sh/ruff/rules/line-too-long"
  },
  {
    "cell": null,
    "code": "E501",
    "end_location": {
      "column": 101,
      "row": 203
    },
    "filename": "C:\\Users\\pc01\\source\\repos\\image-downloader\\src\\image_downloader\\commands\\parser.py",
    "fix": null,
    "location": {
      "column": 80,
      "row": 203
    },
    "message": "Line too long (100 > 79)",
    "name": "line-too-long",
    "noqa_row": 203,
    "severity": "error",
    "url": "https://docs.astral.sh/ruff/rules/line-too-long"
  },
  {
    "cell": null,
    "code": "E501",
    "end_location": {
      "column": 111,
      "row": 209
    },
    "filename": "C:\\Users\\pc01\\source\\repos\\image-downloader\\src\\image_downloader\\commands\\parser.py",
    "fix": null,
    "location": {
      "column": 80,
      "row": 209
    },
    "message": "Line too long (110 > 79)",
    "name": "line-too-long",
    "noqa_row": 209,
    "severity": "error",
    "url": "https://docs.astral.sh/ruff/rules/line-too-long"
  },
  {
    "cell": null,
    "code": "E501",
    "end_location": {
      "column": 83,
      "row": 221
    },
    "filename": "C:\\Users\\pc01\\source\\repos\\image-downloader\\src\\image_downloader\\commands\\parser.py",
    "fix": null,
    "location": {
      "column": 80,
      "row": 221
    },
    "message": "Line too long (82 > 79)",
    "name": "line-too-long",
    "noqa_row": 221,
    "severity": "error",
    "url": "https://docs.astral.sh/ruff/rules/line-too-long"
  },
  {
    "cell": null,
    "code": "E501",
    "end_location": {
      "column": 100,
      "row": 222
    },
    "filename": "C:\\Users\\pc01\\source\\repos\\image-downloader\\src\\image_downloader\\commands\\parser.py",
    "fix": null,
    "location": {
      "column": 80,
      "row": 222
    },
    "message": "Line too long (99 > 79)",
    "name": "line-too-long",
    "noqa_row": 222,
    "severity": "error",
    "url": "https://docs.astral.sh/ruff/rules/line-too-long"
  },
  {
    "cell": null,
    "code": "E501",
    "end_location": {
      "column": 85,
      "row": 224
    },
    "filename": "C:\\Users\\pc01\\source\\repos\\image-downloader\\src\\image_downloader\\commands\\parser.py",
    "fix": null,
    "location": {
      "column": 80,
      "row": 224
    },
    "message": "Line too long (84 > 79)",
    "name": "line-too-long",
    "noqa_row": 224,
    "severity": "error",
    "url": "https://docs.astral.sh/ruff/rules/line-too-long"
  },
  {
    "cell": null,
    "code": "E501",
    "end_location": {
      "column": 114,
      "row": 231
    },
    "filename": "C:\\Users\\pc01\\source\\repos\\image-downloader\\src\\image_downloader\\commands\\parser.py",
    "fix": null,
    "location": {
      "column": 80,
      "row": 231
    },
    "message": "Line too long (113 > 79)",
    "name": "line-too-long",
    "noqa_row": 231,
    "severity": "error",
    "url": "https://docs.astral.sh/ruff/rules/line-too-long"
  },
  {
    "cell": null,
    "code": "E501",
    "end_location": {
      "column": 119,
      "row": 232
    },
    "filename": "C:\\Users\\pc01\\source\\repos\\image-downloader\\src\\image_downloader\\commands\\parser.py",
    "fix": null,
    "location": {
      "column": 80,
      "row": 232
    },
    "message": "Line too long (118 > 79)",
    "name": "line-too-long",
    "noqa_row": 232,
    "severity": "error",
    "url": "https://docs.astral.sh/ruff/rules/line-too-long"
  },
  {
    "cell": null,
    "code": "E501",
    "end_location": {
      "column": 92,
      "row": 238
    },
    "filename": "C:\\Users\\pc01\\source\\repos\\image-downloader\\src\\image_downloader\\commands\\parser.py",
    "fix": null,
    "location": {
      "column": 80,
      "row": 238
    },
    "message": "Line too long (91 > 79)",
    "name": "line-too-long",
    "noqa_row": 238,
    "severity": "error",
    "url": "https://docs.astral.sh/ruff/rules/line-too-long"
  },
  {
    "cell": null,
    "code": "E501",
    "end_location": {
      "column": 109,
      "row": 239
    },
    "filename": "C:\\Users\\pc01\\source\\repos\\image-downloader\\src\\image_downloader\\commands\\parser.py",
    "fix": null,
    "location": {
      "column": 80,
      "row": 239
    },
    "message": "Line too long (108 > 79)",
    "name": "line-too-long",
    "noqa_row": 239,
    "severity": "error",
    "url": "https://docs.astral.sh/ruff/rules/line-too-long"
  },
  {
    "cell": null,
    "code": "E501",
    "end_location": {
      "column": 95,
      "row": 255
    },
    "filename": "C:\\Users\\pc01\\source\\repos\\image-downloader\\src\\image_downloader\\commands\\parser.py",
    "fix": null,
    "location": {
      "column": 80,
      "row": 255
    },
    "message": "Line too long (94 > 79)",
    "name": "line-too-long",
    "noqa_row": 255,
    "severity": "error",
    "url": "https://docs.astral.sh/ruff/rules/line-too-long"
  },
  {
    "cell": null,
    "code": "E501",
    "end_location": {
      "column": 84,
      "row": 268
    },
    "filename": "C:\\Users\\pc01\\source\\repos\\image-downloader\\src\\image_downloader\\commands\\parser.py",
    "fix": null,
    "location": {
      "column": 80,
      "row": 268
    },
    "message": "Line too long (83 > 79)",
    "name": "line-too-long",
    "noqa_row": 268,
    "severity": "error",
    "url": "https://docs.astral.sh/ruff/rules/line-too-long"
  },
  {
    "cell": null,
    "code": "E501",
    "end_location": {
      "column": 112,
      "row": 273
    },
    "filename": "C:\\Users\\pc01\\source\\repos\\image-downloader\\src\\image_downloader\\commands\\parser.py",
    "fix": null,
    "location": {
      "column": 80,
      "row": 273
    },
    "message": "Line too long (111 > 79)",
    "name": "line-too-long",
    "noqa_row": 273,
    "severity": "error",
    "url": "https://docs.astral.sh/ruff/rules/line-too-long"
  },
  {
    "cell": null,
    "code": "E501",
    "end_location": {
      "column": 108,
      "row": 279
    },
    "filename": "C:\\Users\\pc01\\source\\repos\\image-downloader\\src\\image_downloader\\commands\\parser.py",
    "fix": null,
    "location": {
      "column": 80,
      "row": 279
    },
    "message": "Line too long (107 > 79)",
    "name": "line-too-long",
    "noqa_row": 279,
    "severity": "error",
    "url": "https://docs.astral.sh/ruff/rules/line-too-long"
  },
  {
    "cell": null,
    "code": "E501",
    "end_location": {
      "column": 111,
      "row": 283
    },
    "filename": "C:\\Users\\pc01\\source\\repos\\image-downloader\\src\\image_downloader\\commands\\parser.py",
    "fix": null,
    "location": {
      "column": 80,
      "row": 283
    },
    "message": "Line too long (110 > 79)",
    "name": "line-too-long",
    "noqa_row": 283,
    "severity": "error",
    "url": "https://docs.astral.sh/ruff/rules/line-too-long"
  },
  {
    "cell": null,
    "code": "E501",
    "end_location": {
      "column": 84,
      "row": 284
    },
    "filename": "C:\\Users\\pc01\\source\\repos\\image-downloader\\src\\image_downloader\\commands\\parser.py",
    "fix": null,
    "location": {
      "column": 80,
      "row": 284
    },
    "message": "Line too long (83 > 79)",
    "name": "line-too-long",
    "noqa_row": 284,
    "severity": "error",
    "url": "https://docs.astral.sh/ruff/rules/line-too-long"
  },
  {
    "cell": null,
    "code": "E501",
    "end_location": {
      "column": 120,
      "row": 285
    },
    "filename": "C:\\Users\\pc01\\source\\repos\\image-downloader\\src\\image_downloader\\commands\\parser.py",
    "fix": null,
    "location": {
      "column": 80,
      "row": 285
    },
    "message": "Line too long (119 > 79)",
    "name": "line-too-long",
    "noqa_row": 285,
    "severity": "error",
    "url": "https://docs.astral.sh/ruff/rules/line-too-long"
  },
  {
    "cell": null,
    "code": "E501",
    "end_location": {
      "column": 116,
      "row": 286
    },
    "filename": "C:\\Users\\pc01\\source\\repos\\image-downloader\\src\\image_downloader\\commands\\parser.py",
    "fix": null,
    "location": {
      "column": 80,
      "row": 286
    },
    "message": "Line too long (115 > 79)",
    "name": "line-too-long",
    "noqa_row": 286,
    "severity": "error",
    "url": "https://docs.astral.sh/ruff/rules/line-too-long"
  },
  {
    "cell": null,
    "code": "E501",
    "end_location": {
      "column": 96,
      "row": 290
    },
    "filename": "C:\\Users\\pc01\\source\\repos\\image-downloader\\src\\image_downloader\\commands\\parser.py",
    "fix": null,
    "location": {
      "column": 80,
      "row": 290
    },
    "message": "Line too long (95 > 79)",
    "name": "line-too-long",
    "noqa_row": 290,
    "severity": "error",
    "url": "https://docs.astral.sh/ruff/rules/line-too-long"
  },
  {
    "cell": null,
    "code": "E501",
    "end_location": {
      "column": 89,
      "row": 294
    },
    "filename": "C:\\Users\\pc01\\source\\repos\\image-downloader\\src\\image_downloader\\commands\\parser.py",
    "fix": null,
    "location": {
      "column": 80,
      "row": 294
    },
    "message": "Line too long (88 > 79)",
    "name": "line-too-long",
    "noqa_row": 294,
    "severity": "error",
    "url": "https://docs.astral.sh/ruff/rules/line-too-long"
  },
  {
    "cell": null,
    "code": "E501",
    "end_location": {
      "column": 120,
      "row": 298
    },
    "filename": "C:\\Users\\pc01\\source\\repos\\image-downloader\\src\\image_downloader\\commands\\parser.py",
    "fix": null,
    "location": {
      "column": 80,
      "row": 298
    },
    "message": "Line too long (119 > 79)",
    "name": "line-too-long",
    "noqa_row": 298,
    "severity": "error",
    "url": "https://docs.astral.sh/ruff/rules/line-too-long"
  },
  {
    "cell": null,
    "code": "E501",
    "end_location": {
      "column": 89,
      "row": 301
    },
    "filename": "C:\\Users\\pc01\\source\\repos\\image-downloader\\src\\image_downloader\\commands\\parser.py",
    "fix": null,
    "location": {
      "column": 80,
      "row": 301
    },
    "message": "Line too long (88 > 79)",
    "name": "line-too-long",
    "noqa_row": 301,
    "severity": "error",
    "url": "https://docs.astral.sh/ruff/rules/line-too-long"
  },
  {
    "cell": null,
    "code": "E501",
    "end_location": {
      "column": 93,
      "row": 306
    },
    "filename": "C:\\Users\\pc01\\source\\repos\\image-downloader\\src\\image_downloader\\commands\\parser.py",
    "fix": null,
    "location": {
      "column": 80,
      "row": 306
    },
    "message": "Line too long (92 > 79)",
    "name": "line-too-long",
    "noqa_row": 306,
    "severity": "error",
    "url": "https://docs.astral.sh/ruff/rules/line-too-long"
  },
  {
    "cell": null,
    "code": "E501",
    "end_location": {
      "column": 105,
      "row": 307
    },
    "filename": "C:\\Users\\pc01\\source\\repos\\image-downloader\\src\\image_downloader\\commands\\parser.py",
    "fix": null,
    "location": {
      "column": 80,
      "row": 307
    },
    "message": "Line too long (104 > 79)",
    "name": "line-too-long",
    "noqa_row": 307,
    "severity": "error",
    "url": "https://docs.astral.sh/ruff/rules/line-too-long"
  },
  {
    "cell": null,
    "code": "E501",
    "end_location": {
      "column": 95,
      "row": 12
    },
    "filename": "C:\\Users\\pc01\\source\\repos\\image-downloader\\src\\image_downloader\\commands\\plugin.py",
    "fix": null,
    "location": {
      "column": 80,
      "row": 12
    },
    "message": "Line too long (94 > 79)",
    "name": "line-too-long",
    "noqa_row": 12,
    "severity": "error",
    "url": "https://docs.astral.sh/ruff/rules/line-too-long"
  },
  {
    "cell": null,
    "code": "E501",
    "end_location": {
      "column": 112,
      "row": 62
    },
    "filename": "C:\\Users\\pc01\\source\\repos\\image-downloader\\src\\image_downloader\\commands\\plugin.py",
    "fix": null,
    "location": {
      "column": 80,
      "row": 62
    },
    "message": "Line too long (111 > 79)",
    "name": "line-too-long",
    "noqa_row": 62,
    "severity": "error",
    "url": "https://docs.astral.sh/ruff/rules/line-too-long"
  },
  {
    "cell": null,
    "code": "E501",
    "end_location": {
      "column": 105,
      "row": 63
    },
    "filename": "C:\\Users\\pc01\\source\\repos\\image-downloader\\src\\image_downloader\\commands\\plugin.py",
    "fix": null,
    "location": {
      "column": 80,
      "row": 63
    },
    "message": "Line too long (104 > 79)",
    "name": "line-too-long",
    "noqa_row": 63,
    "severity": "error",
    "url": "https://docs.astral.sh/ruff/rules/line-too-long"
  },
  {
    "cell": null,
    "code": "E501",
    "end_location": {
      "column": 119,
      "row": 84
    },
    "filename": "C:\\Users\\pc01\\source\\repos\\image-downloader\\src\\image_downloader\\commands\\plugin.py",
    "fix": null,
    "location": {
      "column": 80,
      "row": 84
    },
    "message": "Line too long (118 > 79)",
    "name": "line-too-long",
    "noqa_row": 84,
    "severity": "error",
    "url": "https://docs.astral.sh/ruff/rules/line-too-long"
  },
  {
    "cell": null,
    "code": "E501",
    "end_location": {
      "column": 111,
      "row": 88
    },
    "filename": "C:\\Users\\pc01\\source\\repos\\image-downloader\\src\\image_downloader\\commands\\plugin.py",
    "fix": null,
    "location": {
      "column": 80,
      "row": 88
    },
    "message": "Line too long (110 > 79)",
    "name": "line-too-long",
    "noqa_row": 88,
    "severity": "error",
    "url": "https://docs.astral.sh/ruff/rules/line-too-long"
  },
  {
    "cell": null,
    "code": "E501",
    "end_location": {
      "column": 115,
      "row": 109
    },
    "filename": "C:\\Users\\pc01\\source\\repos\\image-downloader\\src\\image_downloader\\commands\\plugin.py",
    "fix": null,
    "location": {
      "column": 80,
      "row": 109
    },
    "message": "Line too long (114 > 79)",
    "name": "line-too-long",
    "noqa_row": 109,
    "severity": "error",
    "url": "https://docs.astral.sh/ruff/rules/line-too-long"
  },
  {
    "cell": null,
    "code": "E501",
    "end_location": {
      "column": 94,
      "row": 115
    },
    "filename": "C:\\Users\\pc01\\source\\repos\\image-downloader\\src\\image_downloader\\commands\\plugin.py",
    "fix": null,
    "location": {
      "column": 80,
      "row": 115
    },
    "message": "Line too long (93 > 79)",
    "name": "line-too-long",
    "noqa_row": 115,
    "severity": "error",
    "url": "https://docs.astral.sh/ruff/rules/line-too-long"
  },
  {
    "cell": null,
    "code": "E501",
    "end_location": {
      "column": 93,
      "row": 117
    },
    "filename": "C:\\Users\\pc01\\source\\repos\\image-downloader\\src\\image_downloader\\commands\\plugin.py",
    "fix": null,
    "location": {
      "column": 80,
      "row": 117
    },
    "message": "Line too long (92 > 79)",
    "name": "line-too-long",
    "noqa_row": 117,
    "severity": "error",
    "url": "https://docs.astral.sh/ruff/rules/line-too-long"
  },
  {
    "cell": null,
    "code": "E501",
    "end_location": {
      "column": 91,
      "row": 120
    },
    "filename": "C:\\Users\\pc01\\source\\repos\\image-downloader\\src\\image_downloader\\commands\\plugin.py",
    "fix": null,
    "location": {
      "column": 80,
      "row": 120
    },
    "message": "Line too long (90 > 79)",
    "name": "line-too-long",
    "noqa_row": 120,
    "severity": "error",
    "url": "https://docs.astral.sh/ruff/rules/line-too-long"
  },
  {
    "cell": null,
    "code": "E501",
    "end_location": {
      "column": 98,
      "row": 121
    },
    "filename": "C:\\Users\\pc01\\source\\repos\\image-downloader\\src\\image_downloader\\commands\\plugin.py",
    "fix": null,
    "location": {
      "column": 80,
      "row": 121
    },
    "message": "Line too long (97 > 79)",
    "name": "line-too-long",
    "noqa_row": 121,
    "severity": "error",
    "url": "https://docs.astral.sh/ruff/rules/line-too-long"
  },
  {
    "cell": null,
    "code": "E501",
    "end_location": {
      "column": 110,
      "row": 140
    },
    "filename": "C:\\Users\\pc01\\source\\repos\\image-downloader\\src\\image_downloader\\commands\\plugin.py",
    "fix": null,
    "location": {
      "column": 80,
      "row": 140
    },
    "message": "Line too long (109 > 79)",
    "name": "line-too-long",
    "noqa_row": 140,
    "severity": "error",
    "url": "https://docs.astral.sh/ruff/rules/line-too-long"
  },
  {
    "cell": null,
    "code": "E501",
    "end_location": {
      "column": 113,
      "row": 142
    },
    "filename": "C:\\Users\\pc01\\source\\repos\\image-downloader\\src\\image_downloader\\commands\\plugin.py",
    "fix": null,
    "location": {
      "column": 80,
      "row": 142
    },
    "message": "Line too long (112 > 79)",
    "name": "line-too-long",
    "noqa_row": 142,
    "severity": "error",
    "url": "https://docs.astral.sh/ruff/rules/line-too-long"
  },
  {
    "cell": null,
    "code": "E501",
    "end_location": {
      "column": 90,
      "row": 152
    },
    "filename": "C:\\Users\\pc01\\source\\repos\\image-downloader\\src\\image_downloader\\commands\\plugin.py",
    "fix": null,
    "location": {
      "column": 80,
      "row": 152
    },
    "message": "Line too long (89 > 79)",
    "name": "line-too-long",
    "noqa_row": 152,
    "severity": "error",
    "url": "https://docs.astral.sh/ruff/rules/line-too-long"
  },
  {
    "cell": null,
    "code": "E501",
    "end_location": {
      "column": 110,
      "row": 161
    },
    "filename": "C:\\Users\\pc01\\source\\repos\\image-downloader\\src\\image_downloader\\commands\\plugin.py",
    "fix": null,
    "location": {
      "column": 80,
      "row": 161
    },
    "message": "Line too long (109 > 79)",
    "name": "line-too-long",
    "noqa_row": 161,
    "severity": "error",
    "url": "https://docs.astral.sh/ruff/rules/line-too-long"
  },
  {
    "cell": null,
    "code": "E501",
    "end_location": {
      "column": 116,
      "row": 164
    },
    "filename": "C:\\Users\\pc01\\source\\repos\\image-downloader\\src\\image_downloader\\commands\\plugin.py",
    "fix": null,
    "location": {
      "column": 80,
      "row": 164
    },
    "message": "Line too long (115 > 79)",
    "name": "line-too-long",
    "noqa_row": 164,
    "severity": "error",
    "url": "https://docs.astral.sh/ruff/rules/line-too-long"
  },
  {
    "cell": null,
    "code": "E501",
    "end_location": {
      "column": 107,
      "row": 173
    },
    "filename": "C:\\Users\\pc01\\source\\repos\\image-downloader\\src\\image_downloader\\commands\\plugin.py",
    "fix": null,
    "location": {
      "column": 80,
      "row": 173
    },
    "message": "Line too long (106 > 79)",
    "name": "line-too-long",
    "noqa_row": 173,
    "severity": "error",
    "url": "https://docs.astral.sh/ruff/rules/line-too-long"
  },
  {
    "cell": null,
    "code": "E501",
    "end_location": {
      "column": 81,
      "row": 17
    },
    "filename": "C:\\Users\\pc01\\source\\repos\\image-downloader\\src\\image_downloader\\commands\\reporting.py",
    "fix": null,
    "location": {
      "column": 80,
      "row": 17
    },
    "message": "Line too long (80 > 79)",
    "name": "line-too-long",
    "noqa_row": 17,
    "severity": "error",
    "url": "https://docs.astral.sh/ruff/rules/line-too-long"
  },
  {
    "cell": null,
    "code": "E501",
    "end_location": {
      "column": 82,
      "row": 41
    },
    "filename": "C:\\Users\\pc01\\source\\repos\\image-downloader\\src\\image_downloader\\commands\\reporting.py",
    "fix": null,
    "location": {
      "column": 80,
      "row": 41
    },
    "message": "Line too long (81 > 79)",
    "name": "line-too-long",
    "noqa_row": 41,
    "severity": "error",
    "url": "https://docs.astral.sh/ruff/rules/line-too-long"
  },
  {
    "cell": null,
    "code": "E501",
    "end_location": {
      "column": 102,
      "row": 42
    },
    "filename": "C:\\Users\\pc01\\source\\repos\\image-downloader\\src\\image_downloader\\commands\\reporting.py",
    "fix": null,
    "location": {
      "column": 80,
      "row": 42
    },
    "message": "Line too long (101 > 79)",
    "name": "line-too-long",
    "noqa_row": 42,
    "severity": "error",
    "url": "https://docs.astral.sh/ruff/rules/line-too-long"
  },
  {
    "cell": null,
    "code": "E501",
    "end_location": {
      "column": 91,
      "row": 54
    },
    "filename": "C:\\Users\\pc01\\source\\repos\\image-downloader\\src\\image_downloader\\commands\\reporting.py",
    "fix": null,
    "location": {
      "column": 80,
      "row": 54
    },
    "message": "Line too long (90 > 79)",
    "name": "line-too-long",
    "noqa_row": 54,
    "severity": "error",
    "url": "https://docs.astral.sh/ruff/rules/line-too-long"
  },
  {
    "cell": null,
    "code": "E501",
    "end_location": {
      "column": 119,
      "row": 64
    },
    "filename": "C:\\Users\\pc01\\source\\repos\\image-downloader\\src\\image_downloader\\commands\\reporting.py",
    "fix": null,
    "location": {
      "column": 80,
      "row": 64
    },
    "message": "Line too long (118 > 79)",
    "name": "line-too-long",
    "noqa_row": 64,
    "severity": "error",
    "url": "https://docs.astral.sh/ruff/rules/line-too-long"
  },
  {
    "cell": null,
    "code": "E501",
    "end_location": {
      "column": 98,
      "row": 77
    },
    "filename": "C:\\Users\\pc01\\source\\repos\\image-downloader\\src\\image_downloader\\commands\\reporting.py",
    "fix": null,
    "location": {
      "column": 80,
      "row": 77
    },
    "message": "Line too long (97 > 79)",
    "name": "line-too-long",
    "noqa_row": 77,
    "severity": "error",
    "url": "https://docs.astral.sh/ruff/rules/line-too-long"
  },
  {
    "cell": null,
    "code": "E501",
    "end_location": {
      "column": 91,
      "row": 85
    },
    "filename": "C:\\Users\\pc01\\source\\repos\\image-downloader\\src\\image_downloader\\commands\\reporting.py",
    "fix": null,
    "location": {
      "column": 80,
      "row": 85
    },
    "message": "Line too long (90 > 79)",
    "name": "line-too-long",
    "noqa_row": 85,
    "severity": "error",
    "url": "https://docs.astral.sh/ruff/rules/line-too-long"
  },
  {
    "cell": null,
    "code": "E501",
    "end_location": {
      "column": 116,
      "row": 94
    },
    "filename": "C:\\Users\\pc01\\source\\repos\\image-downloader\\src\\image_downloader\\commands\\reporting.py",
    "fix": null,
    "location": {
      "column": 80,
      "row": 94
    },
    "message": "Line too long (115 > 79)",
    "name": "line-too-long",
    "noqa_row": 94,
    "severity": "error",
    "url": "https://docs.astral.sh/ruff/rules/line-too-long"
  },
  {
    "cell": null,
    "code": "E501",
    "end_location": {
      "column": 82,
      "row": 104
    },
    "filename": "C:\\Users\\pc01\\source\\repos\\image-downloader\\src\\image_downloader\\commands\\reporting.py",
    "fix": null,
    "location": {
      "column": 80,
      "row": 104
    },
    "message": "Line too long (81 > 79)",
    "name": "line-too-long",
    "noqa_row": 104,
    "severity": "error",
    "url": "https://docs.astral.sh/ruff/rules/line-too-long"
  },
  {
    "cell": null,
    "code": "E501",
    "end_location": {
      "column": 105,
      "row": 110
    },
    "filename": "C:\\Users\\pc01\\source\\repos\\image-downloader\\src\\image_downloader\\commands\\reporting.py",
    "fix": null,
    "location": {
      "column": 80,
      "row": 110
    },
    "message": "Line too long (104 > 79)",
    "name": "line-too-long",
    "noqa_row": 110,
    "severity": "error",
    "url": "https://docs.astral.sh/ruff/rules/line-too-long"
  },
  {
    "cell": null,
    "code": "E501",
    "end_location": {
      "column": 81,
      "row": 120
    },
    "filename": "C:\\Users\\pc01\\source\\repos\\image-downloader\\src\\image_downloader\\commands\\reporting.py",
    "fix": null,
    "location": {
      "column": 80,
      "row": 120
    },
    "message": "Line too long (80 > 79)",
    "name": "line-too-long",
    "noqa_row": 120,
    "severity": "error",
    "url": "https://docs.astral.sh/ruff/rules/line-too-long"
  },
  {
    "cell": null,
    "code": "E501",
    "end_location": {
      "column": 116,
      "row": 124
    },
    "filename": "C:\\Users\\pc01\\source\\repos\\image-downloader\\src\\image_downloader\\commands\\reporting.py",
    "fix": null,
    "location": {
      "column": 80,
      "row": 124
    },
    "message": "Line too long (115 > 79)",
    "name": "line-too-long",
    "noqa_row": 124,
    "severity": "error",
    "url": "https://docs.astral.sh/ruff/rules/line-too-long"
  },
  {
    "cell": null,
    "code": "E501",
    "end_location": {
      "column": 85,
      "row": 125
    },
    "filename": "C:\\Users\\pc01\\source\\repos\\image-downloader\\src\\image_downloader\\commands\\reporting.py",
    "fix": null,
    "location": {
      "column": 80,
      "row": 125
    },
    "message": "Line too long (84 > 79)",
    "name": "line-too-long",
    "noqa_row": 125,
    "severity": "error",
    "url": "https://docs.astral.sh/ruff/rules/line-too-long"
  },
  {
    "cell": null,
    "code": "E501",
    "end_location": {
      "column": 87,
      "row": 126
    },
    "filename": "C:\\Users\\pc01\\source\\repos\\image-downloader\\src\\image_downloader\\commands\\reporting.py",
    "fix": null,
    "location": {
      "column": 80,
      "row": 126
    },
    "message": "Line too long (86 > 79)",
    "name": "line-too-long",
    "noqa_row": 126,
    "severity": "error",
    "url": "https://docs.astral.sh/ruff/rules/line-too-long"
  },
  {
    "cell": null,
    "code": "E501",
    "end_location": {
      "column": 91,
      "row": 132
    },
    "filename": "C:\\Users\\pc01\\source\\repos\\image-downloader\\src\\image_downloader\\commands\\reporting.py",
    "fix": null,
    "location": {
      "column": 80,
      "row": 132
    },
    "message": "Line too long (90 > 79)",
    "name": "line-too-long",
    "noqa_row": 132,
    "severity": "error",
    "url": "https://docs.astral.sh/ruff/rules/line-too-long"
  },
  {
    "cell": null,
    "code": "E501",
    "end_location": {
      "column": 89,
      "row": 14
    },
    "filename": "C:\\Users\\pc01\\source\\repos\\image-downloader\\src\\image_downloader\\commands\\setup.py",
    "fix": null,
    "location": {
      "column": 80,
      "row": 14
    },
    "message": "Line too long (88 > 79)",
    "name": "line-too-long",
    "noqa_row": 14,
    "severity": "error",
    "url": "https://docs.astral.sh/ruff/rules/line-too-long"
  },
  {
    "cell": null,
    "code": "E501",
    "end_location": {
      "column": 84,
      "row": 18
    },
    "filename": "C:\\Users\\pc01\\source\\repos\\image-downloader\\src\\image_downloader\\commands\\setup.py",
    "fix": null,
    "location": {
      "column": 80,
      "row": 18
    },
    "message": "Line too long (83 > 79)",
    "name": "line-too-long",
    "noqa_row": 18,
    "severity": "error",
    "url": "https://docs.astral.sh/ruff/rules/line-too-long"
  },
  {
    "cell": null,
    "code": "E501",
    "end_location": {
      "column": 92,
      "row": 21
    },
    "filename": "C:\\Users\\pc01\\source\\repos\\image-downloader\\src\\image_downloader\\commands\\setup.py",
    "fix": null,
    "location": {
      "column": 80,
      "row": 21
    },
    "message": "Line too long (91 > 79)",
    "name": "line-too-long",
    "noqa_row": 21,
    "severity": "error",
    "url": "https://docs.astral.sh/ruff/rules/line-too-long"
  },
  {
    "cell": null,
    "code": "E501",
    "end_location": {
      "column": 112,
      "row": 32
    },
    "filename": "C:\\Users\\pc01\\source\\repos\\image-downloader\\src\\image_downloader\\commands\\setup.py",
    "fix": null,
    "location": {
      "column": 80,
      "row": 32
    },
    "message": "Line too long (111 > 79)",
    "name": "line-too-long",
    "noqa_row": 32,
    "severity": "error",
    "url": "https://docs.astral.sh/ruff/rules/line-too-long"
  },
  {
    "cell": null,
    "code": "E501",
    "end_location": {
      "column": 93,
      "row": 33
    },
    "filename": "C:\\Users\\pc01\\source\\repos\\image-downloader\\src\\image_downloader\\commands\\setup.py",
    "fix": null,
    "location": {
      "column": 80,
      "row": 33
    },
    "message": "Line too long (92 > 79)",
    "name": "line-too-long",
    "noqa_row": 33,
    "severity": "error",
    "url": "https://docs.astral.sh/ruff/rules/line-too-long"
  },
  {
    "cell": null,
    "code": "E501",
    "end_location": {
      "column": 95,
      "row": 42
    },
    "filename": "C:\\Users\\pc01\\source\\repos\\image-downloader\\src\\image_downloader\\commands\\setup.py",
    "fix": null,
    "location": {
      "column": 80,
      "row": 42
    },
    "message": "Line too long (94 > 79)",
    "name": "line-too-long",
    "noqa_row": 42,
    "severity": "error",
    "url": "https://docs.astral.sh/ruff/rules/line-too-long"
  },
  {
    "cell": null,
    "code": "E501",
    "end_location": {
      "column": 96,
      "row": 47
    },
    "filename": "C:\\Users\\pc01\\source\\repos\\image-downloader\\src\\image_downloader\\commands\\setup.py",
    "fix": null,
    "location": {
      "column": 80,
      "row": 47
    },
    "message": "Line too long (95 > 79)",
    "name": "line-too-long",
    "noqa_row": 47,
    "severity": "error",
    "url": "https://docs.astral.sh/ruff/rules/line-too-long"
  },
  {
    "cell": null,
    "code": "E501",
    "end_location": {
      "column": 113,
      "row": 48
    },
    "filename": "C:\\Users\\pc01\\source\\repos\\image-downloader\\src\\image_downloader\\commands\\setup.py",
    "fix": null,
    "location": {
      "column": 80,
      "row": 48
    },
    "message": "Line too long (112 > 79)",
    "name": "line-too-long",
    "noqa_row": 48,
    "severity": "error",
    "url": "https://docs.astral.sh/ruff/rules/line-too-long"
  },
  {
    "cell": null,
    "code": "E501",
    "end_location": {
      "column": 82,
      "row": 53
    },
    "filename": "C:\\Users\\pc01\\source\\repos\\image-downloader\\src\\image_downloader\\commands\\setup.py",
    "fix": null,
    "location": {
      "column": 80,
      "row": 53
    },
    "message": "Line too long (81 > 79)",
    "name": "line-too-long",
    "noqa_row": 53,
    "severity": "error",
    "url": "https://docs.astral.sh/ruff/rules/line-too-long"
  },
  {
    "cell": null,
    "code": "E501",
    "end_location": {
      "column": 83,
      "row": 57
    },
    "filename": "C:\\Users\\pc01\\source\\repos\\image-downloader\\src\\image_downloader\\commands\\setup.py",
    "fix": null,
    "location": {
      "column": 80,
      "row": 57
    },
    "message": "Line too long (82 > 79)",
    "name": "line-too-long",
    "noqa_row": 57,
    "severity": "error",
    "url": "https://docs.astral.sh/ruff/rules/line-too-long"
  },
  {
    "cell": null,
    "code": "E501",
    "end_location": {
      "column": 93,
      "row": 65
    },
    "filename": "C:\\Users\\pc01\\source\\repos\\image-downloader\\src\\image_downloader\\commands\\setup.py",
    "fix": null,
    "location": {
      "column": 80,
      "row": 65
    },
    "message": "Line too long (92 > 79)",
    "name": "line-too-long",
    "noqa_row": 65,
    "severity": "error",
    "url": "https://docs.astral.sh/ruff/rules/line-too-long"
  },
  {
    "cell": null,
    "code": "E501",
    "end_location": {
      "column": 86,
      "row": 66
    },
    "filename": "C:\\Users\\pc01\\source\\repos\\image-downloader\\src\\image_downloader\\commands\\setup.py",
    "fix": null,
    "location": {
      "column": 80,
      "row": 66
    },
    "message": "Line too long (85 > 79)",
    "name": "line-too-long",
    "noqa_row": 66,
    "severity": "error",
    "url": "https://docs.astral.sh/ruff/rules/line-too-long"
  },
  {
    "cell": null,
    "code": "E501",
    "end_location": {
      "column": 95,
      "row": 73
    },
    "filename": "C:\\Users\\pc01\\source\\repos\\image-downloader\\src\\image_downloader\\commands\\setup.py",
    "fix": null,
    "location": {
      "column": 80,
      "row": 73
    },
    "message": "Line too long (94 > 79)",
    "name": "line-too-long",
    "noqa_row": 73,
    "severity": "error",
    "url": "https://docs.astral.sh/ruff/rules/line-too-long"
  },
  {
    "cell": null,
    "code": "E501",
    "end_location": {
      "column": 102,
      "row": 76
    },
    "filename": "C:\\Users\\pc01\\source\\repos\\image-downloader\\src\\image_downloader\\commands\\setup.py",
    "fix": null,
    "location": {
      "column": 80,
      "row": 76
    },
    "message": "Line too long (101 > 79)",
    "name": "line-too-long",
    "noqa_row": 76,
    "severity": "error",
    "url": "https://docs.astral.sh/ruff/rules/line-too-long"
  },
  {
    "cell": null,
    "code": "E501",
    "end_location": {
      "column": 84,
      "row": 78
    },
    "filename": "C:\\Users\\pc01\\source\\repos\\image-downloader\\src\\image_downloader\\commands\\setup.py",
    "fix": null,
    "location": {
      "column": 80,
      "row": 78
    },
    "message": "Line too long (83 > 79)",
    "name": "line-too-long",
    "noqa_row": 78,
    "severity": "error",
    "url": "https://docs.astral.sh/ruff/rules/line-too-long"
  },
  {
    "cell": null,
    "code": "E501",
    "end_location": {
      "column": 97,
      "row": 97
    },
    "filename": "C:\\Users\\pc01\\source\\repos\\image-downloader\\src\\image_downloader\\commands\\setup.py",
    "fix": null,
    "location": {
      "column": 80,
      "row": 97
    },
    "message": "Line too long (96 > 79)",
    "name": "line-too-long",
    "noqa_row": 97,
    "severity": "error",
    "url": "https://docs.astral.sh/ruff/rules/line-too-long"
  },
  {
    "cell": null,
    "code": "E501",
    "end_location": {
      "column": 103,
      "row": 101
    },
    "filename": "C:\\Users\\pc01\\source\\repos\\image-downloader\\src\\image_downloader\\commands\\setup.py",
    "fix": null,
    "location": {
      "column": 80,
      "row": 101
    },
    "message": "Line too long (102 > 79)",
    "name": "line-too-long",
    "noqa_row": 101,
    "severity": "error",
    "url": "https://docs.astral.sh/ruff/rules/line-too-long"
  },
  {
    "cell": null,
    "code": "E501",
    "end_location": {
      "column": 101,
      "row": 107
    },
    "filename": "C:\\Users\\pc01\\source\\repos\\image-downloader\\src\\image_downloader\\commands\\setup.py",
    "fix": null,
    "location": {
      "column": 80,
      "row": 107
    },
    "message": "Line too long (100 > 79)",
    "name": "line-too-long",
    "noqa_row": 107,
    "severity": "error",
    "url": "https://docs.astral.sh/ruff/rules/line-too-long"
  },
  {
    "cell": null,
    "code": "E501",
    "end_location": {
      "column": 95,
      "row": 111
    },
    "filename": "C:\\Users\\pc01\\source\\repos\\image-downloader\\src\\image_downloader\\commands\\setup.py",
    "fix": null,
    "location": {
      "column": 80,
      "row": 111
    },
    "message": "Line too long (94 > 79)",
    "name": "line-too-long",
    "noqa_row": 111,
    "severity": "error",
    "url": "https://docs.astral.sh/ruff/rules/line-too-long"
  },
  {
    "cell": null,
    "code": "E501",
    "end_location": {
      "column": 96,
      "row": 117
    },
    "filename": "C:\\Users\\pc01\\source\\repos\\image-downloader\\src\\image_downloader\\commands\\setup.py",
    "fix": null,
    "location": {
      "column": 80,
      "row": 117
    },
    "message": "Line too long (95 > 79)",
    "name": "line-too-long",
    "noqa_row": 117,
    "severity": "error",
    "url": "https://docs.astral.sh/ruff/rules/line-too-long"
  },
  {
    "cell": null,
    "code": "E501",
    "end_location": {
      "column": 105,
      "row": 118
    },
    "filename": "C:\\Users\\pc01\\source\\repos\\image-downloader\\src\\image_downloader\\commands\\setup.py",
    "fix": null,
    "location": {
      "column": 80,
      "row": 118
    },
    "message": "Line too long (104 > 79)",
    "name": "line-too-long",
    "noqa_row": 118,
    "severity": "error",
    "url": "https://docs.astral.sh/ruff/rules/line-too-long"
  },
  {
    "cell": null,
    "code": "E501",
    "end_location": {
      "column": 97,
      "row": 132
    },
    "filename": "C:\\Users\\pc01\\source\\repos\\image-downloader\\src\\image_downloader\\commands\\setup.py",
    "fix": null,
    "location": {
      "column": 80,
      "row": 132
    },
    "message": "Line too long (96 > 79)",
    "name": "line-too-long",
    "noqa_row": 132,
    "severity": "error",
    "url": "https://docs.astral.sh/ruff/rules/line-too-long"
  },
  {
    "cell": null,
    "code": "E501",
    "end_location": {
      "column": 96,
      "row": 134
    },
    "filename": "C:\\Users\\pc01\\source\\repos\\image-downloader\\src\\image_downloader\\commands\\setup.py",
    "fix": null,
    "location": {
      "column": 80,
      "row": 134
    },
    "message": "Line too long (95 > 79)",
    "name": "line-too-long",
    "noqa_row": 134,
    "severity": "error",
    "url": "https://docs.astral.sh/ruff/rules/line-too-long"
  },
  {
    "cell": null,
    "code": "E501",
    "end_location": {
      "column": 85,
      "row": 138
    },
    "filename": "C:\\Users\\pc01\\source\\repos\\image-downloader\\src\\image_downloader\\commands\\setup.py",
    "fix": null,
    "location": {
      "column": 80,
      "row": 138
    },
    "message": "Line too long (84 > 79)",
    "name": "line-too-long",
    "noqa_row": 138,
    "severity": "error",
    "url": "https://docs.astral.sh/ruff/rules/line-too-long"
  },
  {
    "cell": null,
    "code": "E501",
    "end_location": {
      "column": 111,
      "row": 150
    },
    "filename": "C:\\Users\\pc01\\source\\repos\\image-downloader\\src\\image_downloader\\commands\\setup.py",
    "fix": null,
    "location": {
      "column": 80,
      "row": 150
    },
    "message": "Line too long (110 > 79)",
    "name": "line-too-long",
    "noqa_row": 150,
    "severity": "error",
    "url": "https://docs.astral.sh/ruff/rules/line-too-long"
  },
  {
    "cell": null,
    "code": "E501",
    "end_location": {
      "column": 85,
      "row": 159
    },
    "filename": "C:\\Users\\pc01\\source\\repos\\image-downloader\\src\\image_downloader\\commands\\setup.py",
    "fix": null,
    "location": {
      "column": 80,
      "row": 159
    },
    "message": "Line too long (84 > 79)",
    "name": "line-too-long",
    "noqa_row": 159,
    "severity": "error",
    "url": "https://docs.astral.sh/ruff/rules/line-too-long"
  },
  {
    "cell": null,
    "code": "E501",
    "end_location": {
      "column": 109,
      "row": 168
    },
    "filename": "C:\\Users\\pc01\\source\\repos\\image-downloader\\src\\image_downloader\\commands\\setup.py",
    "fix": null,
    "location": {
      "column": 80,
      "row": 168
    },
    "message": "Line too long (108 > 79)",
    "name": "line-too-long",
    "noqa_row": 168,
    "severity": "error",
    "url": "https://docs.astral.sh/ruff/rules/line-too-long"
  },
  {
    "cell": null,
    "code": "E501",
    "end_location": {
      "column": 120,
      "row": 174
    },
    "filename": "C:\\Users\\pc01\\source\\repos\\image-downloader\\src\\image_downloader\\commands\\setup.py",
    "fix": null,
    "location": {
      "column": 80,
      "row": 174
    },
    "message": "Line too long (119 > 79)",
    "name": "line-too-long",
    "noqa_row": 174,
    "severity": "error",
    "url": "https://docs.astral.sh/ruff/rules/line-too-long"
  },
  {
    "cell": null,
    "code": "E501",
    "end_location": {
      "column": 105,
      "row": 177
    },
    "filename": "C:\\Users\\pc01\\source\\repos\\image-downloader\\src\\image_downloader\\commands\\setup.py",
    "fix": null,
    "location": {
      "column": 80,
      "row": 177
    },
    "message": "Line too long (104 > 79)",
    "name": "line-too-long",
    "noqa_row": 177,
    "severity": "error",
    "url": "https://docs.astral.sh/ruff/rules/line-too-long"
  },
  {
    "cell": null,
    "code": "E501",
    "end_location": {
      "column": 93,
      "row": 183
    },
    "filename": "C:\\Users\\pc01\\source\\repos\\image-downloader\\src\\image_downloader\\commands\\setup.py",
    "fix": null,
    "location": {
      "column": 80,
      "row": 183
    },
    "message": "Line too long (92 > 79)",
    "name": "line-too-long",
    "noqa_row": 183,
    "severity": "error",
    "url": "https://docs.astral.sh/ruff/rules/line-too-long"
  },
  {
    "cell": null,
    "code": "E501",
    "end_location": {
      "column": 103,
      "row": 206
    },
    "filename": "C:\\Users\\pc01\\source\\repos\\image-downloader\\src\\image_downloader\\commands\\setup.py",
    "fix": null,
    "location": {
      "column": 80,
      "row": 206
    },
    "message": "Line too long (102 > 79)",
    "name": "line-too-long",
    "noqa_row": 206,
    "severity": "error",
    "url": "https://docs.astral.sh/ruff/rules/line-too-long"
  },
  {
    "cell": null,
    "code": "E501",
    "end_location": {
      "column": 85,
      "row": 211
    },
    "filename": "C:\\Users\\pc01\\source\\repos\\image-downloader\\src\\image_downloader\\commands\\setup.py",
    "fix": null,
    "location": {
      "column": 80,
      "row": 211
    },
    "message": "Line too long (84 > 79)",
    "name": "line-too-long",
    "noqa_row": 211,
    "severity": "error",
    "url": "https://docs.astral.sh/ruff/rules/line-too-long"
  },
  {
    "cell": null,
    "code": "E501",
    "end_location": {
      "column": 111,
      "row": 224
    },
    "filename": "C:\\Users\\pc01\\source\\repos\\image-downloader\\src\\image_downloader\\commands\\setup.py",
    "fix": null,
    "location": {
      "column": 80,
      "row": 224
    },
    "message": "Line too long (110 > 79)",
    "name": "line-too-long",
    "noqa_row": 224,
    "severity": "error",
    "url": "https://docs.astral.sh/ruff/rules/line-too-long"
  },
  {
    "cell": null,
    "code": "E501",
    "end_location": {
      "column": 104,
      "row": 243
    },
    "filename": "C:\\Users\\pc01\\source\\repos\\image-downloader\\src\\image_downloader\\commands\\setup.py",
    "fix": null,
    "location": {
      "column": 80,
      "row": 243
    },
    "message": "Line too long (103 > 79)",
    "name": "line-too-long",
    "noqa_row": 243,
    "severity": "error",
    "url": "https://docs.astral.sh/ruff/rules/line-too-long"
  },
  {
    "cell": null,
    "code": "E501",
    "end_location": {
      "column": 103,
      "row": 247
    },
    "filename": "C:\\Users\\pc01\\source\\repos\\image-downloader\\src\\image_downloader\\commands\\setup.py",
    "fix": null,
    "location": {
      "column": 80,
      "row": 247
    },
    "message": "Line too long (102 > 79)",
    "name": "line-too-long",
    "noqa_row": 247,
    "severity": "error",
    "url": "https://docs.astral.sh/ruff/rules/line-too-long"
  },
  {
    "cell": null,
    "code": "E501",
    "end_location": {
      "column": 116,
      "row": 252
    },
    "filename": "C:\\Users\\pc01\\source\\repos\\image-downloader\\src\\image_downloader\\commands\\setup.py",
    "fix": null,
    "location": {
      "column": 80,
      "row": 252
    },
    "message": "Line too long (115 > 79)",
    "name": "line-too-long",
    "noqa_row": 252,
    "severity": "error",
    "url": "https://docs.astral.sh/ruff/rules/line-too-long"
  },
  {
    "cell": null,
    "code": "E501",
    "end_location": {
      "column": 87,
      "row": 263
    },
    "filename": "C:\\Users\\pc01\\source\\repos\\image-downloader\\src\\image_downloader\\commands\\setup.py",
    "fix": null,
    "location": {
      "column": 80,
      "row": 263
    },
    "message": "Line too long (86 > 79)",
    "name": "line-too-long",
    "noqa_row": 263,
    "severity": "error",
    "url": "https://docs.astral.sh/ruff/rules/line-too-long"
  },
  {
    "cell": null,
    "code": "E501",
    "end_location": {
      "column": 87,
      "row": 272
    },
    "filename": "C:\\Users\\pc01\\source\\repos\\image-downloader\\src\\image_downloader\\commands\\setup.py",
    "fix": null,
    "location": {
      "column": 80,
      "row": 272
    },
    "message": "Line too long (86 > 79)",
    "name": "line-too-long",
    "noqa_row": 272,
    "severity": "error",
    "url": "https://docs.astral.sh/ruff/rules/line-too-long"
  },
  {
    "cell": null,
    "code": "E501",
    "end_location": {
      "column": 91,
      "row": 281
    },
    "filename": "C:\\Users\\pc01\\source\\repos\\image-downloader\\src\\image_downloader\\commands\\setup.py",
    "fix": null,
    "location": {
      "column": 80,
      "row": 281
    },
    "message": "Line too long (90 > 79)",
    "name": "line-too-long",
    "noqa_row": 281,
    "severity": "error",
    "url": "https://docs.astral.sh/ruff/rules/line-too-long"
  },
  {
    "cell": null,
    "code": "E501",
    "end_location": {
      "column": 89,
      "row": 293
    },
    "filename": "C:\\Users\\pc01\\source\\repos\\image-downloader\\src\\image_downloader\\commands\\setup.py",
    "fix": null,
    "location": {
      "column": 80,
      "row": 293
    },
    "message": "Line too long (88 > 79)",
    "name": "line-too-long",
    "noqa_row": 293,
    "severity": "error",
    "url": "https://docs.astral.sh/ruff/rules/line-too-long"
  },
  {
    "cell": null,
    "code": "E501",
    "end_location": {
      "column": 99,
      "row": 308
    },
    "filename": "C:\\Users\\pc01\\source\\repos\\image-downloader\\src\\image_downloader\\commands\\setup.py",
    "fix": null,
    "location": {
      "column": 80,
      "row": 308
    },
    "message": "Line too long (98 > 79)",
    "name": "line-too-long",
    "noqa_row": 308,
    "severity": "error",
    "url": "https://docs.astral.sh/ruff/rules/line-too-long"
  },
  {
    "cell": null,
    "code": "E501",
    "end_location": {
      "column": 97,
      "row": 316
    },
    "filename": "C:\\Users\\pc01\\source\\repos\\image-downloader\\src\\image_downloader\\commands\\setup.py",
    "fix": null,
    "location": {
      "column": 80,
      "row": 316
    },
    "message": "Line too long (96 > 79)",
    "name": "line-too-long",
    "noqa_row": 316,
    "severity": "error",
    "url": "https://docs.astral.sh/ruff/rules/line-too-long"
  },
  {
    "cell": null,
    "code": "E501",
    "end_location": {
      "column": 97,
      "row": 322
    },
    "filename": "C:\\Users\\pc01\\source\\repos\\image-downloader\\src\\image_downloader\\commands\\setup.py",
    "fix": null,
    "location": {
      "column": 80,
      "row": 322
    },
    "message": "Line too long (96 > 79)",
    "name": "line-too-long",
    "noqa_row": 322,
    "severity": "error",
    "url": "https://docs.astral.sh/ruff/rules/line-too-long"
  },
  {
    "cell": null,
    "code": "E501",
    "end_location": {
      "column": 89,
      "row": 344
    },
    "filename": "C:\\Users\\pc01\\source\\repos\\image-downloader\\src\\image_downloader\\commands\\setup.py",
    "fix": null,
    "location": {
      "column": 80,
      "row": 344
    },
    "message": "Line too long (88 > 79)",
    "name": "line-too-long",
    "noqa_row": 344,
    "severity": "error",
    "url": "https://docs.astral.sh/ruff/rules/line-too-long"
  },
  {
    "cell": null,
    "code": "E501",
    "end_location": {
      "column": 103,
      "row": 347
    },
    "filename": "C:\\Users\\pc01\\source\\repos\\image-downloader\\src\\image_downloader\\commands\\setup.py",
    "fix": null,
    "location": {
      "column": 80,
      "row": 347
    },
    "message": "Line too long (102 > 79)",
    "name": "line-too-long",
    "noqa_row": 347,
    "severity": "error",
    "url": "https://docs.astral.sh/ruff/rules/line-too-long"
  },
  {
    "cell": null,
    "code": "E501",
    "end_location": {
      "column": 90,
      "row": 28
    },
    "filename": "C:\\Users\\pc01\\source\\repos\\image-downloader\\src\\image_downloader\\commands\\state.py",
    "fix": null,
    "location": {
      "column": 80,
      "row": 28
    },
    "message": "Line too long (89 > 79)",
    "name": "line-too-long",
    "noqa_row": 28,
    "severity": "error",
    "url": "https://docs.astral.sh/ruff/rules/line-too-long"
  },
  {
    "cell": null,
    "code": "E501",
    "end_location": {
      "column": 81,
      "row": 34
    },
    "filename": "C:\\Users\\pc01\\source\\repos\\image-downloader\\src\\image_downloader\\commands\\state.py",
    "fix": null,
    "location": {
      "column": 80,
      "row": 34
    },
    "message": "Line too long (80 > 79)",
    "name": "line-too-long",
    "noqa_row": 34,
    "severity": "error",
    "url": "https://docs.astral.sh/ruff/rules/line-too-long"
  },
  {
    "cell": null,
    "code": "E501",
    "end_location": {
      "column": 92,
      "row": 73
    },
    "filename": "C:\\Users\\pc01\\source\\repos\\image-downloader\\src\\image_downloader\\commands\\state.py",
    "fix": null,
    "location": {
      "column": 80,
      "row": 73
    },
    "message": "Line too long (91 > 79)",
    "name": "line-too-long",
    "noqa_row": 73,
    "severity": "error",
    "url": "https://docs.astral.sh/ruff/rules/line-too-long"
  },
  {
    "cell": null,
    "code": "E501",
    "end_location": {
      "column": 101,
      "row": 85
    },
    "filename": "C:\\Users\\pc01\\source\\repos\\image-downloader\\src\\image_downloader\\commands\\state.py",
    "fix": null,
    "location": {
      "column": 80,
      "row": 85
    },
    "message": "Line too long (100 > 79)",
    "name": "line-too-long",
    "noqa_row": 85,
    "severity": "error",
    "url": "https://docs.astral.sh/ruff/rules/line-too-long"
  },
  {
    "cell": null,
    "code": "E501",
    "end_location": {
      "column": 88,
      "row": 88
    },
    "filename": "C:\\Users\\pc01\\source\\repos\\image-downloader\\src\\image_downloader\\commands\\state.py",
    "fix": null,
    "location": {
      "column": 80,
      "row": 88
    },
    "message": "Line too long (87 > 79)",
    "name": "line-too-long",
    "noqa_row": 88,
    "severity": "error",
    "url": "https://docs.astral.sh/ruff/rules/line-too-long"
  },
  {
    "cell": null,
    "code": "E501",
    "end_location": {
      "column": 102,
      "row": 93
    },
    "filename": "C:\\Users\\pc01\\source\\repos\\image-downloader\\src\\image_downloader\\commands\\state.py",
    "fix": null,
    "location": {
      "column": 80,
      "row": 93
    },
    "message": "Line too long (101 > 79)",
    "name": "line-too-long",
    "noqa_row": 93,
    "severity": "error",
    "url": "https://docs.astral.sh/ruff/rules/line-too-long"
  },
  {
    "cell": null,
    "code": "E501",
    "end_location": {
      "column": 107,
      "row": 97
    },
    "filename": "C:\\Users\\pc01\\source\\repos\\image-downloader\\src\\image_downloader\\commands\\state.py",
    "fix": null,
    "location": {
      "column": 80,
      "row": 97
    },
    "message": "Line too long (106 > 79)",
    "name": "line-too-long",
    "noqa_row": 97,
    "severity": "error",
    "url": "https://docs.astral.sh/ruff/rules/line-too-long"
  },
  {
    "cell": null,
    "code": "E501",
    "end_location": {
      "column": 98,
      "row": 99
    },
    "filename": "C:\\Users\\pc01\\source\\repos\\image-downloader\\src\\image_downloader\\commands\\state.py",
    "fix": null,
    "location": {
      "column": 80,
      "row": 99
    },
    "message": "Line too long (97 > 79)",
    "name": "line-too-long",
    "noqa_row": 99,
    "severity": "error",
    "url": "https://docs.astral.sh/ruff/rules/line-too-long"
  },
  {
    "cell": null,
    "code": "E501",
    "end_location": {
      "column": 116,
      "row": 103
    },
    "filename": "C:\\Users\\pc01\\source\\repos\\image-downloader\\src\\image_downloader\\commands\\state.py",
    "fix": null,
    "location": {
      "column": 80,
      "row": 103
    },
    "message": "Line too long (115 > 79)",
    "name": "line-too-long",
    "noqa_row": 103,
    "severity": "error",
    "url": "https://docs.astral.sh/ruff/rules/line-too-long"
  },
  {
    "cell": null,
    "code": "E501",
    "end_location": {
      "column": 107,
      "row": 106
    },
    "filename": "C:\\Users\\pc01\\source\\repos\\image-downloader\\src\\image_downloader\\commands\\state.py",
    "fix": null,
    "location": {
      "column": 80,
      "row": 106
    },
    "message": "Line too long (106 > 79)",
    "name": "line-too-long",
    "noqa_row": 106,
    "severity": "error",
    "url": "https://docs.astral.sh/ruff/rules/line-too-long"
  },
  {
    "cell": null,
    "code": "E501",
    "end_location": {
      "column": 100,
      "row": 118
    },
    "filename": "C:\\Users\\pc01\\source\\repos\\image-downloader\\src\\image_downloader\\commands\\state.py",
    "fix": null,
    "location": {
      "column": 80,
      "row": 118
    },
    "message": "Line too long (99 > 79)",
    "name": "line-too-long",
    "noqa_row": 118,
    "severity": "error",
    "url": "https://docs.astral.sh/ruff/rules/line-too-long"
  },
  {
    "cell": null,
    "code": "E501",
    "end_location": {
      "column": 98,
      "row": 132
    },
    "filename": "C:\\Users\\pc01\\source\\repos\\image-downloader\\src\\image_downloader\\commands\\state.py",
    "fix": null,
    "location": {
      "column": 80,
      "row": 132
    },
    "message": "Line too long (97 > 79)",
    "name": "line-too-long",
    "noqa_row": 132,
    "severity": "error",
    "url": "https://docs.astral.sh/ruff/rules/line-too-long"
  },
  {
    "cell": null,
    "code": "E501",
    "end_location": {
      "column": 101,
      "row": 133
    },
    "filename": "C:\\Users\\pc01\\source\\repos\\image-downloader\\src\\image_downloader\\commands\\state.py",
    "fix": null,
    "location": {
      "column": 80,
      "row": 133
    },
    "message": "Line too long (100 > 79)",
    "name": "line-too-long",
    "noqa_row": 133,
    "severity": "error",
    "url": "https://docs.astral.sh/ruff/rules/line-too-long"
  },
  {
    "cell": null,
    "code": "E501",
    "end_location": {
      "column": 85,
      "row": 136
    },
    "filename": "C:\\Users\\pc01\\source\\repos\\image-downloader\\src\\image_downloader\\commands\\state.py",
    "fix": null,
    "location": {
      "column": 80,
      "row": 136
    },
    "message": "Line too long (84 > 79)",
    "name": "line-too-long",
    "noqa_row": 136,
    "severity": "error",
    "url": "https://docs.astral.sh/ruff/rules/line-too-long"
  },
  {
    "cell": null,
    "code": "E501",
    "end_location": {
      "column": 83,
      "row": 10
    },
    "filename": "C:\\Users\\pc01\\source\\repos\\image-downloader\\src\\image_downloader\\commands\\state_formatting.py",
    "fix": null,
    "location": {
      "column": 80,
      "row": 10
    },
    "message": "Line too long (82 > 79)",
    "name": "line-too-long",
    "noqa_row": 10,
    "severity": "error",
    "url": "https://docs.astral.sh/ruff/rules/line-too-long"
  },
  {
    "cell": null,
    "code": "E501",
    "end_location": {
      "column": 91,
      "row": 27
    },
    "filename": "C:\\Users\\pc01\\source\\repos\\image-downloader\\src\\image_downloader\\commands\\state_formatting.py",
    "fix": null,
    "location": {
      "column": 80,
      "row": 27
    },
    "message": "Line too long (90 > 79)",
    "name": "line-too-long",
    "noqa_row": 27,
    "severity": "error",
    "url": "https://docs.astral.sh/ruff/rules/line-too-long"
  },
  {
    "cell": null,
    "code": "E501",
    "end_location": {
      "column": 98,
      "row": 28
    },
    "filename": "C:\\Users\\pc01\\source\\repos\\image-downloader\\src\\image_downloader\\commands\\state_formatting.py",
    "fix": null,
    "location": {
      "column": 80,
      "row": 28
    },
    "message": "Line too long (97 > 79)",
    "name": "line-too-long",
    "noqa_row": 28,
    "severity": "error",
    "url": "https://docs.astral.sh/ruff/rules/line-too-long"
  },
  {
    "cell": null,
    "code": "E501",
    "end_location": {
      "column": 97,
      "row": 47
    },
    "filename": "C:\\Users\\pc01\\source\\repos\\image-downloader\\src\\image_downloader\\commands\\state_formatting.py",
    "fix": null,
    "location": {
      "column": 80,
      "row": 47
    },
    "message": "Line too long (96 > 79)",
    "name": "line-too-long",
    "noqa_row": 47,
    "severity": "error",
    "url": "https://docs.astral.sh/ruff/rules/line-too-long"
  },
  {
    "cell": null,
    "code": "E501",
    "end_location": {
      "column": 98,
      "row": 50
    },
    "filename": "C:\\Users\\pc01\\source\\repos\\image-downloader\\src\\image_downloader\\commands\\state_formatting.py",
    "fix": null,
    "location": {
      "column": 80,
      "row": 50
    },
    "message": "Line too long (97 > 79)",
    "name": "line-too-long",
    "noqa_row": 50,
    "severity": "error",
    "url": "https://docs.astral.sh/ruff/rules/line-too-long"
  },
  {
    "cell": null,
    "code": "E501",
    "end_location": {
      "column": 100,
      "row": 51
    },
    "filename": "C:\\Users\\pc01\\source\\repos\\image-downloader\\src\\image_downloader\\commands\\state_formatting.py",
    "fix": null,
    "location": {
      "column": 80,
      "row": 51
    },
    "message": "Line too long (99 > 79)",
    "name": "line-too-long",
    "noqa_row": 51,
    "severity": "error",
    "url": "https://docs.astral.sh/ruff/rules/line-too-long"
  },
  {
    "cell": null,
    "code": "E501",
    "end_location": {
      "column": 96,
      "row": 52
    },
    "filename": "C:\\Users\\pc01\\source\\repos\\image-downloader\\src\\image_downloader\\commands\\state_formatting.py",
    "fix": null,
    "location": {
      "column": 80,
      "row": 52
    },
    "message": "Line too long (95 > 79)",
    "name": "line-too-long",
    "noqa_row": 52,
    "severity": "error",
    "url": "https://docs.astral.sh/ruff/rules/line-too-long"
  },
  {
    "cell": null,
    "code": "E501",
    "end_location": {
      "column": 115,
      "row": 60
    },
    "filename": "C:\\Users\\pc01\\source\\repos\\image-downloader\\src\\image_downloader\\commands\\state_formatting.py",
    "fix": null,
    "location": {
      "column": 80,
      "row": 60
    },
    "message": "Line too long (114 > 79)",
    "name": "line-too-long",
    "noqa_row": 60,
    "severity": "error",
    "url": "https://docs.astral.sh/ruff/rules/line-too-long"
  },
  {
    "cell": null,
    "code": "E501",
    "end_location": {
      "column": 89,
      "row": 81
    },
    "filename": "C:\\Users\\pc01\\source\\repos\\image-downloader\\src\\image_downloader\\commands\\state_formatting.py",
    "fix": null,
    "location": {
      "column": 80,
      "row": 81
    },
    "message": "Line too long (88 > 79)",
    "name": "line-too-long",
    "noqa_row": 81,
    "severity": "error",
    "url": "https://docs.astral.sh/ruff/rules/line-too-long"
  },
  {
    "cell": null,
    "code": "E501",
    "end_location": {
      "column": 85,
      "row": 87
    },
    "filename": "C:\\Users\\pc01\\source\\repos\\image-downloader\\src\\image_downloader\\commands\\state_formatting.py",
    "fix": null,
    "location": {
      "column": 80,
      "row": 87
    },
    "message": "Line too long (84 > 79)",
    "name": "line-too-long",
    "noqa_row": 87,
    "severity": "error",
    "url": "https://docs.astral.sh/ruff/rules/line-too-long"
  },
  {
    "cell": null,
    "code": "E501",
    "end_location": {
      "column": 108,
      "row": 90
    },
    "filename": "C:\\Users\\pc01\\source\\repos\\image-downloader\\src\\image_downloader\\commands\\state_formatting.py",
    "fix": null,
    "location": {
      "column": 80,
      "row": 90
    },
    "message": "Line too long (107 > 79)",
    "name": "line-too-long",
    "noqa_row": 90,
    "severity": "error",
    "url": "https://docs.astral.sh/ruff/rules/line-too-long"
  },
  {
    "cell": null,
    "code": "E501",
    "end_location": {
      "column": 92,
      "row": 91
    },
    "filename": "C:\\Users\\pc01\\source\\repos\\image-downloader\\src\\image_downloader\\commands\\state_formatting.py",
    "fix": null,
    "location": {
      "column": 80,
      "row": 91
    },
    "message": "Line too long (91 > 79)",
    "name": "line-too-long",
    "noqa_row": 91,
    "severity": "error",
    "url": "https://docs.astral.sh/ruff/rules/line-too-long"
  },
  {
    "cell": null,
    "code": "E501",
    "end_location": {
      "column": 88,
      "row": 110
    },
    "filename": "C:\\Users\\pc01\\source\\repos\\image-downloader\\src\\image_downloader\\commands\\state_formatting.py",
    "fix": null,
    "location": {
      "column": 80,
      "row": 110
    },
    "message": "Line too long (87 > 79)",
    "name": "line-too-long",
    "noqa_row": 110,
    "severity": "error",
    "url": "https://docs.astral.sh/ruff/rules/line-too-long"
  },
  {
    "cell": null,
    "code": "E501",
    "end_location": {
      "column": 97,
      "row": 111
    },
    "filename": "C:\\Users\\pc01\\source\\repos\\image-downloader\\src\\image_downloader\\commands\\state_formatting.py",
    "fix": null,
    "location": {
      "column": 80,
      "row": 111
    },
    "message": "Line too long (96 > 79)",
    "name": "line-too-long",
    "noqa_row": 111,
    "severity": "error",
    "url": "https://docs.astral.sh/ruff/rules/line-too-long"
  },
  {
    "cell": null,
    "code": "E501",
    "end_location": {
      "column": 97,
      "row": 114
    },
    "filename": "C:\\Users\\pc01\\source\\repos\\image-downloader\\src\\image_downloader\\commands\\state_formatting.py",
    "fix": null,
    "location": {
      "column": 80,
      "row": 114
    },
    "message": "Line too long (96 > 79)",
    "name": "line-too-long",
    "noqa_row": 114,
    "severity": "error",
    "url": "https://docs.astral.sh/ruff/rules/line-too-long"
  },
  {
    "cell": null,
    "code": "E501",
    "end_location": {
      "column": 92,
      "row": 115
    },
    "filename": "C:\\Users\\pc01\\source\\repos\\image-downloader\\src\\image_downloader\\commands\\state_formatting.py",
    "fix": null,
    "location": {
      "column": 80,
      "row": 115
    },
    "message": "Line too long (91 > 79)",
    "name": "line-too-long",
    "noqa_row": 115,
    "severity": "error",
    "url": "https://docs.astral.sh/ruff/rules/line-too-long"
  },
  {
    "cell": null,
    "code": "E501",
    "end_location": {
      "column": 107,
      "row": 132
    },
    "filename": "C:\\Users\\pc01\\source\\repos\\image-downloader\\src\\image_downloader\\commands\\state_formatting.py",
    "fix": null,
    "location": {
      "column": 80,
      "row": 132
    },
    "message": "Line too long (106 > 79)",
    "name": "line-too-long",
    "noqa_row": 132,
    "severity": "error",
    "url": "https://docs.astral.sh/ruff/rules/line-too-long"
  },
  {
    "cell": null,
    "code": "E501",
    "end_location": {
      "column": 86,
      "row": 134
    },
    "filename": "C:\\Users\\pc01\\source\\repos\\image-downloader\\src\\image_downloader\\commands\\state_formatting.py",
    "fix": null,
    "location": {
      "column": 80,
      "row": 134
    },
    "message": "Line too long (85 > 79)",
    "name": "line-too-long",
    "noqa_row": 134,
    "severity": "error",
    "url": "https://docs.astral.sh/ruff/rules/line-too-long"
  },
  {
    "cell": null,
    "code": "E501",
    "end_location": {
      "column": 104,
      "row": 144
    },
    "filename": "C:\\Users\\pc01\\source\\repos\\image-downloader\\src\\image_downloader\\commands\\state_formatting.py",
    "fix": null,
    "location": {
      "column": 80,
      "row": 144
    },
    "message": "Line too long (103 > 79)",
    "name": "line-too-long",
    "noqa_row": 144,
    "severity": "error",
    "url": "https://docs.astral.sh/ruff/rules/line-too-long"
  },
  {
    "cell": null,
    "code": "E501",
    "end_location": {
      "column": 81,
      "row": 145
    },
    "filename": "C:\\Users\\pc01\\source\\repos\\image-downloader\\src\\image_downloader\\commands\\state_formatting.py",
    "fix": null,
    "location": {
      "column": 80,
      "row": 145
    },
    "message": "Line too long (80 > 79)",
    "name": "line-too-long",
    "noqa_row": 145,
    "severity": "error",
    "url": "https://docs.astral.sh/ruff/rules/line-too-long"
  },
  {
    "cell": null,
    "code": "E501",
    "end_location": {
      "column": 83,
      "row": 148
    },
    "filename": "C:\\Users\\pc01\\source\\repos\\image-downloader\\src\\image_downloader\\commands\\state_formatting.py",
    "fix": null,
    "location": {
      "column": 80,
      "row": 148
    },
    "message": "Line too long (82 > 79)",
    "name": "line-too-long",
    "noqa_row": 148,
    "severity": "error",
    "url": "https://docs.astral.sh/ruff/rules/line-too-long"
  },
  {
    "cell": null,
    "code": "E501",
    "end_location": {
      "column": 111,
      "row": 28
    },
    "filename": "C:\\Users\\pc01\\source\\repos\\image-downloader\\src\\image_downloader\\commands\\validation.py",
    "fix": null,
    "location": {
      "column": 80,
      "row": 28
    },
    "message": "Line too long (110 > 79)",
    "name": "line-too-long",
    "noqa_row": 28,
    "severity": "error",
    "url": "https://docs.astral.sh/ruff/rules/line-too-long"
  },
  {
    "cell": null,
    "code": "E501",
    "end_location": {
      "column": 99,
      "row": 33
    },
    "filename": "C:\\Users\\pc01\\source\\repos\\image-downloader\\src\\image_downloader\\commands\\validation.py",
    "fix": null,
    "location": {
      "column": 80,
      "row": 33
    },
    "message": "Line too long (98 > 79)",
    "name": "line-too-long",
    "noqa_row": 33,
    "severity": "error",
    "url": "https://docs.astral.sh/ruff/rules/line-too-long"
  },
  {
    "cell": null,
    "code": "E501",
    "end_location": {
      "column": 103,
      "row": 58
    },
    "filename": "C:\\Users\\pc01\\source\\repos\\image-downloader\\src\\image_downloader\\commands\\validation.py",
    "fix": null,
    "location": {
      "column": 80,
      "row": 58
    },
    "message": "Line too long (102 > 79)",
    "name": "line-too-long",
    "noqa_row": 58,
    "severity": "error",
    "url": "https://docs.astral.sh/ruff/rules/line-too-long"
  },
  {
    "cell": null,
    "code": "E501",
    "end_location": {
      "column": 90,
      "row": 65
    },
    "filename": "C:\\Users\\pc01\\source\\repos\\image-downloader\\src\\image_downloader\\commands\\validation.py",
    "fix": null,
    "location": {
      "column": 80,
      "row": 65
    },
    "message": "Line too long (89 > 79)",
    "name": "line-too-long",
    "noqa_row": 65,
    "severity": "error",
    "url": "https://docs.astral.sh/ruff/rules/line-too-long"
  },
  {
    "cell": null,
    "code": "E501",
    "end_location": {
      "column": 117,
      "row": 72
    },
    "filename": "C:\\Users\\pc01\\source\\repos\\image-downloader\\src\\image_downloader\\commands\\validation.py",
    "fix": null,
    "location": {
      "column": 80,
      "row": 72
    },
    "message": "Line too long (116 > 79)",
    "name": "line-too-long",
    "noqa_row": 72,
    "severity": "error",
    "url": "https://docs.astral.sh/ruff/rules/line-too-long"
  },
  {
    "cell": null,
    "code": "E501",
    "end_location": {
      "column": 117,
      "row": 84
    },
    "filename": "C:\\Users\\pc01\\source\\repos\\image-downloader\\src\\image_downloader\\commands\\validation.py",
    "fix": null,
    "location": {
      "column": 80,
      "row": 84
    },
    "message": "Line too long (116 > 79)",
    "name": "line-too-long",
    "noqa_row": 84,
    "severity": "error",
    "url": "https://docs.astral.sh/ruff/rules/line-too-long"
  },
  {
    "cell": null,
    "code": "E501",
    "end_location": {
      "column": 106,
      "row": 88
    },
    "filename": "C:\\Users\\pc01\\source\\repos\\image-downloader\\src\\image_downloader\\commands\\validation.py",
    "fix": null,
    "location": {
      "column": 80,
      "row": 88
    },
    "message": "Line too long (105 > 79)",
    "name": "line-too-long",
    "noqa_row": 88,
    "severity": "error",
    "url": "https://docs.astral.sh/ruff/rules/line-too-long"
  },
  {
    "cell": null,
    "code": "E501",
    "end_location": {
      "column": 94,
      "row": 91
    },
    "filename": "C:\\Users\\pc01\\source\\repos\\image-downloader\\src\\image_downloader\\commands\\validation.py",
    "fix": null,
    "location": {
      "column": 80,
      "row": 91
    },
    "message": "Line too long (93 > 79)",
    "name": "line-too-long",
    "noqa_row": 91,
    "severity": "error",
    "url": "https://docs.astral.sh/ruff/rules/line-too-long"
  },
  {
    "cell": null,
    "code": "E501",
    "end_location": {
      "column": 114,
      "row": 97
    },
    "filename": "C:\\Users\\pc01\\source\\repos\\image-downloader\\src\\image_downloader\\commands\\validation.py",
    "fix": null,
    "location": {
      "column": 80,
      "row": 97
    },
    "message": "Line too long (113 > 79)",
    "name": "line-too-long",
    "noqa_row": 97,
    "severity": "error",
    "url": "https://docs.astral.sh/ruff/rules/line-too-long"
  },
  {
    "cell": null,
    "code": "E501",
    "end_location": {
      "column": 92,
      "row": 98
    },
    "filename": "C:\\Users\\pc01\\source\\repos\\image-downloader\\src\\image_downloader\\commands\\validation.py",
    "fix": null,
    "location": {
      "column": 80,
      "row": 98
    },
    "message": "Line too long (91 > 79)",
    "name": "line-too-long",
    "noqa_row": 98,
    "severity": "error",
    "url": "https://docs.astral.sh/ruff/rules/line-too-long"
  },
  {
    "cell": null,
    "code": "E501",
    "end_location": {
      "column": 92,
      "row": 99
    },
    "filename": "C:\\Users\\pc01\\source\\repos\\image-downloader\\src\\image_downloader\\commands\\validation.py",
    "fix": null,
    "location": {
      "column": 80,
      "row": 99
    },
    "message": "Line too long (91 > 79)",
    "name": "line-too-long",
    "noqa_row": 99,
    "severity": "error",
    "url": "https://docs.astral.sh/ruff/rules/line-too-long"
  },
  {
    "cell": null,
    "code": "E501",
    "end_location": {
      "column": 107,
      "row": 112
    },
    "filename": "C:\\Users\\pc01\\source\\repos\\image-downloader\\src\\image_downloader\\commands\\validation.py",
    "fix": null,
    "location": {
      "column": 80,
      "row": 112
    },
    "message": "Line too long (106 > 79)",
    "name": "line-too-long",
    "noqa_row": 112,
    "severity": "error",
    "url": "https://docs.astral.sh/ruff/rules/line-too-long"
  },
  {
    "cell": null,
    "code": "E501",
    "end_location": {
      "column": 106,
      "row": 122
    },
    "filename": "C:\\Users\\pc01\\source\\repos\\image-downloader\\src\\image_downloader\\commands\\validation.py",
    "fix": null,
    "location": {
      "column": 80,
      "row": 122
    },
    "message": "Line too long (105 > 79)",
    "name": "line-too-long",
    "noqa_row": 122,
    "severity": "error",
    "url": "https://docs.astral.sh/ruff/rules/line-too-long"
  },
  {
    "cell": null,
    "code": "E501",
    "end_location": {
      "column": 97,
      "row": 135
    },
    "filename": "C:\\Users\\pc01\\source\\repos\\image-downloader\\src\\image_downloader\\commands\\validation.py",
    "fix": null,
    "location": {
      "column": 80,
      "row": 135
    },
    "message": "Line too long (96 > 79)",
    "name": "line-too-long",
    "noqa_row": 135,
    "severity": "error",
    "url": "https://docs.astral.sh/ruff/rules/line-too-long"
  },
  {
    "cell": null,
    "code": "E501",
    "end_location": {
      "column": 120,
      "row": 143
    },
    "filename": "C:\\Users\\pc01\\source\\repos\\image-downloader\\src\\image_downloader\\commands\\validation.py",
    "fix": null,
    "location": {
      "column": 80,
      "row": 143
    },
    "message": "Line too long (119 > 79)",
    "name": "line-too-long",
    "noqa_row": 143,
    "severity": "error",
    "url": "https://docs.astral.sh/ruff/rules/line-too-long"
  },
  {
    "cell": null,
    "code": "E501",
    "end_location": {
      "column": 106,
      "row": 148
    },
    "filename": "C:\\Users\\pc01\\source\\repos\\image-downloader\\src\\image_downloader\\commands\\validation.py",
    "fix": null,
    "location": {
      "column": 80,
      "row": 148
    },
    "message": "Line too long (105 > 79)",
    "name": "line-too-long",
    "noqa_row": 148,
    "severity": "error",
    "url": "https://docs.astral.sh/ruff/rules/line-too-long"
  },
  {
    "cell": null,
    "code": "E501",
    "end_location": {
      "column": 102,
      "row": 153
    },
    "filename": "C:\\Users\\pc01\\source\\repos\\image-downloader\\src\\image_downloader\\commands\\validation.py",
    "fix": null,
    "location": {
      "column": 80,
      "row": 153
    },
    "message": "Line too long (101 > 79)",
    "name": "line-too-long",
    "noqa_row": 153,
    "severity": "error",
    "url": "https://docs.astral.sh/ruff/rules/line-too-long"
  },
  {
    "cell": null,
    "code": "E501",
    "end_location": {
      "column": 110,
      "row": 154
    },
    "filename": "C:\\Users\\pc01\\source\\repos\\image-downloader\\src\\image_downloader\\commands\\validation.py",
    "fix": null,
    "location": {
      "column": 80,
      "row": 154
    },
    "message": "Line too long (109 > 79)",
    "name": "line-too-long",
    "noqa_row": 154,
    "severity": "error",
    "url": "https://docs.astral.sh/ruff/rules/line-too-long"
  },
  {
    "cell": null,
    "code": "E501",
    "end_location": {
      "column": 107,
      "row": 155
    },
    "filename": "C:\\Users\\pc01\\source\\repos\\image-downloader\\src\\image_downloader\\commands\\validation.py",
    "fix": null,
    "location": {
      "column": 80,
      "row": 155
    },
    "message": "Line too long (106 > 79)",
    "name": "line-too-long",
    "noqa_row": 155,
    "severity": "error",
    "url": "https://docs.astral.sh/ruff/rules/line-too-long"
  },
  {
    "cell": null,
    "code": "E501",
    "end_location": {
      "column": 115,
      "row": 156
    },
    "filename": "C:\\Users\\pc01\\source\\repos\\image-downloader\\src\\image_downloader\\commands\\validation.py",
    "fix": null,
    "location": {
      "column": 80,
      "row": 156
    },
    "message": "Line too long (114 > 79)",
    "name": "line-too-long",
    "noqa_row": 156,
    "severity": "error",
    "url": "https://docs.astral.sh/ruff/rules/line-too-long"
  },
  {
    "cell": null,
    "code": "E501",
    "end_location": {
      "column": 95,
      "row": 157
    },
    "filename": "C:\\Users\\pc01\\source\\repos\\image-downloader\\src\\image_downloader\\commands\\validation.py",
    "fix": null,
    "location": {
      "column": 80,
      "row": 157
    },
    "message": "Line too long (94 > 79)",
    "name": "line-too-long",
    "noqa_row": 157,
    "severity": "error",
    "url": "https://docs.astral.sh/ruff/rules/line-too-long"
  },
  {
    "cell": null,
    "code": "E501",
    "end_location": {
      "column": 120,
      "row": 158
    },
    "filename": "C:\\Users\\pc01\\source\\repos\\image-downloader\\src\\image_downloader\\commands\\validation.py",
    "fix": null,
    "location": {
      "column": 80,
      "row": 158
    },
    "message": "Line too long (119 > 79)",
    "name": "line-too-long",
    "noqa_row": 158,
    "severity": "error",
    "url": "https://docs.astral.sh/ruff/rules/line-too-long"
  },
  {
    "cell": null,
    "code": "E501",
    "end_location": {
      "column": 113,
      "row": 171
    },
    "filename": "C:\\Users\\pc01\\source\\repos\\image-downloader\\src\\image_downloader\\commands\\validation.py",
    "fix": null,
    "location": {
      "column": 80,
      "row": 171
    },
    "message": "Line too long (112 > 79)",
    "name": "line-too-long",
    "noqa_row": 171,
    "severity": "error",
    "url": "https://docs.astral.sh/ruff/rules/line-too-long"
  },
  {
    "cell": null,
    "code": "E501",
    "end_location": {
      "column": 114,
      "row": 173
    },
    "filename": "C:\\Users\\pc01\\source\\repos\\image-downloader\\src\\image_downloader\\commands\\validation.py",
    "fix": null,
    "location": {
      "column": 80,
      "row": 173
    },
    "message": "Line too long (113 > 79)",
    "name": "line-too-long",
    "noqa_row": 173,
    "severity": "error",
    "url": "https://docs.astral.sh/ruff/rules/line-too-long"
  },
  {
    "cell": null,
    "code": "E501",
    "end_location": {
      "column": 87,
      "row": 178
    },
    "filename": "C:\\Users\\pc01\\source\\repos\\image-downloader\\src\\image_downloader\\commands\\validation.py",
    "fix": null,
    "location": {
      "column": 80,
      "row": 178
    },
    "message": "Line too long (86 > 79)",
    "name": "line-too-long",
    "noqa_row": 178,
    "severity": "error",
    "url": "https://docs.astral.sh/ruff/rules/line-too-long"
  },
  {
    "cell": null,
    "code": "E501",
    "end_location": {
      "column": 118,
      "row": 180
    },
    "filename": "C:\\Users\\pc01\\source\\repos\\image-downloader\\src\\image_downloader\\commands\\validation.py",
    "fix": null,
    "location": {
      "column": 80,
      "row": 180
    },
    "message": "Line too long (117 > 79)",
    "name": "line-too-long",
    "noqa_row": 180,
    "severity": "error",
    "url": "https://docs.astral.sh/ruff/rules/line-too-long"
  },
  {
    "cell": null,
    "code": "E501",
    "end_location": {
      "column": 113,
      "row": 186
    },
    "filename": "C:\\Users\\pc01\\source\\repos\\image-downloader\\src\\image_downloader\\commands\\validation.py",
    "fix": null,
    "location": {
      "column": 80,
      "row": 186
    },
    "message": "Line too long (112 > 79)",
    "name": "line-too-long",
    "noqa_row": 186,
    "severity": "error",
    "url": "https://docs.astral.sh/ruff/rules/line-too-long"
  },
  {
    "cell": null,
    "code": "E501",
    "end_location": {
      "column": 104,
      "row": 195
    },
    "filename": "C:\\Users\\pc01\\source\\repos\\image-downloader\\src\\image_downloader\\commands\\validation.py",
    "fix": null,
    "location": {
      "column": 80,
      "row": 195
    },
    "message": "Line too long (103 > 79)",
    "name": "line-too-long",
    "noqa_row": 195,
    "severity": "error",
    "url": "https://docs.astral.sh/ruff/rules/line-too-long"
  },
  {
    "cell": null,
    "code": "E501",
    "end_location": {
      "column": 109,
      "row": 198
    },
    "filename": "C:\\Users\\pc01\\source\\repos\\image-downloader\\src\\image_downloader\\commands\\validation.py",
    "fix": null,
    "location": {
      "column": 80,
      "row": 198
    },
    "message": "Line too long (108 > 79)",
    "name": "line-too-long",
    "noqa_row": 198,
    "severity": "error",
    "url": "https://docs.astral.sh/ruff/rules/line-too-long"
  },
  {
    "cell": null,
    "code": "E501",
    "end_location": {
      "column": 105,
      "row": 205
    },
    "filename": "C:\\Users\\pc01\\source\\repos\\image-downloader\\src\\image_downloader\\commands\\validation.py",
    "fix": null,
    "location": {
      "column": 80,
      "row": 205
    },
    "message": "Line too long (104 > 79)",
    "name": "line-too-long",
    "noqa_row": 205,
    "severity": "error",
    "url": "https://docs.astral.sh/ruff/rules/line-too-long"
  },
  {
    "cell": null,
    "code": "E501",
    "end_location": {
      "column": 104,
      "row": 217
    },
    "filename": "C:\\Users\\pc01\\source\\repos\\image-downloader\\src\\image_downloader\\commands\\validation.py",
    "fix": null,
    "location": {
      "column": 80,
      "row": 217
    },
    "message": "Line too long (103 > 79)",
    "name": "line-too-long",
    "noqa_row": 217,
    "severity": "error",
    "url": "https://docs.astral.sh/ruff/rules/line-too-long"
  },
  {
    "cell": null,
    "code": "E501",
    "end_location": {
      "column": 118,
      "row": 220
    },
    "filename": "C:\\Users\\pc01\\source\\repos\\image-downloader\\src\\image_downloader\\commands\\validation.py",
    "fix": null,
    "location": {
      "column": 80,
      "row": 220
    },
    "message": "Line too long (117 > 79)",
    "name": "line-too-long",
    "noqa_row": 220,
    "severity": "error",
    "url": "https://docs.astral.sh/ruff/rules/line-too-long"
  },
  {
    "cell": null,
    "code": "E501",
    "end_location": {
      "column": 87,
      "row": 225
    },
    "filename": "C:\\Users\\pc01\\source\\repos\\image-downloader\\src\\image_downloader\\commands\\validation.py",
    "fix": null,
    "location": {
      "column": 80,
      "row": 225
    },
    "message": "Line too long (86 > 79)",
    "name": "line-too-long",
    "noqa_row": 225,
    "severity": "error",
    "url": "https://docs.astral.sh/ruff/rules/line-too-long"
  },
  {
    "cell": null,
    "code": "E501",
    "end_location": {
      "column": 108,
      "row": 237
    },
    "filename": "C:\\Users\\pc01\\source\\repos\\image-downloader\\src\\image_downloader\\commands\\validation.py",
    "fix": null,
    "location": {
      "column": 80,
      "row": 237
    },
    "message": "Line too long (107 > 79)",
    "name": "line-too-long",
    "noqa_row": 237,
    "severity": "error",
    "url": "https://docs.astral.sh/ruff/rules/line-too-long"
  },
  {
    "cell": null,
    "code": "E501",
    "end_location": {
      "column": 85,
      "row": 242
    },
    "filename": "C:\\Users\\pc01\\source\\repos\\image-downloader\\src\\image_downloader\\commands\\validation.py",
    "fix": null,
    "location": {
      "column": 80,
      "row": 242
    },
    "message": "Line too long (84 > 79)",
    "name": "line-too-long",
    "noqa_row": 242,
    "severity": "error",
    "url": "https://docs.astral.sh/ruff/rules/line-too-long"
  },
  {
    "cell": null,
    "code": "E501",
    "end_location": {
      "column": 83,
      "row": 255
    },
    "filename": "C:\\Users\\pc01\\source\\repos\\image-downloader\\src\\image_downloader\\commands\\validation.py",
    "fix": null,
    "location": {
      "column": 80,
      "row": 255
    },
    "message": "Line too long (82 > 79)",
    "name": "line-too-long",
    "noqa_row": 255,
    "severity": "error",
    "url": "https://docs.astral.sh/ruff/rules/line-too-long"
  },
  {
    "cell": null,
    "code": "E501",
    "end_location": {
      "column": 81,
      "row": 269
    },
    "filename": "C:\\Users\\pc01\\source\\repos\\image-downloader\\src\\image_downloader\\commands\\validation.py",
    "fix": null,
    "location": {
      "column": 80,
      "row": 269
    },
    "message": "Line too long (80 > 79)",
    "name": "line-too-long",
    "noqa_row": 269,
    "severity": "error",
    "url": "https://docs.astral.sh/ruff/rules/line-too-long"
  },
  {
    "cell": null,
    "code": "E501",
    "end_location": {
      "column": 117,
      "row": 274
    },
    "filename": "C:\\Users\\pc01\\source\\repos\\image-downloader\\src\\image_downloader\\commands\\validation.py",
    "fix": null,
    "location": {
      "column": 80,
      "row": 274
    },
    "message": "Line too long (116 > 79)",
    "name": "line-too-long",
    "noqa_row": 274,
    "severity": "error",
    "url": "https://docs.astral.sh/ruff/rules/line-too-long"
  },
  {
    "cell": null,
    "code": "E501",
    "end_location": {
      "column": 82,
      "row": 282
    },
    "filename": "C:\\Users\\pc01\\source\\repos\\image-downloader\\src\\image_downloader\\commands\\validation.py",
    "fix": null,
    "location": {
      "column": 80,
      "row": 282
    },
    "message": "Line too long (81 > 79)",
    "name": "line-too-long",
    "noqa_row": 282,
    "severity": "error",
    "url": "https://docs.astral.sh/ruff/rules/line-too-long"
  },
  {
    "cell": null,
    "code": "E501",
    "end_location": {
      "column": 97,
      "row": 297
    },
    "filename": "C:\\Users\\pc01\\source\\repos\\image-downloader\\src\\image_downloader\\commands\\validation.py",
    "fix": null,
    "location": {
      "column": 80,
      "row": 297
    },
    "message": "Line too long (96 > 79)",
    "name": "line-too-long",
    "noqa_row": 297,
    "severity": "error",
    "url": "https://docs.astral.sh/ruff/rules/line-too-long"
  },
  {
    "cell": null,
    "code": "E501",
    "end_location": {
      "column": 94,
      "row": 23
    },
    "filename": "C:\\Users\\pc01\\source\\repos\\image-downloader\\src\\image_downloader\\commands\\verify.py",
    "fix": null,
    "location": {
      "column": 80,
      "row": 23
    },
    "message": "Line too long (93 > 79)",
    "name": "line-too-long",
    "noqa_row": 23,
    "severity": "error",
    "url": "https://docs.astral.sh/ruff/rules/line-too-long"
  },
  {
    "cell": null,
    "code": "E501",
    "end_location": {
      "column": 81,
      "row": 26
    },
    "filename": "C:\\Users\\pc01\\source\\repos\\image-downloader\\src\\image_downloader\\commands\\verify.py",
    "fix": null,
    "location": {
      "column": 80,
      "row": 26
    },
    "message": "Line too long (80 > 79)",
    "name": "line-too-long",
    "noqa_row": 26,
    "severity": "error",
    "url": "https://docs.astral.sh/ruff/rules/line-too-long"
  },
  {
    "cell": null,
    "code": "E501",
    "end_location": {
      "column": 97,
      "row": 28
    },
    "filename": "C:\\Users\\pc01\\source\\repos\\image-downloader\\src\\image_downloader\\commands\\verify.py",
    "fix": null,
    "location": {
      "column": 80,
      "row": 28
    },
    "message": "Line too long (96 > 79)",
    "name": "line-too-long",
    "noqa_row": 28,
    "severity": "error",
    "url": "https://docs.astral.sh/ruff/rules/line-too-long"
  },
  {
    "cell": null,
    "code": "E501",
    "end_location": {
      "column": 81,
      "row": 29
    },
    "filename": "C:\\Users\\pc01\\source\\repos\\image-downloader\\src\\image_downloader\\commands\\verify.py",
    "fix": null,
    "location": {
      "column": 80,
      "row": 29
    },
    "message": "Line too long (80 > 79)",
    "name": "line-too-long",
    "noqa_row": 29,
    "severity": "error",
    "url": "https://docs.astral.sh/ruff/rules/line-too-long"
  },
  {
    "cell": null,
    "code": "E501",
    "end_location": {
      "column": 83,
      "row": 32
    },
    "filename": "C:\\Users\\pc01\\source\\repos\\image-downloader\\src\\image_downloader\\commands\\verify.py",
    "fix": null,
    "location": {
      "column": 80,
      "row": 32
    },
    "message": "Line too long (82 > 79)",
    "name": "line-too-long",
    "noqa_row": 32,
    "severity": "error",
    "url": "https://docs.astral.sh/ruff/rules/line-too-long"
  },
  {
    "cell": null,
    "code": "E501",
    "end_location": {
      "column": 112,
      "row": 35
    },
    "filename": "C:\\Users\\pc01\\source\\repos\\image-downloader\\src\\image_downloader\\commands\\verify.py",
    "fix": null,
    "location": {
      "column": 80,
      "row": 35
    },
    "message": "Line too long (111 > 79)",
    "name": "line-too-long",
    "noqa_row": 35,
    "severity": "error",
    "url": "https://docs.astral.sh/ruff/rules/line-too-long"
  },
  {
    "cell": null,
    "code": "E501",
    "end_location": {
      "column": 114,
      "row": 46
    },
    "filename": "C:\\Users\\pc01\\source\\repos\\image-downloader\\src\\image_downloader\\commands\\verify.py",
    "fix": null,
    "location": {
      "column": 80,
      "row": 46
    },
    "message": "Line too long (113 > 79)",
    "name": "line-too-long",
    "noqa_row": 46,
    "severity": "error",
    "url": "https://docs.astral.sh/ruff/rules/line-too-long"
  },
  {
    "cell": null,
    "code": "E501",
    "end_location": {
      "column": 95,
      "row": 50
    },
    "filename": "C:\\Users\\pc01\\source\\repos\\image-downloader\\src\\image_downloader\\commands\\verify.py",
    "fix": null,
    "location": {
      "column": 80,
      "row": 50
    },
    "message": "Line too long (94 > 79)",
    "name": "line-too-long",
    "noqa_row": 50,
    "severity": "error",
    "url": "https://docs.astral.sh/ruff/rules/line-too-long"
  },
  {
    "cell": null,
    "code": "E501",
    "end_location": {
      "column": 120,
      "row": 55
    },
    "filename": "C:\\Users\\pc01\\source\\repos\\image-downloader\\src\\image_downloader\\commands\\verify.py",
    "fix": null,
    "location": {
      "column": 80,
      "row": 55
    },
    "message": "Line too long (119 > 79)",
    "name": "line-too-long",
    "noqa_row": 55,
    "severity": "error",
    "url": "https://docs.astral.sh/ruff/rules/line-too-long"
  },
  {
    "cell": null,
    "code": "E501",
    "end_location": {
      "column": 119,
      "row": 60
    },
    "filename": "C:\\Users\\pc01\\source\\repos\\image-downloader\\src\\image_downloader\\commands\\verify.py",
    "fix": null,
    "location": {
      "column": 80,
      "row": 60
    },
    "message": "Line too long (118 > 79)",
    "name": "line-too-long",
    "noqa_row": 60,
    "severity": "error",
    "url": "https://docs.astral.sh/ruff/rules/line-too-long"
  },
  {
    "cell": null,
    "code": "E501",
    "end_location": {
      "column": 87,
      "row": 63
    },
    "filename": "C:\\Users\\pc01\\source\\repos\\image-downloader\\src\\image_downloader\\commands\\verify.py",
    "fix": null,
    "location": {
      "column": 80,
      "row": 63
    },
    "message": "Line too long (86 > 79)",
    "name": "line-too-long",
    "noqa_row": 63,
    "severity": "error",
    "url": "https://docs.astral.sh/ruff/rules/line-too-long"
  },
  {
    "cell": null,
    "code": "E501",
    "end_location": {
      "column": 82,
      "row": 1
    },
    "filename": "C:\\Users\\pc01\\source\\repos\\image-downloader\\src\\image_downloader\\commands\\workflow.py",
    "fix": null,
    "location": {
      "column": 80,
      "row": 1
    },
    "message": "Line too long (81 > 79)",
    "name": "line-too-long",
    "noqa_row": 1,
    "severity": "error",
    "url": "https://docs.astral.sh/ruff/rules/line-too-long"
  },
  {
    "cell": null,
    "code": "E501",
    "end_location": {
      "column": 95,
      "row": 20
    },
    "filename": "C:\\Users\\pc01\\source\\repos\\image-downloader\\src\\image_downloader\\commands\\workflow.py",
    "fix": null,
    "location": {
      "column": 80,
      "row": 20
    },
    "message": "Line too long (94 > 79)",
    "name": "line-too-long",
    "noqa_row": 20,
    "severity": "error",
    "url": "https://docs.astral.sh/ruff/rules/line-too-long"
  },
  {
    "cell": null,
    "code": "E501",
    "end_location": {
      "column": 83,
      "row": 24
    },
    "filename": "C:\\Users\\pc01\\source\\repos\\image-downloader\\src\\image_downloader\\commands\\workflow.py",
    "fix": null,
    "location": {
      "column": 80,
      "row": 24
    },
    "message": "Line too long (82 > 79)",
    "name": "line-too-long",
    "noqa_row": 24,
    "severity": "error",
    "url": "https://docs.astral.sh/ruff/rules/line-too-long"
  },
  {
    "cell": null,
    "code": "E501",
    "end_location": {
      "column": 97,
      "row": 33
    },
    "filename": "C:\\Users\\pc01\\source\\repos\\image-downloader\\src\\image_downloader\\commands\\workflow.py",
    "fix": null,
    "location": {
      "column": 80,
      "row": 33
    },
    "message": "Line too long (96 > 79)",
    "name": "line-too-long",
    "noqa_row": 33,
    "severity": "error",
    "url": "https://docs.astral.sh/ruff/rules/line-too-long"
  },
  {
    "cell": null,
    "code": "E501",
    "end_location": {
      "column": 104,
      "row": 53
    },
    "filename": "C:\\Users\\pc01\\source\\repos\\image-downloader\\src\\image_downloader\\commands\\workflow.py",
    "fix": null,
    "location": {
      "column": 80,
      "row": 53
    },
    "message": "Line too long (103 > 79)",
    "name": "line-too-long",
    "noqa_row": 53,
    "severity": "error",
    "url": "https://docs.astral.sh/ruff/rules/line-too-long"
  },
  {
    "cell": null,
    "code": "E501",
    "end_location": {
      "column": 87,
      "row": 54
    },
    "filename": "C:\\Users\\pc01\\source\\repos\\image-downloader\\src\\image_downloader\\commands\\workflow.py",
    "fix": null,
    "location": {
      "column": 80,
      "row": 54
    },
    "message": "Line too long (86 > 79)",
    "name": "line-too-long",
    "noqa_row": 54,
    "severity": "error",
    "url": "https://docs.astral.sh/ruff/rules/line-too-long"
  },
  {
    "cell": null,
    "code": "E501",
    "end_location": {
      "column": 82,
      "row": 78
    },
    "filename": "C:\\Users\\pc01\\source\\repos\\image-downloader\\src\\image_downloader\\commands\\workflow.py",
    "fix": null,
    "location": {
      "column": 80,
      "row": 78
    },
    "message": "Line too long (81 > 79)",
    "name": "line-too-long",
    "noqa_row": 78,
    "severity": "error",
    "url": "https://docs.astral.sh/ruff/rules/line-too-long"
  },
  {
    "cell": null,
    "code": "E501",
    "end_location": {
      "column": 86,
      "row": 79
    },
    "filename": "C:\\Users\\pc01\\source\\repos\\image-downloader\\src\\image_downloader\\commands\\workflow.py",
    "fix": null,
    "location": {
      "column": 80,
      "row": 79
    },
    "message": "Line too long (85 > 79)",
    "name": "line-too-long",
    "noqa_row": 79,
    "severity": "error",
    "url": "https://docs.astral.sh/ruff/rules/line-too-long"
  },
  {
    "cell": null,
    "code": "E501",
    "end_location": {
      "column": 86,
      "row": 80
    },
    "filename": "C:\\Users\\pc01\\source\\repos\\image-downloader\\src\\image_downloader\\commands\\workflow.py",
    "fix": null,
    "location": {
      "column": 80,
      "row": 80
    },
    "message": "Line too long (85 > 79)",
    "name": "line-too-long",
    "noqa_row": 80,
    "severity": "error",
    "url": "https://docs.astral.sh/ruff/rules/line-too-long"
  },
  {
    "cell": null,
    "code": "E501",
    "end_location": {
      "column": 87,
      "row": 84
    },
    "filename": "C:\\Users\\pc01\\source\\repos\\image-downloader\\src\\image_downloader\\commands\\workflow.py",
    "fix": null,
    "location": {
      "column": 80,
      "row": 84
    },
    "message": "Line too long (86 > 79)",
    "name": "line-too-long",
    "noqa_row": 84,
    "severity": "error",
    "url": "https://docs.astral.sh/ruff/rules/line-too-long"
  },
  {
    "cell": null,
    "code": "E501",
    "end_location": {
      "column": 105,
      "row": 88
    },
    "filename": "C:\\Users\\pc01\\source\\repos\\image-downloader\\src\\image_downloader\\commands\\workflow.py",
    "fix": null,
    "location": {
      "column": 80,
      "row": 88
    },
    "message": "Line too long (104 > 79)",
    "name": "line-too-long",
    "noqa_row": 88,
    "severity": "error",
    "url": "https://docs.astral.sh/ruff/rules/line-too-long"
  },
  {
    "cell": null,
    "code": "E501",
    "end_location": {
      "column": 98,
      "row": 89
    },
    "filename": "C:\\Users\\pc01\\source\\repos\\image-downloader\\src\\image_downloader\\commands\\workflow.py",
    "fix": null,
    "location": {
      "column": 80,
      "row": 89
    },
    "message": "Line too long (97 > 79)",
    "name": "line-too-long",
    "noqa_row": 89,
    "severity": "error",
    "url": "https://docs.astral.sh/ruff/rules/line-too-long"
  },
  {
    "cell": null,
    "code": "E501",
    "end_location": {
      "column": 83,
      "row": 99
    },
    "filename": "C:\\Users\\pc01\\source\\repos\\image-downloader\\src\\image_downloader\\commands\\workflow.py",
    "fix": null,
    "location": {
      "column": 80,
      "row": 99
    },
    "message": "Line too long (82 > 79)",
    "name": "line-too-long",
    "noqa_row": 99,
    "severity": "error",
    "url": "https://docs.astral.sh/ruff/rules/line-too-long"
  },
  {
    "cell": null,
    "code": "E501",
    "end_location": {
      "column": 88,
      "row": 110
    },
    "filename": "C:\\Users\\pc01\\source\\repos\\image-downloader\\src\\image_downloader\\commands\\workflow.py",
    "fix": null,
    "location": {
      "column": 80,
      "row": 110
    },
    "message": "Line too long (87 > 79)",
    "name": "line-too-long",
    "noqa_row": 110,
    "severity": "error",
    "url": "https://docs.astral.sh/ruff/rules/line-too-long"
  },
  {
    "cell": null,
    "code": "E501",
    "end_location": {
      "column": 89,
      "row": 115
    },
    "filename": "C:\\Users\\pc01\\source\\repos\\image-downloader\\src\\image_downloader\\commands\\workflow.py",
    "fix": null,
    "location": {
      "column": 80,
      "row": 115
    },
    "message": "Line too long (88 > 79)",
    "name": "line-too-long",
    "noqa_row": 115,
    "severity": "error",
    "url": "https://docs.astral.sh/ruff/rules/line-too-long"
  },
  {
    "cell": null,
    "code": "E501",
    "end_location": {
      "column": 111,
      "row": 116
    },
    "filename": "C:\\Users\\pc01\\source\\repos\\image-downloader\\src\\image_downloader\\commands\\workflow.py",
    "fix": null,
    "location": {
      "column": 80,
      "row": 116
    },
    "message": "Line too long (110 > 79)",
    "name": "line-too-long",
    "noqa_row": 116,
    "severity": "error",
    "url": "https://docs.astral.sh/ruff/rules/line-too-long"
  },
  {
    "cell": null,
    "code": "E501",
    "end_location": {
      "column": 89,
      "row": 117
    },
    "filename": "C:\\Users\\pc01\\source\\repos\\image-downloader\\src\\image_downloader\\commands\\workflow.py",
    "fix": null,
    "location": {
      "column": 80,
      "row": 117
    },
    "message": "Line too long (88 > 79)",
    "name": "line-too-long",
    "noqa_row": 117,
    "severity": "error",
    "url": "https://docs.astral.sh/ruff/rules/line-too-long"
  },
  {
    "cell": null,
    "code": "E501",
    "end_location": {
      "column": 108,
      "row": 120
    },
    "filename": "C:\\Users\\pc01\\source\\repos\\image-downloader\\src\\image_downloader\\commands\\workflow.py",
    "fix": null,
    "location": {
      "column": 80,
      "row": 120
    },
    "message": "Line too long (107 > 79)",
    "name": "line-too-long",
    "noqa_row": 120,
    "severity": "error",
    "url": "https://docs.astral.sh/ruff/rules/line-too-long"
  },
  {
    "cell": null,
    "code": "E501",
    "end_location": {
      "column": 112,
      "row": 124
    },
    "filename": "C:\\Users\\pc01\\source\\repos\\image-downloader\\src\\image_downloader\\commands\\workflow.py",
    "fix": null,
    "location": {
      "column": 80,
      "row": 124
    },
    "message": "Line too long (111 > 79)",
    "name": "line-too-long",
    "noqa_row": 124,
    "severity": "error",
    "url": "https://docs.astral.sh/ruff/rules/line-too-long"
  },
  {
    "cell": null,
    "code": "E501",
    "end_location": {
      "column": 103,
      "row": 131
    },
    "filename": "C:\\Users\\pc01\\source\\repos\\image-downloader\\src\\image_downloader\\commands\\workflow.py",
    "fix": null,
    "location": {
      "column": 80,
      "row": 131
    },
    "message": "Line too long (102 > 79)",
    "name": "line-too-long",
    "noqa_row": 131,
    "severity": "error",
    "url": "https://docs.astral.sh/ruff/rules/line-too-long"
  },
  {
    "cell": null,
    "code": "E501",
    "end_location": {
      "column": 96,
      "row": 132
    },
    "filename": "C:\\Users\\pc01\\source\\repos\\image-downloader\\src\\image_downloader\\commands\\workflow.py",
    "fix": null,
    "location": {
      "column": 80,
      "row": 132
    },
    "message": "Line too long (95 > 79)",
    "name": "line-too-long",
    "noqa_row": 132,
    "severity": "error",
    "url": "https://docs.astral.sh/ruff/rules/line-too-long"
  },
  {
    "cell": null,
    "code": "E501",
    "end_location": {
      "column": 88,
      "row": 133
    },
    "filename": "C:\\Users\\pc01\\source\\repos\\image-downloader\\src\\image_downloader\\commands\\workflow.py",
    "fix": null,
    "location": {
      "column": 80,
      "row": 133
    },
    "message": "Line too long (87 > 79)",
    "name": "line-too-long",
    "noqa_row": 133,
    "severity": "error",
    "url": "https://docs.astral.sh/ruff/rules/line-too-long"
  },
  {
    "cell": null,
    "code": "E501",
    "end_location": {
      "column": 107,
      "row": 145
    },
    "filename": "C:\\Users\\pc01\\source\\repos\\image-downloader\\src\\image_downloader\\commands\\workflow.py",
    "fix": null,
    "location": {
      "column": 80,
      "row": 145
    },
    "message": "Line too long (106 > 79)",
    "name": "line-too-long",
    "noqa_row": 145,
    "severity": "error",
    "url": "https://docs.astral.sh/ruff/rules/line-too-long"
  },
  {
    "cell": null,
    "code": "E501",
    "end_location": {
      "column": 87,
      "row": 146
    },
    "filename": "C:\\Users\\pc01\\source\\repos\\image-downloader\\src\\image_downloader\\commands\\workflow.py",
    "fix": null,
    "location": {
      "column": 80,
      "row": 146
    },
    "message": "Line too long (86 > 79)",
    "name": "line-too-long",
    "noqa_row": 146,
    "severity": "error",
    "url": "https://docs.astral.sh/ruff/rules/line-too-long"
  },
  {
    "cell": null,
    "code": "E501",
    "end_location": {
      "column": 85,
      "row": 149
    },
    "filename": "C:\\Users\\pc01\\source\\repos\\image-downloader\\src\\image_downloader\\commands\\workflow.py",
    "fix": null,
    "location": {
      "column": 80,
      "row": 149
    },
    "message": "Line too long (84 > 79)",
    "name": "line-too-long",
    "noqa_row": 149,
    "severity": "error",
    "url": "https://docs.astral.sh/ruff/rules/line-too-long"
  },
  {
    "cell": null,
    "code": "E501",
    "end_location": {
      "column": 90,
      "row": 160
    },
    "filename": "C:\\Users\\pc01\\source\\repos\\image-downloader\\src\\image_downloader\\commands\\workflow.py",
    "fix": null,
    "location": {
      "column": 80,
      "row": 160
    },
    "message": "Line too long (89 > 79)",
    "name": "line-too-long",
    "noqa_row": 160,
    "severity": "error",
    "url": "https://docs.astral.sh/ruff/rules/line-too-long"
  },
  {
    "cell": null,
    "code": "E501",
    "end_location": {
      "column": 103,
      "row": 162
    },
    "filename": "C:\\Users\\pc01\\source\\repos\\image-downloader\\src\\image_downloader\\commands\\workflow.py",
    "fix": null,
    "location": {
      "column": 80,
      "row": 162
    },
    "message": "Line too long (102 > 79)",
    "name": "line-too-long",
    "noqa_row": 162,
    "severity": "error",
    "url": "https://docs.astral.sh/ruff/rules/line-too-long"
  },
  {
    "cell": null,
    "code": "E501",
    "end_location": {
      "column": 121,
      "row": 163
    },
    "filename": "C:\\Users\\pc01\\source\\repos\\image-downloader\\src\\image_downloader\\commands\\workflow.py",
    "fix": null,
    "location": {
      "column": 80,
      "row": 163
    },
    "message": "Line too long (120 > 79)",
    "name": "line-too-long",
    "noqa_row": 163,
    "severity": "error",
    "url": "https://docs.astral.sh/ruff/rules/line-too-long"
  },
  {
    "cell": null,
    "code": "E501",
    "end_location": {
      "column": 98,
      "row": 166
    },
    "filename": "C:\\Users\\pc01\\source\\repos\\image-downloader\\src\\image_downloader\\commands\\workflow.py",
    "fix": null,
    "location": {
      "column": 80,
      "row": 166
    },
    "message": "Line too long (97 > 79)",
    "name": "line-too-long",
    "noqa_row": 166,
    "severity": "error",
    "url": "https://docs.astral.sh/ruff/rules/line-too-long"
  },
  {
    "cell": null,
    "code": "E501",
    "end_location": {
      "column": 85,
      "row": 171
    },
    "filename": "C:\\Users\\pc01\\source\\repos\\image-downloader\\src\\image_downloader\\commands\\workflow.py",
    "fix": null,
    "location": {
      "column": 80,
      "row": 171
    },
    "message": "Line too long (84 > 79)",
    "name": "line-too-long",
    "noqa_row": 171,
    "severity": "error",
    "url": "https://docs.astral.sh/ruff/rules/line-too-long"
  },
  {
    "cell": null,
    "code": "E501",
    "end_location": {
      "column": 111,
      "row": 173
    },
    "filename": "C:\\Users\\pc01\\source\\repos\\image-downloader\\src\\image_downloader\\commands\\workflow.py",
    "fix": null,
    "location": {
      "column": 80,
      "row": 173
    },
    "message": "Line too long (110 > 79)",
    "name": "line-too-long",
    "noqa_row": 173,
    "severity": "error",
    "url": "https://docs.astral.sh/ruff/rules/line-too-long"
  },
  {
    "cell": null,
    "code": "E501",
    "end_location": {
      "column": 108,
      "row": 194
    },
    "filename": "C:\\Users\\pc01\\source\\repos\\image-downloader\\src\\image_downloader\\commands\\workflow.py",
    "fix": null,
    "location": {
      "column": 80,
      "row": 194
    },
    "message": "Line too long (107 > 79)",
    "name": "line-too-long",
    "noqa_row": 194,
    "severity": "error",
    "url": "https://docs.astral.sh/ruff/rules/line-too-long"
  },
  {
    "cell": null,
    "code": "E501",
    "end_location": {
      "column": 101,
      "row": 198
    },
    "filename": "C:\\Users\\pc01\\source\\repos\\image-downloader\\src\\image_downloader\\commands\\workflow.py",
    "fix": null,
    "location": {
      "column": 80,
      "row": 198
    },
    "message": "Line too long (100 > 79)",
    "name": "line-too-long",
    "noqa_row": 198,
    "severity": "error",
    "url": "https://docs.astral.sh/ruff/rules/line-too-long"
  },
  {
    "cell": null,
    "code": "E501",
    "end_location": {
      "column": 84,
      "row": 205
    },
    "filename": "C:\\Users\\pc01\\source\\repos\\image-downloader\\src\\image_downloader\\commands\\workflow.py",
    "fix": null,
    "location": {
      "column": 80,
      "row": 205
    },
    "message": "Line too long (83 > 79)",
    "name": "line-too-long",
    "noqa_row": 205,
    "severity": "error",
    "url": "https://docs.astral.sh/ruff/rules/line-too-long"
  },
  {
    "cell": null,
    "code": "E501",
    "end_location": {
      "column": 94,
      "row": 206
    },
    "filename": "C:\\Users\\pc01\\source\\repos\\image-downloader\\src\\image_downloader\\commands\\workflow.py",
    "fix": null,
    "location": {
      "column": 80,
      "row": 206
    },
    "message": "Line too long (93 > 79)",
    "name": "line-too-long",
    "noqa_row": 206,
    "severity": "error",
    "url": "https://docs.astral.sh/ruff/rules/line-too-long"
  },
  {
    "cell": null,
    "code": "E501",
    "end_location": {
      "column": 99,
      "row": 209
    },
    "filename": "C:\\Users\\pc01\\source\\repos\\image-downloader\\src\\image_downloader\\commands\\workflow.py",
    "fix": null,
    "location": {
      "column": 80,
      "row": 209
    },
    "message": "Line too long (98 > 79)",
    "name": "line-too-long",
    "noqa_row": 209,
    "severity": "error",
    "url": "https://docs.astral.sh/ruff/rules/line-too-long"
  },
  {
    "cell": null,
    "code": "E501",
    "end_location": {
      "column": 81,
      "row": 210
    },
    "filename": "C:\\Users\\pc01\\source\\repos\\image-downloader\\src\\image_downloader\\commands\\workflow.py",
    "fix": null,
    "location": {
      "column": 80,
      "row": 210
    },
    "message": "Line too long (80 > 79)",
    "name": "line-too-long",
    "noqa_row": 210,
    "severity": "error",
    "url": "https://docs.astral.sh/ruff/rules/line-too-long"
  },
  {
    "cell": null,
    "code": "E501",
    "end_location": {
      "column": 91,
      "row": 211
    },
    "filename": "C:\\Users\\pc01\\source\\repos\\image-downloader\\src\\image_downloader\\commands\\workflow.py",
    "fix": null,
    "location": {
      "column": 80,
      "row": 211
    },
    "message": "Line too long (90 > 79)",
    "name": "line-too-long",
    "noqa_row": 211,
    "severity": "error",
    "url": "https://docs.astral.sh/ruff/rules/line-too-long"
  },
  {
    "cell": null,
    "code": "E501",
    "end_location": {
      "column": 82,
      "row": 212
    },
    "filename": "C:\\Users\\pc01\\source\\repos\\image-downloader\\src\\image_downloader\\commands\\workflow.py",
    "fix": null,
    "location": {
      "column": 80,
      "row": 212
    },
    "message": "Line too long (81 > 79)",
    "name": "line-too-long",
    "noqa_row": 212,
    "severity": "error",
    "url": "https://docs.astral.sh/ruff/rules/line-too-long"
  },
  {
    "cell": null,
    "code": "E501",
    "end_location": {
      "column": 100,
      "row": 213
    },
    "filename": "C:\\Users\\pc01\\source\\repos\\image-downloader\\src\\image_downloader\\commands\\workflow.py",
    "fix": null,
    "location": {
      "column": 80,
      "row": 213
    },
    "message": "Line too long (99 > 79)",
    "name": "line-too-long",
    "noqa_row": 213,
    "severity": "error",
    "url": "https://docs.astral.sh/ruff/rules/line-too-long"
  },
  {
    "cell": null,
    "code": "E501",
    "end_location": {
      "column": 88,
      "row": 215
    },
    "filename": "C:\\Users\\pc01\\source\\repos\\image-downloader\\src\\image_downloader\\commands\\workflow.py",
    "fix": null,
    "location": {
      "column": 80,
      "row": 215
    },
    "message": "Line too long (87 > 79)",
    "name": "line-too-long",
    "noqa_row": 215,
    "severity": "error",
    "url": "https://docs.astral.sh/ruff/rules/line-too-long"
  },
  {
    "cell": null,
    "code": "E501",
    "end_location": {
      "column": 89,
      "row": 249
    },
    "filename": "C:\\Users\\pc01\\source\\repos\\image-downloader\\src\\image_downloader\\commands\\workflow.py",
    "fix": null,
    "location": {
      "column": 80,
      "row": 249
    },
    "message": "Line too long (88 > 79)",
    "name": "line-too-long",
    "noqa_row": 249,
    "severity": "error",
    "url": "https://docs.astral.sh/ruff/rules/line-too-long"
  },
  {
    "cell": null,
    "code": "E501",
    "end_location": {
      "column": 106,
      "row": 256
    },
    "filename": "C:\\Users\\pc01\\source\\repos\\image-downloader\\src\\image_downloader\\commands\\workflow.py",
    "fix": null,
    "location": {
      "column": 80,
      "row": 256
    },
    "message": "Line too long (105 > 79)",
    "name": "line-too-long",
    "noqa_row": 256,
    "severity": "error",
    "url": "https://docs.astral.sh/ruff/rules/line-too-long"
  },
  {
    "cell": null,
    "code": "E501",
    "end_location": {
      "column": 91,
      "row": 276
    },
    "filename": "C:\\Users\\pc01\\source\\repos\\image-downloader\\src\\image_downloader\\commands\\workflow.py",
    "fix": null,
    "location": {
      "column": 80,
      "row": 276
    },
    "message": "Line too long (90 > 79)",
    "name": "line-too-long",
    "noqa_row": 276,
    "severity": "error",
    "url": "https://docs.astral.sh/ruff/rules/line-too-long"
  },
  {
    "cell": null,
    "code": "E501",
    "end_location": {
      "column": 113,
      "row": 287
    },
    "filename": "C:\\Users\\pc01\\source\\repos\\image-downloader\\src\\image_downloader\\commands\\workflow.py",
    "fix": null,
    "location": {
      "column": 80,
      "row": 287
    },
    "message": "Line too long (112 > 79)",
    "name": "line-too-long",
    "noqa_row": 287,
    "severity": "error",
    "url": "https://docs.astral.sh/ruff/rules/line-too-long"
  },
  {
    "cell": null,
    "code": "E501",
    "end_location": {
      "column": 102,
      "row": 292
    },
    "filename": "C:\\Users\\pc01\\source\\repos\\image-downloader\\src\\image_downloader\\commands\\workflow.py",
    "fix": null,
    "location": {
      "column": 80,
      "row": 292
    },
    "message": "Line too long (101 > 79)",
    "name": "line-too-long",
    "noqa_row": 292,
    "severity": "error",
    "url": "https://docs.astral.sh/ruff/rules/line-too-long"
  },
  {
    "cell": null,
    "code": "E501",
    "end_location": {
      "column": 113,
      "row": 296
    },
    "filename": "C:\\Users\\pc01\\source\\repos\\image-downloader\\src\\image_downloader\\commands\\workflow.py",
    "fix": null,
    "location": {
      "column": 80,
      "row": 296
    },
    "message": "Line too long (112 > 79)",
    "name": "line-too-long",
    "noqa_row": 296,
    "severity": "error",
    "url": "https://docs.astral.sh/ruff/rules/line-too-long"
  },
  {
    "cell": null,
    "code": "E501",
    "end_location": {
      "column": 88,
      "row": 305
    },
    "filename": "C:\\Users\\pc01\\source\\repos\\image-downloader\\src\\image_downloader\\commands\\workflow.py",
    "fix": null,
    "location": {
      "column": 80,
      "row": 305
    },
    "message": "Line too long (87 > 79)",
    "name": "line-too-long",
    "noqa_row": 305,
    "severity": "error",
    "url": "https://docs.astral.sh/ruff/rules/line-too-long"
  },
  {
    "cell": null,
    "code": "E501",
    "end_location": {
      "column": 103,
      "row": 313
    },
    "filename": "C:\\Users\\pc01\\source\\repos\\image-downloader\\src\\image_downloader\\commands\\workflow.py",
    "fix": null,
    "location": {
      "column": 80,
      "row": 313
    },
    "message": "Line too long (102 > 79)",
    "name": "line-too-long",
    "noqa_row": 313,
    "severity": "error",
    "url": "https://docs.astral.sh/ruff/rules/line-too-long"
  },
  {
    "cell": null,
    "code": "E501",
    "end_location": {
      "column": 97,
      "row": 314
    },
    "filename": "C:\\Users\\pc01\\source\\repos\\image-downloader\\src\\image_downloader\\commands\\workflow.py",
    "fix": null,
    "location": {
      "column": 80,
      "row": 314
    },
    "message": "Line too long (96 > 79)",
    "name": "line-too-long",
    "noqa_row": 314,
    "severity": "error",
    "url": "https://docs.astral.sh/ruff/rules/line-too-long"
  },
  {
    "cell": null,
    "code": "E501",
    "end_location": {
      "column": 83,
      "row": 317
    },
    "filename": "C:\\Users\\pc01\\source\\repos\\image-downloader\\src\\image_downloader\\commands\\workflow.py",
    "fix": null,
    "location": {
      "column": 80,
      "row": 317
    },
    "message": "Line too long (82 > 79)",
    "name": "line-too-long",
    "noqa_row": 317,
    "severity": "error",
    "url": "https://docs.astral.sh/ruff/rules/line-too-long"
  },
  {
    "cell": null,
    "code": "E501",
    "end_location": {
      "column": 87,
      "row": 321
    },
    "filename": "C:\\Users\\pc01\\source\\repos\\image-downloader\\src\\image_downloader\\commands\\workflow.py",
    "fix": null,
    "location": {
      "column": 80,
      "row": 321
    },
    "message": "Line too long (86 > 79)",
    "name": "line-too-long",
    "noqa_row": 321,
    "severity": "error",
    "url": "https://docs.astral.sh/ruff/rules/line-too-long"
  },
  {
    "cell": null,
    "code": "E501",
    "end_location": {
      "column": 85,
      "row": 328
    },
    "filename": "C:\\Users\\pc01\\source\\repos\\image-downloader\\src\\image_downloader\\commands\\workflow.py",
    "fix": null,
    "location": {
      "column": 80,
      "row": 328
    },
    "message": "Line too long (84 > 79)",
    "name": "line-too-long",
    "noqa_row": 328,
    "severity": "error",
    "url": "https://docs.astral.sh/ruff/rules/line-too-long"
  },
  {
    "cell": null,
    "code": "E501",
    "end_location": {
      "column": 90,
      "row": 332
    },
    "filename": "C:\\Users\\pc01\\source\\repos\\image-downloader\\src\\image_downloader\\commands\\workflow.py",
    "fix": null,
    "location": {
      "column": 80,
      "row": 332
    },
    "message": "Line too long (89 > 79)",
    "name": "line-too-long",
    "noqa_row": 332,
    "severity": "error",
    "url": "https://docs.astral.sh/ruff/rules/line-too-long"
  },
  {
    "cell": null,
    "code": "E501",
    "end_location": {
      "column": 99,
      "row": 334
    },
    "filename": "C:\\Users\\pc01\\source\\repos\\image-downloader\\src\\image_downloader\\commands\\workflow.py",
    "fix": null,
    "location": {
      "column": 80,
      "row": 334
    },
    "message": "Line too long (98 > 79)",
    "name": "line-too-long",
    "noqa_row": 334,
    "severity": "error",
    "url": "https://docs.astral.sh/ruff/rules/line-too-long"
  },
  {
    "cell": null,
    "code": "E501",
    "end_location": {
      "column": 91,
      "row": 339
    },
    "filename": "C:\\Users\\pc01\\source\\repos\\image-downloader\\src\\image_downloader\\commands\\workflow.py",
    "fix": null,
    "location": {
      "column": 80,
      "row": 339
    },
    "message": "Line too long (90 > 79)",
    "name": "line-too-long",
    "noqa_row": 339,
    "severity": "error",
    "url": "https://docs.astral.sh/ruff/rules/line-too-long"
  },
  {
    "cell": null,
    "code": "E501",
    "end_location": {
      "column": 86,
      "row": 346
    },
    "filename": "C:\\Users\\pc01\\source\\repos\\image-downloader\\src\\image_downloader\\commands\\workflow.py",
    "fix": null,
    "location": {
      "column": 80,
      "row": 346
    },
    "message": "Line too long (85 > 79)",
    "name": "line-too-long",
    "noqa_row": 346,
    "severity": "error",
    "url": "https://docs.astral.sh/ruff/rules/line-too-long"
  },
  {
    "cell": null,
    "code": "E501",
    "end_location": {
      "column": 96,
      "row": 350
    },
    "filename": "C:\\Users\\pc01\\source\\repos\\image-downloader\\src\\image_downloader\\commands\\workflow.py",
    "fix": null,
    "location": {
      "column": 80,
      "row": 350
    },
    "message": "Line too long (95 > 79)",
    "name": "line-too-long",
    "noqa_row": 350,
    "severity": "error",
    "url": "https://docs.astral.sh/ruff/rules/line-too-long"
  },
  {
    "cell": null,
    "code": "E501",
    "end_location": {
      "column": 96,
      "row": 352
    },
    "filename": "C:\\Users\\pc01\\source\\repos\\image-downloader\\src\\image_downloader\\commands\\workflow.py",
    "fix": null,
    "location": {
      "column": 80,
      "row": 352
    },
    "message": "Line too long (95 > 79)",
    "name": "line-too-long",
    "noqa_row": 352,
    "severity": "error",
    "url": "https://docs.astral.sh/ruff/rules/line-too-long"
  },
  {
    "cell": null,
    "code": "E501",
    "end_location": {
      "column": 114,
      "row": 364
    },
    "filename": "C:\\Users\\pc01\\source\\repos\\image-downloader\\src\\image_downloader\\commands\\workflow.py",
    "fix": null,
    "location": {
      "column": 80,
      "row": 364
    },
    "message": "Line too long (113 > 79)",
    "name": "line-too-long",
    "noqa_row": 364,
    "severity": "error",
    "url": "https://docs.astral.sh/ruff/rules/line-too-long"
  },
  {
    "cell": null,
    "code": "E501",
    "end_location": {
      "column": 98,
      "row": 375
    },
    "filename": "C:\\Users\\pc01\\source\\repos\\image-downloader\\src\\image_downloader\\commands\\workflow.py",
    "fix": null,
    "location": {
      "column": 80,
      "row": 375
    },
    "message": "Line too long (97 > 79)",
    "name": "line-too-long",
    "noqa_row": 375,
    "severity": "error",
    "url": "https://docs.astral.sh/ruff/rules/line-too-long"
  },
  {
    "cell": null,
    "code": "E501",
    "end_location": {
      "column": 101,
      "row": 386
    },
    "filename": "C:\\Users\\pc01\\source\\repos\\image-downloader\\src\\image_downloader\\commands\\workflow.py",
    "fix": null,
    "location": {
      "column": 80,
      "row": 386
    },
    "message": "Line too long (100 > 79)",
    "name": "line-too-long",
    "noqa_row": 386,
    "severity": "error",
    "url": "https://docs.astral.sh/ruff/rules/line-too-long"
  },
  {
    "cell": null,
    "code": "E501",
    "end_location": {
      "column": 113,
      "row": 398
    },
    "filename": "C:\\Users\\pc01\\source\\repos\\image-downloader\\src\\image_downloader\\commands\\workflow.py",
    "fix": null,
    "location": {
      "column": 80,
      "row": 398
    },
    "message": "Line too long (112 > 79)",
    "name": "line-too-long",
    "noqa_row": 398,
    "severity": "error",
    "url": "https://docs.astral.sh/ruff/rules/line-too-long"
  },
  {
    "cell": null,
    "code": "E501",
    "end_location": {
      "column": 95,
      "row": 412
    },
    "filename": "C:\\Users\\pc01\\source\\repos\\image-downloader\\src\\image_downloader\\commands\\workflow.py",
    "fix": null,
    "location": {
      "column": 80,
      "row": 412
    },
    "message": "Line too long (94 > 79)",
    "name": "line-too-long",
    "noqa_row": 412,
    "severity": "error",
    "url": "https://docs.astral.sh/ruff/rules/line-too-long"
  },
  {
    "cell": null,
    "code": "E501",
    "end_location": {
      "column": 120,
      "row": 415
    },
    "filename": "C:\\Users\\pc01\\source\\repos\\image-downloader\\src\\image_downloader\\commands\\workflow.py",
    "fix": null,
    "location": {
      "column": 80,
      "row": 415
    },
    "message": "Line too long (119 > 79)",
    "name": "line-too-long",
    "noqa_row": 415,
    "severity": "error",
    "url": "https://docs.astral.sh/ruff/rules/line-too-long"
  },
  {
    "cell": null,
    "code": "E501",
    "end_location": {
      "column": 83,
      "row": 417
    },
    "filename": "C:\\Users\\pc01\\source\\repos\\image-downloader\\src\\image_downloader\\commands\\workflow.py",
    "fix": null,
    "location": {
      "column": 80,
      "row": 417
    },
    "message": "Line too long (82 > 79)",
    "name": "line-too-long",
    "noqa_row": 417,
    "severity": "error",
    "url": "https://docs.astral.sh/ruff/rules/line-too-long"
  },
  {
    "cell": null,
    "code": "E501",
    "end_location": {
      "column": 109,
      "row": 422
    },
    "filename": "C:\\Users\\pc01\\source\\repos\\image-downloader\\src\\image_downloader\\commands\\workflow.py",
    "fix": null,
    "location": {
      "column": 80,
      "row": 422
    },
    "message": "Line too long (108 > 79)",
    "name": "line-too-long",
    "noqa_row": 422,
    "severity": "error",
    "url": "https://docs.astral.sh/ruff/rules/line-too-long"
  },
  {
    "cell": null,
    "code": "E501",
    "end_location": {
      "column": 81,
      "row": 427
    },
    "filename": "C:\\Users\\pc01\\source\\repos\\image-downloader\\src\\image_downloader\\commands\\workflow.py",
    "fix": null,
    "location": {
      "column": 80,
      "row": 427
    },
    "message": "Line too long (80 > 79)",
    "name": "line-too-long",
    "noqa_row": 427,
    "severity": "error",
    "url": "https://docs.astral.sh/ruff/rules/line-too-long"
  },
  {
    "cell": null,
    "code": "E501",
    "end_location": {
      "column": 94,
      "row": 430
    },
    "filename": "C:\\Users\\pc01\\source\\repos\\image-downloader\\src\\image_downloader\\commands\\workflow.py",
    "fix": null,
    "location": {
      "column": 80,
      "row": 430
    },
    "message": "Line too long (93 > 79)",
    "name": "line-too-long",
    "noqa_row": 430,
    "severity": "error",
    "url": "https://docs.astral.sh/ruff/rules/line-too-long"
  },
  {
    "cell": null,
    "code": "E501",
    "end_location": {
      "column": 109,
      "row": 437
    },
    "filename": "C:\\Users\\pc01\\source\\repos\\image-downloader\\src\\image_downloader\\commands\\workflow.py",
    "fix": null,
    "location": {
      "column": 80,
      "row": 437
    },
    "message": "Line too long (108 > 79)",
    "name": "line-too-long",
    "noqa_row": 437,
    "severity": "error",
    "url": "https://docs.astral.sh/ruff/rules/line-too-long"
  },
  {
    "cell": null,
    "code": "E501",
    "end_location": {
      "column": 96,
      "row": 439
    },
    "filename": "C:\\Users\\pc01\\source\\repos\\image-downloader\\src\\image_downloader\\commands\\workflow.py",
    "fix": null,
    "location": {
      "column": 80,
      "row": 439
    },
    "message": "Line too long (95 > 79)",
    "name": "line-too-long",
    "noqa_row": 439,
    "severity": "error",
    "url": "https://docs.astral.sh/ruff/rules/line-too-long"
  },
  {
    "cell": null,
    "code": "E501",
    "end_location": {
      "column": 84,
      "row": 3
    },
    "filename": "C:\\Users\\pc01\\source\\repos\\image-downloader\\src\\image_downloader\\config.py",
    "fix": null,
    "location": {
      "column": 80,
      "row": 3
    },
    "message": "Line too long (83 > 79)",
    "name": "line-too-long",
    "noqa_row": 3,
    "severity": "error",
    "url": "https://docs.astral.sh/ruff/rules/line-too-long"
  },
  {
    "cell": null,
    "code": "E501",
    "end_location": {
      "column": 119,
      "row": 56
    },
    "filename": "C:\\Users\\pc01\\source\\repos\\image-downloader\\src\\image_downloader\\configuration\\hosts.py",
    "fix": null,
    "location": {
      "column": 80,
      "row": 56
    },
    "message": "Line too long (118 > 79)",
    "name": "line-too-long",
    "noqa_row": 56,
    "severity": "error",
    "url": "https://docs.astral.sh/ruff/rules/line-too-long"
  },
  {
    "cell": null,
    "code": "E501",
    "end_location": {
      "column": 92,
      "row": 58
    },
    "filename": "C:\\Users\\pc01\\source\\repos\\image-downloader\\src\\image_downloader\\configuration\\hosts.py",
    "fix": null,
    "location": {
      "column": 80,
      "row": 58
    },
    "message": "Line too long (91 > 79)",
    "name": "line-too-long",
    "noqa_row": 58,
    "severity": "error",
    "url": "https://docs.astral.sh/ruff/rules/line-too-long"
  },
  {
    "cell": null,
    "code": "E501",
    "end_location": {
      "column": 110,
      "row": 66
    },
    "filename": "C:\\Users\\pc01\\source\\repos\\image-downloader\\src\\image_downloader\\configuration\\hosts.py",
    "fix": null,
    "location": {
      "column": 80,
      "row": 66
    },
    "message": "Line too long (109 > 79)",
    "name": "line-too-long",
    "noqa_row": 66,
    "severity": "error",
    "url": "https://docs.astral.sh/ruff/rules/line-too-long"
  },
  {
    "cell": null,
    "code": "E501",
    "end_location": {
      "column": 88,
      "row": 14
    },
    "filename": "C:\\Users\\pc01\\source\\repos\\image-downloader\\src\\image_downloader\\configuration\\layers.py",
    "fix": null,
    "location": {
      "column": 80,
      "row": 14
    },
    "message": "Line too long (87 > 79)",
    "name": "line-too-long",
    "noqa_row": 14,
    "severity": "error",
    "url": "https://docs.astral.sh/ruff/rules/line-too-long"
  },
  {
    "cell": null,
    "code": "E501",
    "end_location": {
      "column": 119,
      "row": 21
    },
    "filename": "C:\\Users\\pc01\\source\\repos\\image-downloader\\src\\image_downloader\\configuration\\layers.py",
    "fix": null,
    "location": {
      "column": 80,
      "row": 21
    },
    "message": "Line too long (118 > 79)",
    "name": "line-too-long",
    "noqa_row": 21,
    "severity": "error",
    "url": "https://docs.astral.sh/ruff/rules/line-too-long"
  },
  {
    "cell": null,
    "code": "E501",
    "end_location": {
      "column": 92,
      "row": 23
    },
    "filename": "C:\\Users\\pc01\\source\\repos\\image-downloader\\src\\image_downloader\\configuration\\layers.py",
    "fix": null,
    "location": {
      "column": 80,
      "row": 23
    },
    "message": "Line too long (91 > 79)",
    "name": "line-too-long",
    "noqa_row": 23,
    "severity": "error",
    "url": "https://docs.astral.sh/ruff/rules/line-too-long"
  },
  {
    "cell": null,
    "code": "E501",
    "end_location": {
      "column": 81,
      "row": 32
    },
    "filename": "C:\\Users\\pc01\\source\\repos\\image-downloader\\src\\image_downloader\\configuration\\layers.py",
    "fix": null,
    "location": {
      "column": 80,
      "row": 32
    },
    "message": "Line too long (80 > 79)",
    "name": "line-too-long",
    "noqa_row": 32,
    "severity": "error",
    "url": "https://docs.astral.sh/ruff/rules/line-too-long"
  },
  {
    "cell": null,
    "code": "E501",
    "end_location": {
      "column": 89,
      "row": 77
    },
    "filename": "C:\\Users\\pc01\\source\\repos\\image-downloader\\src\\image_downloader\\configuration\\layers.py",
    "fix": null,
    "location": {
      "column": 80,
      "row": 77
    },
    "message": "Line too long (88 > 79)",
    "name": "line-too-long",
    "noqa_row": 77,
    "severity": "error",
    "url": "https://docs.astral.sh/ruff/rules/line-too-long"
  },
  {
    "cell": null,
    "code": "E501",
    "end_location": {
      "column": 85,
      "row": 78
    },
    "filename": "C:\\Users\\pc01\\source\\repos\\image-downloader\\src\\image_downloader\\configuration\\layers.py",
    "fix": null,
    "location": {
      "column": 80,
      "row": 78
    },
    "message": "Line too long (84 > 79)",
    "name": "line-too-long",
    "noqa_row": 78,
    "severity": "error",
    "url": "https://docs.astral.sh/ruff/rules/line-too-long"
  },
  {
    "cell": null,
    "code": "E501",
    "end_location": {
      "column": 87,
      "row": 79
    },
    "filename": "C:\\Users\\pc01\\source\\repos\\image-downloader\\src\\image_downloader\\configuration\\layers.py",
    "fix": null,
    "location": {
      "column": 80,
      "row": 79
    },
    "message": "Line too long (86 > 79)",
    "name": "line-too-long",
    "noqa_row": 79,
    "severity": "error",
    "url": "https://docs.astral.sh/ruff/rules/line-too-long"
  },
  {
    "cell": null,
    "code": "E501",
    "end_location": {
      "column": 91,
      "row": 93
    },
    "filename": "C:\\Users\\pc01\\source\\repos\\image-downloader\\src\\image_downloader\\configuration\\layers.py",
    "fix": null,
    "location": {
      "column": 80,
      "row": 93
    },
    "message": "Line too long (90 > 79)",
    "name": "line-too-long",
    "noqa_row": 93,
    "severity": "error",
    "url": "https://docs.astral.sh/ruff/rules/line-too-long"
  },
  {
    "cell": null,
    "code": "E501",
    "end_location": {
      "column": 88,
      "row": 94
    },
    "filename": "C:\\Users\\pc01\\source\\repos\\image-downloader\\src\\image_downloader\\configuration\\layers.py",
    "fix": null,
    "location": {
      "column": 80,
      "row": 94
    },
    "message": "Line too long (87 > 79)",
    "name": "line-too-long",
    "noqa_row": 94,
    "severity": "error",
    "url": "https://docs.astral.sh/ruff/rules/line-too-long"
  },
  {
    "cell": null,
    "code": "E501",
    "end_location": {
      "column": 83,
      "row": 96
    },
    "filename": "C:\\Users\\pc01\\source\\repos\\image-downloader\\src\\image_downloader\\configuration\\layers.py",
    "fix": null,
    "location": {
      "column": 80,
      "row": 96
    },
    "message": "Line too long (82 > 79)",
    "name": "line-too-long",
    "noqa_row": 96,
    "severity": "error",
    "url": "https://docs.astral.sh/ruff/rules/line-too-long"
  },
  {
    "cell": null,
    "code": "E501",
    "end_location": {
      "column": 91,
      "row": 109
    },
    "filename": "C:\\Users\\pc01\\source\\repos\\image-downloader\\src\\image_downloader\\configuration\\layers.py",
    "fix": null,
    "location": {
      "column": 80,
      "row": 109
    },
    "message": "Line too long (90 > 79)",
    "name": "line-too-long",
    "noqa_row": 109,
    "severity": "error",
    "url": "https://docs.astral.sh/ruff/rules/line-too-long"
  },
  {
    "cell": null,
    "code": "E501",
    "end_location": {
      "column": 83,
      "row": 110
    },
    "filename": "C:\\Users\\pc01\\source\\repos\\image-downloader\\src\\image_downloader\\configuration\\layers.py",
    "fix": null,
    "location": {
      "column": 80,
      "row": 110
    },
    "message": "Line too long (82 > 79)",
    "name": "line-too-long",
    "noqa_row": 110,
    "severity": "error",
    "url": "https://docs.astral.sh/ruff/rules/line-too-long"
  },
  {
    "cell": null,
    "code": "E501",
    "end_location": {
      "column": 94,
      "row": 117
    },
    "filename": "C:\\Users\\pc01\\source\\repos\\image-downloader\\src\\image_downloader\\configuration\\layers.py",
    "fix": null,
    "location": {
      "column": 80,
      "row": 117
    },
    "message": "Line too long (93 > 79)",
    "name": "line-too-long",
    "noqa_row": 117,
    "severity": "error",
    "url": "https://docs.astral.sh/ruff/rules/line-too-long"
  },
  {
    "cell": null,
    "code": "E501",
    "end_location": {
      "column": 117,
      "row": 129
    },
    "filename": "C:\\Users\\pc01\\source\\repos\\image-downloader\\src\\image_downloader\\configuration\\layers.py",
    "fix": null,
    "location": {
      "column": 80,
      "row": 129
    },
    "message": "Line too long (116 > 79)",
    "name": "line-too-long",
    "noqa_row": 129,
    "severity": "error",
    "url": "https://docs.astral.sh/ruff/rules/line-too-long"
  },
  {
    "cell": null,
    "code": "E501",
    "end_location": {
      "column": 89,
      "row": 161
    },
    "filename": "C:\\Users\\pc01\\source\\repos\\image-downloader\\src\\image_downloader\\configuration\\layers.py",
    "fix": null,
    "location": {
      "column": 80,
      "row": 161
    },
    "message": "Line too long (88 > 79)",
    "name": "line-too-long",
    "noqa_row": 161,
    "severity": "error",
    "url": "https://docs.astral.sh/ruff/rules/line-too-long"
  },
  {
    "cell": null,
    "code": "E501",
    "end_location": {
      "column": 89,
      "row": 164
    },
    "filename": "C:\\Users\\pc01\\source\\repos\\image-downloader\\src\\image_downloader\\configuration\\layers.py",
    "fix": null,
    "location": {
      "column": 80,
      "row": 164
    },
    "message": "Line too long (88 > 79)",
    "name": "line-too-long",
    "noqa_row": 164,
    "severity": "error",
    "url": "https://docs.astral.sh/ruff/rules/line-too-long"
  },
  {
    "cell": null,
    "code": "E501",
    "end_location": {
      "column": 103,
      "row": 172
    },
    "filename": "C:\\Users\\pc01\\source\\repos\\image-downloader\\src\\image_downloader\\configuration\\layers.py",
    "fix": null,
    "location": {
      "column": 80,
      "row": 172
    },
    "message": "Line too long (102 > 79)",
    "name": "line-too-long",
    "noqa_row": 172,
    "severity": "error",
    "url": "https://docs.astral.sh/ruff/rules/line-too-long"
  },
  {
    "cell": null,
    "code": "E501",
    "end_location": {
      "column": 107,
      "row": 179
    },
    "filename": "C:\\Users\\pc01\\source\\repos\\image-downloader\\src\\image_downloader\\configuration\\layers.py",
    "fix": null,
    "location": {
      "column": 80,
      "row": 179
    },
    "message": "Line too long (106 > 79)",
    "name": "line-too-long",
    "noqa_row": 179,
    "severity": "error",
    "url": "https://docs.astral.sh/ruff/rules/line-too-long"
  },
  {
    "cell": null,
    "code": "E501",
    "end_location": {
      "column": 88,
      "row": 199
    },
    "filename": "C:\\Users\\pc01\\source\\repos\\image-downloader\\src\\image_downloader\\configuration\\layers.py",
    "fix": null,
    "location": {
      "column": 80,
      "row": 199
    },
    "message": "Line too long (87 > 79)",
    "name": "line-too-long",
    "noqa_row": 199,
    "severity": "error",
    "url": "https://docs.astral.sh/ruff/rules/line-too-long"
  },
  {
    "cell": null,
    "code": "E501",
    "end_location": {
      "column": 83,
      "row": 204
    },
    "filename": "C:\\Users\\pc01\\source\\repos\\image-downloader\\src\\image_downloader\\configuration\\layers.py",
    "fix": null,
    "location": {
      "column": 80,
      "row": 204
    },
    "message": "Line too long (82 > 79)",
    "name": "line-too-long",
    "noqa_row": 204,
    "severity": "error",
    "url": "https://docs.astral.sh/ruff/rules/line-too-long"
  },
  {
    "cell": null,
    "code": "E501",
    "end_location": {
      "column": 89,
      "row": 210
    },
    "filename": "C:\\Users\\pc01\\source\\repos\\image-downloader\\src\\image_downloader\\configuration\\layers.py",
    "fix": null,
    "location": {
      "column": 80,
      "row": 210
    },
    "message": "Line too long (88 > 79)",
    "name": "line-too-long",
    "noqa_row": 210,
    "severity": "error",
    "url": "https://docs.astral.sh/ruff/rules/line-too-long"
  },
  {
    "cell": null,
    "code": "E501",
    "end_location": {
      "column": 118,
      "row": 220
    },
    "filename": "C:\\Users\\pc01\\source\\repos\\image-downloader\\src\\image_downloader\\configuration\\layers.py",
    "fix": null,
    "location": {
      "column": 80,
      "row": 220
    },
    "message": "Line too long (117 > 79)",
    "name": "line-too-long",
    "noqa_row": 220,
    "severity": "error",
    "url": "https://docs.astral.sh/ruff/rules/line-too-long"
  },
  {
    "cell": null,
    "code": "E501",
    "end_location": {
      "column": 118,
      "row": 223
    },
    "filename": "C:\\Users\\pc01\\source\\repos\\image-downloader\\src\\image_downloader\\configuration\\layers.py",
    "fix": null,
    "location": {
      "column": 80,
      "row": 223
    },
    "message": "Line too long (117 > 79)",
    "name": "line-too-long",
    "noqa_row": 223,
    "severity": "error",
    "url": "https://docs.astral.sh/ruff/rules/line-too-long"
  },
  {
    "cell": null,
    "code": "E501",
    "end_location": {
      "column": 97,
      "row": 239
    },
    "filename": "C:\\Users\\pc01\\source\\repos\\image-downloader\\src\\image_downloader\\configuration\\layers.py",
    "fix": null,
    "location": {
      "column": 80,
      "row": 239
    },
    "message": "Line too long (96 > 79)",
    "name": "line-too-long",
    "noqa_row": 239,
    "severity": "error",
    "url": "https://docs.astral.sh/ruff/rules/line-too-long"
  },
  {
    "cell": null,
    "code": "E501",
    "end_location": {
      "column": 85,
      "row": 241
    },
    "filename": "C:\\Users\\pc01\\source\\repos\\image-downloader\\src\\image_downloader\\configuration\\layers.py",
    "fix": null,
    "location": {
      "column": 80,
      "row": 241
    },
    "message": "Line too long (84 > 79)",
    "name": "line-too-long",
    "noqa_row": 241,
    "severity": "error",
    "url": "https://docs.astral.sh/ruff/rules/line-too-long"
  },
  {
    "cell": null,
    "code": "E501",
    "end_location": {
      "column": 82,
      "row": 245
    },
    "filename": "C:\\Users\\pc01\\source\\repos\\image-downloader\\src\\image_downloader\\configuration\\layers.py",
    "fix": null,
    "location": {
      "column": 80,
      "row": 245
    },
    "message": "Line too long (81 > 79)",
    "name": "line-too-long",
    "noqa_row": 245,
    "severity": "error",
    "url": "https://docs.astral.sh/ruff/rules/line-too-long"
  },
  {
    "cell": null,
    "code": "E501",
    "end_location": {
      "column": 103,
      "row": 253
    },
    "filename": "C:\\Users\\pc01\\source\\repos\\image-downloader\\src\\image_downloader\\configuration\\layers.py",
    "fix": null,
    "location": {
      "column": 80,
      "row": 253
    },
    "message": "Line too long (102 > 79)",
    "name": "line-too-long",
    "noqa_row": 253,
    "severity": "error",
    "url": "https://docs.astral.sh/ruff/rules/line-too-long"
  },
  {
    "cell": null,
    "code": "E501",
    "end_location": {
      "column": 84,
      "row": 258
    },
    "filename": "C:\\Users\\pc01\\source\\repos\\image-downloader\\src\\image_downloader\\configuration\\layers.py",
    "fix": null,
    "location": {
      "column": 80,
      "row": 258
    },
    "message": "Line too long (83 > 79)",
    "name": "line-too-long",
    "noqa_row": 258,
    "severity": "error",
    "url": "https://docs.astral.sh/ruff/rules/line-too-long"
  },
  {
    "cell": null,
    "code": "E501",
    "end_location": {
      "column": 104,
      "row": 262
    },
    "filename": "C:\\Users\\pc01\\source\\repos\\image-downloader\\src\\image_downloader\\configuration\\layers.py",
    "fix": null,
    "location": {
      "column": 80,
      "row": 262
    },
    "message": "Line too long (103 > 79)",
    "name": "line-too-long",
    "noqa_row": 262,
    "severity": "error",
    "url": "https://docs.astral.sh/ruff/rules/line-too-long"
  },
  {
    "cell": null,
    "code": "E501",
    "end_location": {
      "column": 105,
      "row": 266
    },
    "filename": "C:\\Users\\pc01\\source\\repos\\image-downloader\\src\\image_downloader\\configuration\\layers.py",
    "fix": null,
    "location": {
      "column": 80,
      "row": 266
    },
    "message": "Line too long (104 > 79)",
    "name": "line-too-long",
    "noqa_row": 266,
    "severity": "error",
    "url": "https://docs.astral.sh/ruff/rules/line-too-long"
  },
  {
    "cell": null,
    "code": "E501",
    "end_location": {
      "column": 82,
      "row": 267
    },
    "filename": "C:\\Users\\pc01\\source\\repos\\image-downloader\\src\\image_downloader\\configuration\\layers.py",
    "fix": null,
    "location": {
      "column": 80,
      "row": 267
    },
    "message": "Line too long (81 > 79)",
    "name": "line-too-long",
    "noqa_row": 267,
    "severity": "error",
    "url": "https://docs.astral.sh/ruff/rules/line-too-long"
  },
  {
    "cell": null,
    "code": "E501",
    "end_location": {
      "column": 85,
      "row": 268
    },
    "filename": "C:\\Users\\pc01\\source\\repos\\image-downloader\\src\\image_downloader\\configuration\\layers.py",
    "fix": null,
    "location": {
      "column": 80,
      "row": 268
    },
    "message": "Line too long (84 > 79)",
    "name": "line-too-long",
    "noqa_row": 268,
    "severity": "error",
    "url": "https://docs.astral.sh/ruff/rules/line-too-long"
  },
  {
    "cell": null,
    "code": "E501",
    "end_location": {
      "column": 82,
      "row": 272
    },
    "filename": "C:\\Users\\pc01\\source\\repos\\image-downloader\\src\\image_downloader\\configuration\\layers.py",
    "fix": null,
    "location": {
      "column": 80,
      "row": 272
    },
    "message": "Line too long (81 > 79)",
    "name": "line-too-long",
    "noqa_row": 272,
    "severity": "error",
    "url": "https://docs.astral.sh/ruff/rules/line-too-long"
  },
  {
    "cell": null,
    "code": "E501",
    "end_location": {
      "column": 113,
      "row": 273
    },
    "filename": "C:\\Users\\pc01\\source\\repos\\image-downloader\\src\\image_downloader\\configuration\\layers.py",
    "fix": null,
    "location": {
      "column": 80,
      "row": 273
    },
    "message": "Line too long (112 > 79)",
    "name": "line-too-long",
    "noqa_row": 273,
    "severity": "error",
    "url": "https://docs.astral.sh/ruff/rules/line-too-long"
  },
  {
    "cell": null,
    "code": "E501",
    "end_location": {
      "column": 82,
      "row": 282
    },
    "filename": "C:\\Users\\pc01\\source\\repos\\image-downloader\\src\\image_downloader\\configuration\\layers.py",
    "fix": null,
    "location": {
      "column": 80,
      "row": 282
    },
    "message": "Line too long (81 > 79)",
    "name": "line-too-long",
    "noqa_row": 282,
    "severity": "error",
    "url": "https://docs.astral.sh/ruff/rules/line-too-long"
  },
  {
    "cell": null,
    "code": "E501",
    "end_location": {
      "column": 101,
      "row": 285
    },
    "filename": "C:\\Users\\pc01\\source\\repos\\image-downloader\\src\\image_downloader\\configuration\\layers.py",
    "fix": null,
    "location": {
      "column": 80,
      "row": 285
    },
    "message": "Line too long (100 > 79)",
    "name": "line-too-long",
    "noqa_row": 285,
    "severity": "error",
    "url": "https://docs.astral.sh/ruff/rules/line-too-long"
  },
  {
    "cell": null,
    "code": "E501",
    "end_location": {
      "column": 81,
      "row": 289
    },
    "filename": "C:\\Users\\pc01\\source\\repos\\image-downloader\\src\\image_downloader\\configuration\\layers.py",
    "fix": null,
    "location": {
      "column": 80,
      "row": 289
    },
    "message": "Line too long (80 > 79)",
    "name": "line-too-long",
    "noqa_row": 289,
    "severity": "error",
    "url": "https://docs.astral.sh/ruff/rules/line-too-long"
  },
  {
    "cell": null,
    "code": "E501",
    "end_location": {
      "column": 108,
      "row": 304
    },
    "filename": "C:\\Users\\pc01\\source\\repos\\image-downloader\\src\\image_downloader\\configuration\\layers.py",
    "fix": null,
    "location": {
      "column": 80,
      "row": 304
    },
    "message": "Line too long (107 > 79)",
    "name": "line-too-long",
    "noqa_row": 304,
    "severity": "error",
    "url": "https://docs.astral.sh/ruff/rules/line-too-long"
  },
  {
    "cell": null,
    "code": "E501",
    "end_location": {
      "column": 83,
      "row": 311
    },
    "filename": "C:\\Users\\pc01\\source\\repos\\image-downloader\\src\\image_downloader\\configuration\\layers.py",
    "fix": null,
    "location": {
      "column": 80,
      "row": 311
    },
    "message": "Line too long (82 > 79)",
    "name": "line-too-long",
    "noqa_row": 311,
    "severity": "error",
    "url": "https://docs.astral.sh/ruff/rules/line-too-long"
  },
  {
    "cell": null,
    "code": "E501",
    "end_location": {
      "column": 108,
      "row": 314
    },
    "filename": "C:\\Users\\pc01\\source\\repos\\image-downloader\\src\\image_downloader\\configuration\\layers.py",
    "fix": null,
    "location": {
      "column": 80,
      "row": 314
    },
    "message": "Line too long (107 > 79)",
    "name": "line-too-long",
    "noqa_row": 314,
    "severity": "error",
    "url": "https://docs.astral.sh/ruff/rules/line-too-long"
  },
  {
    "cell": null,
    "code": "E501",
    "end_location": {
      "column": 103,
      "row": 317
    },
    "filename": "C:\\Users\\pc01\\source\\repos\\image-downloader\\src\\image_downloader\\configuration\\layers.py",
    "fix": null,
    "location": {
      "column": 80,
      "row": 317
    },
    "message": "Line too long (102 > 79)",
    "name": "line-too-long",
    "noqa_row": 317,
    "severity": "error",
    "url": "https://docs.astral.sh/ruff/rules/line-too-long"
  },
  {
    "cell": null,
    "code": "E501",
    "end_location": {
      "column": 103,
      "row": 318
    },
    "filename": "C:\\Users\\pc01\\source\\repos\\image-downloader\\src\\image_downloader\\configuration\\layers.py",
    "fix": null,
    "location": {
      "column": 80,
      "row": 318
    },
    "message": "Line too long (102 > 79)",
    "name": "line-too-long",
    "noqa_row": 318,
    "severity": "error",
    "url": "https://docs.astral.sh/ruff/rules/line-too-long"
  },
  {
    "cell": null,
    "code": "E501",
    "end_location": {
      "column": 94,
      "row": 326
    },
    "filename": "C:\\Users\\pc01\\source\\repos\\image-downloader\\src\\image_downloader\\configuration\\layers.py",
    "fix": null,
    "location": {
      "column": 80,
      "row": 326
    },
    "message": "Line too long (93 > 79)",
    "name": "line-too-long",
    "noqa_row": 326,
    "severity": "error",
    "url": "https://docs.astral.sh/ruff/rules/line-too-long"
  },
  {
    "cell": null,
    "code": "E501",
    "end_location": {
      "column": 91,
      "row": 333
    },
    "filename": "C:\\Users\\pc01\\source\\repos\\image-downloader\\src\\image_downloader\\configuration\\layers.py",
    "fix": null,
    "location": {
      "column": 80,
      "row": 333
    },
    "message": "Line too long (90 > 79)",
    "name": "line-too-long",
    "noqa_row": 333,
    "severity": "error",
    "url": "https://docs.astral.sh/ruff/rules/line-too-long"
  },
  {
    "cell": null,
    "code": "E501",
    "end_location": {
      "column": 102,
      "row": 338
    },
    "filename": "C:\\Users\\pc01\\source\\repos\\image-downloader\\src\\image_downloader\\configuration\\layers.py",
    "fix": null,
    "location": {
      "column": 80,
      "row": 338
    },
    "message": "Line too long (101 > 79)",
    "name": "line-too-long",
    "noqa_row": 338,
    "severity": "error",
    "url": "https://docs.astral.sh/ruff/rules/line-too-long"
  },
  {
    "cell": null,
    "code": "E501",
    "end_location": {
      "column": 86,
      "row": 340
    },
    "filename": "C:\\Users\\pc01\\source\\repos\\image-downloader\\src\\image_downloader\\configuration\\layers.py",
    "fix": null,
    "location": {
      "column": 80,
      "row": 340
    },
    "message": "Line too long (85 > 79)",
    "name": "line-too-long",
    "noqa_row": 340,
    "severity": "error",
    "url": "https://docs.astral.sh/ruff/rules/line-too-long"
  },
  {
    "cell": null,
    "code": "E501",
    "end_location": {
      "column": 98,
      "row": 341
    },
    "filename": "C:\\Users\\pc01\\source\\repos\\image-downloader\\src\\image_downloader\\configuration\\layers.py",
    "fix": null,
    "location": {
      "column": 80,
      "row": 341
    },
    "message": "Line too long (97 > 79)",
    "name": "line-too-long",
    "noqa_row": 341,
    "severity": "error",
    "url": "https://docs.astral.sh/ruff/rules/line-too-long"
  },
  {
    "cell": null,
    "code": "E501",
    "end_location": {
      "column": 85,
      "row": 345
    },
    "filename": "C:\\Users\\pc01\\source\\repos\\image-downloader\\src\\image_downloader\\configuration\\layers.py",
    "fix": null,
    "location": {
      "column": 80,
      "row": 345
    },
    "message": "Line too long (84 > 79)",
    "name": "line-too-long",
    "noqa_row": 345,
    "severity": "error",
    "url": "https://docs.astral.sh/ruff/rules/line-too-long"
  },
  {
    "cell": null,
    "code": "E501",
    "end_location": {
      "column": 100,
      "row": 349
    },
    "filename": "C:\\Users\\pc01\\source\\repos\\image-downloader\\src\\image_downloader\\configuration\\layers.py",
    "fix": null,
    "location": {
      "column": 80,
      "row": 349
    },
    "message": "Line too long (99 > 79)",
    "name": "line-too-long",
    "noqa_row": 349,
    "severity": "error",
    "url": "https://docs.astral.sh/ruff/rules/line-too-long"
  },
  {
    "cell": null,
    "code": "E501",
    "end_location": {
      "column": 101,
      "row": 357
    },
    "filename": "C:\\Users\\pc01\\source\\repos\\image-downloader\\src\\image_downloader\\configuration\\layers.py",
    "fix": null,
    "location": {
      "column": 80,
      "row": 357
    },
    "message": "Line too long (100 > 79)",
    "name": "line-too-long",
    "noqa_row": 357,
    "severity": "error",
    "url": "https://docs.astral.sh/ruff/rules/line-too-long"
  },
  {
    "cell": null,
    "code": "E501",
    "end_location": {
      "column": 89,
      "row": 365
    },
    "filename": "C:\\Users\\pc01\\source\\repos\\image-downloader\\src\\image_downloader\\configuration\\layers.py",
    "fix": null,
    "location": {
      "column": 80,
      "row": 365
    },
    "message": "Line too long (88 > 79)",
    "name": "line-too-long",
    "noqa_row": 365,
    "severity": "error",
    "url": "https://docs.astral.sh/ruff/rules/line-too-long"
  },
  {
    "cell": null,
    "code": "E501",
    "end_location": {
      "column": 95,
      "row": 370
    },
    "filename": "C:\\Users\\pc01\\source\\repos\\image-downloader\\src\\image_downloader\\configuration\\layers.py",
    "fix": null,
    "location": {
      "column": 80,
      "row": 370
    },
    "message": "Line too long (94 > 79)",
    "name": "line-too-long",
    "noqa_row": 370,
    "severity": "error",
    "url": "https://docs.astral.sh/ruff/rules/line-too-long"
  },
  {
    "cell": null,
    "code": "E501",
    "end_location": {
      "column": 87,
      "row": 382
    },
    "filename": "C:\\Users\\pc01\\source\\repos\\image-downloader\\src\\image_downloader\\configuration\\layers.py",
    "fix": null,
    "location": {
      "column": 80,
      "row": 382
    },
    "message": "Line too long (86 > 79)",
    "name": "line-too-long",
    "noqa_row": 382,
    "severity": "error",
    "url": "https://docs.astral.sh/ruff/rules/line-too-long"
  },
  {
    "cell": null,
    "code": "E501",
    "end_location": {
      "column": 87,
      "row": 385
    },
    "filename": "C:\\Users\\pc01\\source\\repos\\image-downloader\\src\\image_downloader\\configuration\\layers.py",
    "fix": null,
    "location": {
      "column": 80,
      "row": 385
    },
    "message": "Line too long (86 > 79)",
    "name": "line-too-long",
    "noqa_row": 385,
    "severity": "error",
    "url": "https://docs.astral.sh/ruff/rules/line-too-long"
  },
  {
    "cell": null,
    "code": "E501",
    "end_location": {
      "column": 89,
      "row": 400
    },
    "filename": "C:\\Users\\pc01\\source\\repos\\image-downloader\\src\\image_downloader\\configuration\\layers.py",
    "fix": null,
    "location": {
      "column": 80,
      "row": 400
    },
    "message": "Line too long (88 > 79)",
    "name": "line-too-long",
    "noqa_row": 400,
    "severity": "error",
    "url": "https://docs.astral.sh/ruff/rules/line-too-long"
  },
  {
    "cell": null,
    "code": "E501",
    "end_location": {
      "column": 93,
      "row": 418
    },
    "filename": "C:\\Users\\pc01\\source\\repos\\image-downloader\\src\\image_downloader\\configuration\\layers.py",
    "fix": null,
    "location": {
      "column": 80,
      "row": 418
    },
    "message": "Line too long (92 > 79)",
    "name": "line-too-long",
    "noqa_row": 418,
    "severity": "error",
    "url": "https://docs.astral.sh/ruff/rules/line-too-long"
  },
  {
    "cell": null,
    "code": "E501",
    "end_location": {
      "column": 86,
      "row": 428
    },
    "filename": "C:\\Users\\pc01\\source\\repos\\image-downloader\\src\\image_downloader\\configuration\\layers.py",
    "fix": null,
    "location": {
      "column": 80,
      "row": 428
    },
    "message": "Line too long (85 > 79)",
    "name": "line-too-long",
    "noqa_row": 428,
    "severity": "error",
    "url": "https://docs.astral.sh/ruff/rules/line-too-long"
  },
  {
    "cell": null,
    "code": "E501",
    "end_location": {
      "column": 84,
      "row": 434
    },
    "filename": "C:\\Users\\pc01\\source\\repos\\image-downloader\\src\\image_downloader\\configuration\\layers.py",
    "fix": null,
    "location": {
      "column": 80,
      "row": 434
    },
    "message": "Line too long (83 > 79)",
    "name": "line-too-long",
    "noqa_row": 434,
    "severity": "error",
    "url": "https://docs.astral.sh/ruff/rules/line-too-long"
  },
  {
    "cell": null,
    "code": "E501",
    "end_location": {
      "column": 87,
      "row": 437
    },
    "filename": "C:\\Users\\pc01\\source\\repos\\image-downloader\\src\\image_downloader\\configuration\\layers.py",
    "fix": null,
    "location": {
      "column": 80,
      "row": 437
    },
    "message": "Line too long (86 > 79)",
    "name": "line-too-long",
    "noqa_row": 437,
    "severity": "error",
    "url": "https://docs.astral.sh/ruff/rules/line-too-long"
  },
  {
    "cell": null,
    "code": "E501",
    "end_location": {
      "column": 109,
      "row": 441
    },
    "filename": "C:\\Users\\pc01\\source\\repos\\image-downloader\\src\\image_downloader\\configuration\\layers.py",
    "fix": null,
    "location": {
      "column": 80,
      "row": 441
    },
    "message": "Line too long (108 > 79)",
    "name": "line-too-long",
    "noqa_row": 441,
    "severity": "error",
    "url": "https://docs.astral.sh/ruff/rules/line-too-long"
  },
  {
    "cell": null,
    "code": "E501",
    "end_location": {
      "column": 92,
      "row": 445
    },
    "filename": "C:\\Users\\pc01\\source\\repos\\image-downloader\\src\\image_downloader\\configuration\\layers.py",
    "fix": null,
    "location": {
      "column": 80,
      "row": 445
    },
    "message": "Line too long (91 > 79)",
    "name": "line-too-long",
    "noqa_row": 445,
    "severity": "error",
    "url": "https://docs.astral.sh/ruff/rules/line-too-long"
  },
  {
    "cell": null,
    "code": "E501",
    "end_location": {
      "column": 89,
      "row": 455
    },
    "filename": "C:\\Users\\pc01\\source\\repos\\image-downloader\\src\\image_downloader\\configuration\\layers.py",
    "fix": null,
    "location": {
      "column": 80,
      "row": 455
    },
    "message": "Line too long (88 > 79)",
    "name": "line-too-long",
    "noqa_row": 455,
    "severity": "error",
    "url": "https://docs.astral.sh/ruff/rules/line-too-long"
  },
  {
    "cell": null,
    "code": "E501",
    "end_location": {
      "column": 99,
      "row": 463
    },
    "filename": "C:\\Users\\pc01\\source\\repos\\image-downloader\\src\\image_downloader\\configuration\\layers.py",
    "fix": null,
    "location": {
      "column": 80,
      "row": 463
    },
    "message": "Line too long (98 > 79)",
    "name": "line-too-long",
    "noqa_row": 463,
    "severity": "error",
    "url": "https://docs.astral.sh/ruff/rules/line-too-long"
  },
  {
    "cell": null,
    "code": "E501",
    "end_location": {
      "column": 83,
      "row": 487
    },
    "filename": "C:\\Users\\pc01\\source\\repos\\image-downloader\\src\\image_downloader\\configuration\\layers.py",
    "fix": null,
    "location": {
      "column": 80,
      "row": 487
    },
    "message": "Line too long (82 > 79)",
    "name": "line-too-long",
    "noqa_row": 487,
    "severity": "error",
    "url": "https://docs.astral.sh/ruff/rules/line-too-long"
  },
  {
    "cell": null,
    "code": "E501",
    "end_location": {
      "column": 88,
      "row": 490
    },
    "filename": "C:\\Users\\pc01\\source\\repos\\image-downloader\\src\\image_downloader\\configuration\\layers.py",
    "fix": null,
    "location": {
      "column": 80,
      "row": 490
    },
    "message": "Line too long (87 > 79)",
    "name": "line-too-long",
    "noqa_row": 490,
    "severity": "error",
    "url": "https://docs.astral.sh/ruff/rules/line-too-long"
  },
  {
    "cell": null,
    "code": "E501",
    "end_location": {
      "column": 102,
      "row": 494
    },
    "filename": "C:\\Users\\pc01\\source\\repos\\image-downloader\\src\\image_downloader\\configuration\\layers.py",
    "fix": null,
    "location": {
      "column": 80,
      "row": 494
    },
    "message": "Line too long (101 > 79)",
    "name": "line-too-long",
    "noqa_row": 494,
    "severity": "error",
    "url": "https://docs.astral.sh/ruff/rules/line-too-long"
  },
  {
    "cell": null,
    "code": "E501",
    "end_location": {
      "column": 111,
      "row": 495
    },
    "filename": "C:\\Users\\pc01\\source\\repos\\image-downloader\\src\\image_downloader\\configuration\\layers.py",
    "fix": null,
    "location": {
      "column": 80,
      "row": 495
    },
    "message": "Line too long (110 > 79)",
    "name": "line-too-long",
    "noqa_row": 495,
    "severity": "error",
    "url": "https://docs.astral.sh/ruff/rules/line-too-long"
  },
  {
    "cell": null,
    "code": "E501",
    "end_location": {
      "column": 84,
      "row": 497
    },
    "filename": "C:\\Users\\pc01\\source\\repos\\image-downloader\\src\\image_downloader\\configuration\\layers.py",
    "fix": null,
    "location": {
      "column": 80,
      "row": 497
    },
    "message": "Line too long (83 > 79)",
    "name": "line-too-long",
    "noqa_row": 497,
    "severity": "error",
    "url": "https://docs.astral.sh/ruff/rules/line-too-long"
  },
  {
    "cell": null,
    "code": "E501",
    "end_location": {
      "column": 82,
      "row": 509
    },
    "filename": "C:\\Users\\pc01\\source\\repos\\image-downloader\\src\\image_downloader\\configuration\\layers.py",
    "fix": null,
    "location": {
      "column": 80,
      "row": 509
    },
    "message": "Line too long (81 > 79)",
    "name": "line-too-long",
    "noqa_row": 509,
    "severity": "error",
    "url": "https://docs.astral.sh/ruff/rules/line-too-long"
  },
  {
    "cell": null,
    "code": "E501",
    "end_location": {
      "column": 84,
      "row": 526
    },
    "filename": "C:\\Users\\pc01\\source\\repos\\image-downloader\\src\\image_downloader\\configuration\\layers.py",
    "fix": null,
    "location": {
      "column": 80,
      "row": 526
    },
    "message": "Line too long (83 > 79)",
    "name": "line-too-long",
    "noqa_row": 526,
    "severity": "error",
    "url": "https://docs.astral.sh/ruff/rules/line-too-long"
  },
  {
    "cell": null,
    "code": "E501",
    "end_location": {
      "column": 99,
      "row": 528
    },
    "filename": "C:\\Users\\pc01\\source\\repos\\image-downloader\\src\\image_downloader\\configuration\\layers.py",
    "fix": null,
    "location": {
      "column": 80,
      "row": 528
    },
    "message": "Line too long (98 > 79)",
    "name": "line-too-long",
    "noqa_row": 528,
    "severity": "error",
    "url": "https://docs.astral.sh/ruff/rules/line-too-long"
  },
  {
    "cell": null,
    "code": "E501",
    "end_location": {
      "column": 87,
      "row": 531
    },
    "filename": "C:\\Users\\pc01\\source\\repos\\image-downloader\\src\\image_downloader\\configuration\\layers.py",
    "fix": null,
    "location": {
      "column": 80,
      "row": 531
    },
    "message": "Line too long (86 > 79)",
    "name": "line-too-long",
    "noqa_row": 531,
    "severity": "error",
    "url": "https://docs.astral.sh/ruff/rules/line-too-long"
  },
  {
    "cell": null,
    "code": "E501",
    "end_location": {
      "column": 101,
      "row": 533
    },
    "filename": "C:\\Users\\pc01\\source\\repos\\image-downloader\\src\\image_downloader\\configuration\\layers.py",
    "fix": null,
    "location": {
      "column": 80,
      "row": 533
    },
    "message": "Line too long (100 > 79)",
    "name": "line-too-long",
    "noqa_row": 533,
    "severity": "error",
    "url": "https://docs.astral.sh/ruff/rules/line-too-long"
  },
  {
    "cell": null,
    "code": "E501",
    "end_location": {
      "column": 88,
      "row": 537
    },
    "filename": "C:\\Users\\pc01\\source\\repos\\image-downloader\\src\\image_downloader\\configuration\\layers.py",
    "fix": null,
    "location": {
      "column": 80,
      "row": 537
    },
    "message": "Line too long (87 > 79)",
    "name": "line-too-long",
    "noqa_row": 537,
    "severity": "error",
    "url": "https://docs.astral.sh/ruff/rules/line-too-long"
  },
  {
    "cell": null,
    "code": "E501",
    "end_location": {
      "column": 87,
      "row": 557
    },
    "filename": "C:\\Users\\pc01\\source\\repos\\image-downloader\\src\\image_downloader\\configuration\\layers.py",
    "fix": null,
    "location": {
      "column": 80,
      "row": 557
    },
    "message": "Line too long (86 > 79)",
    "name": "line-too-long",
    "noqa_row": 557,
    "severity": "error",
    "url": "https://docs.astral.sh/ruff/rules/line-too-long"
  },
  {
    "cell": null,
    "code": "E501",
    "end_location": {
      "column": 81,
      "row": 559
    },
    "filename": "C:\\Users\\pc01\\source\\repos\\image-downloader\\src\\image_downloader\\configuration\\layers.py",
    "fix": null,
    "location": {
      "column": 80,
      "row": 559
    },
    "message": "Line too long (80 > 79)",
    "name": "line-too-long",
    "noqa_row": 559,
    "severity": "error",
    "url": "https://docs.astral.sh/ruff/rules/line-too-long"
  },
  {
    "cell": null,
    "code": "E501",
    "end_location": {
      "column": 94,
      "row": 586
    },
    "filename": "C:\\Users\\pc01\\source\\repos\\image-downloader\\src\\image_downloader\\configuration\\layers.py",
    "fix": null,
    "location": {
      "column": 80,
      "row": 586
    },
    "message": "Line too long (93 > 79)",
    "name": "line-too-long",
    "noqa_row": 586,
    "severity": "error",
    "url": "https://docs.astral.sh/ruff/rules/line-too-long"
  },
  {
    "cell": null,
    "code": "E501",
    "end_location": {
      "column": 82,
      "row": 597
    },
    "filename": "C:\\Users\\pc01\\source\\repos\\image-downloader\\src\\image_downloader\\configuration\\layers.py",
    "fix": null,
    "location": {
      "column": 80,
      "row": 597
    },
    "message": "Line too long (81 > 79)",
    "name": "line-too-long",
    "noqa_row": 597,
    "severity": "error",
    "url": "https://docs.astral.sh/ruff/rules/line-too-long"
  },
  {
    "cell": null,
    "code": "E501",
    "end_location": {
      "column": 99,
      "row": 600
    },
    "filename": "C:\\Users\\pc01\\source\\repos\\image-downloader\\src\\image_downloader\\configuration\\layers.py",
    "fix": null,
    "location": {
      "column": 80,
      "row": 600
    },
    "message": "Line too long (98 > 79)",
    "name": "line-too-long",
    "noqa_row": 600,
    "severity": "error",
    "url": "https://docs.astral.sh/ruff/rules/line-too-long"
  },
  {
    "cell": null,
    "code": "E501",
    "end_location": {
      "column": 83,
      "row": 29
    },
    "filename": "C:\\Users\\pc01\\source\\repos\\image-downloader\\src\\image_downloader\\configuration\\models.py",
    "fix": null,
    "location": {
      "column": 80,
      "row": 29
    },
    "message": "Line too long (82 > 79)",
    "name": "line-too-long",
    "noqa_row": 29,
    "severity": "error",
    "url": "https://docs.astral.sh/ruff/rules/line-too-long"
  },
  {
    "cell": null,
    "code": "E501",
    "end_location": {
      "column": 94,
      "row": 30
    },
    "filename": "C:\\Users\\pc01\\source\\repos\\image-downloader\\src\\image_downloader\\configuration\\models.py",
    "fix": null,
    "location": {
      "column": 80,
      "row": 30
    },
    "message": "Line too long (93 > 79)",
    "name": "line-too-long",
    "noqa_row": 30,
    "severity": "error",
    "url": "https://docs.astral.sh/ruff/rules/line-too-long"
  },
  {
    "cell": null,
    "code": "E501",
    "end_location": {
      "column": 86,
      "row": 37
    },
    "filename": "C:\\Users\\pc01\\source\\repos\\image-downloader\\src\\image_downloader\\configuration\\models.py",
    "fix": null,
    "location": {
      "column": 80,
      "row": 37
    },
    "message": "Line too long (85 > 79)",
    "name": "line-too-long",
    "noqa_row": 37,
    "severity": "error",
    "url": "https://docs.astral.sh/ruff/rules/line-too-long"
  },
  {
    "cell": null,
    "code": "E501",
    "end_location": {
      "column": 85,
      "row": 58
    },
    "filename": "C:\\Users\\pc01\\source\\repos\\image-downloader\\src\\image_downloader\\configuration\\models.py",
    "fix": null,
    "location": {
      "column": 80,
      "row": 58
    },
    "message": "Line too long (84 > 79)",
    "name": "line-too-long",
    "noqa_row": 58,
    "severity": "error",
    "url": "https://docs.astral.sh/ruff/rules/line-too-long"
  },
  {
    "cell": null,
    "code": "E501",
    "end_location": {
      "column": 81,
      "row": 60
    },
    "filename": "C:\\Users\\pc01\\source\\repos\\image-downloader\\src\\image_downloader\\configuration\\models.py",
    "fix": null,
    "location": {
      "column": 80,
      "row": 60
    },
    "message": "Line too long (80 > 79)",
    "name": "line-too-long",
    "noqa_row": 60,
    "severity": "error",
    "url": "https://docs.astral.sh/ruff/rules/line-too-long"
  },
  {
    "cell": null,
    "code": "E501",
    "end_location": {
      "column": 83,
      "row": 73
    },
    "filename": "C:\\Users\\pc01\\source\\repos\\image-downloader\\src\\image_downloader\\configuration\\models.py",
    "fix": null,
    "location": {
      "column": 80,
      "row": 73
    },
    "message": "Line too long (82 > 79)",
    "name": "line-too-long",
    "noqa_row": 73,
    "severity": "error",
    "url": "https://docs.astral.sh/ruff/rules/line-too-long"
  },
  {
    "cell": null,
    "code": "E501",
    "end_location": {
      "column": 113,
      "row": 79
    },
    "filename": "C:\\Users\\pc01\\source\\repos\\image-downloader\\src\\image_downloader\\configuration\\models.py",
    "fix": null,
    "location": {
      "column": 80,
      "row": 79
    },
    "message": "Line too long (112 > 79)",
    "name": "line-too-long",
    "noqa_row": 79,
    "severity": "error",
    "url": "https://docs.astral.sh/ruff/rules/line-too-long"
  },
  {
    "cell": null,
    "code": "E501",
    "end_location": {
      "column": 110,
      "row": 81
    },
    "filename": "C:\\Users\\pc01\\source\\repos\\image-downloader\\src\\image_downloader\\configuration\\models.py",
    "fix": null,
    "location": {
      "column": 80,
      "row": 81
    },
    "message": "Line too long (109 > 79)",
    "name": "line-too-long",
    "noqa_row": 81,
    "severity": "error",
    "url": "https://docs.astral.sh/ruff/rules/line-too-long"
  },
  {
    "cell": null,
    "code": "E501",
    "end_location": {
      "column": 86,
      "row": 82
    },
    "filename": "C:\\Users\\pc01\\source\\repos\\image-downloader\\src\\image_downloader\\configuration\\models.py",
    "fix": null,
    "location": {
      "column": 80,
      "row": 82
    },
    "message": "Line too long (85 > 79)",
    "name": "line-too-long",
    "noqa_row": 82,
    "severity": "error",
    "url": "https://docs.astral.sh/ruff/rules/line-too-long"
  },
  {
    "cell": null,
    "code": "E501",
    "end_location": {
      "column": 89,
      "row": 86
    },
    "filename": "C:\\Users\\pc01\\source\\repos\\image-downloader\\src\\image_downloader\\configuration\\models.py",
    "fix": null,
    "location": {
      "column": 80,
      "row": 86
    },
    "message": "Line too long (88 > 79)",
    "name": "line-too-long",
    "noqa_row": 86,
    "severity": "error",
    "url": "https://docs.astral.sh/ruff/rules/line-too-long"
  },
  {
    "cell": null,
    "code": "E501",
    "end_location": {
      "column": 81,
      "row": 125
    },
    "filename": "C:\\Users\\pc01\\source\\repos\\image-downloader\\src\\image_downloader\\configuration\\models.py",
    "fix": null,
    "location": {
      "column": 80,
      "row": 125
    },
    "message": "Line too long (80 > 79)",
    "name": "line-too-long",
    "noqa_row": 125,
    "severity": "error",
    "url": "https://docs.astral.sh/ruff/rules/line-too-long"
  },
  {
    "cell": null,
    "code": "E501",
    "end_location": {
      "column": 121,
      "row": 141
    },
    "filename": "C:\\Users\\pc01\\source\\repos\\image-downloader\\src\\image_downloader\\configuration\\models.py",
    "fix": null,
    "location": {
      "column": 80,
      "row": 141
    },
    "message": "Line too long (120 > 79)",
    "name": "line-too-long",
    "noqa_row": 141,
    "severity": "error",
    "url": "https://docs.astral.sh/ruff/rules/line-too-long"
  },
  {
    "cell": null,
    "code": "E501",
    "end_location": {
      "column": 95,
      "row": 146
    },
    "filename": "C:\\Users\\pc01\\source\\repos\\image-downloader\\src\\image_downloader\\configuration\\models.py",
    "fix": null,
    "location": {
      "column": 80,
      "row": 146
    },
    "message": "Line too long (94 > 79)",
    "name": "line-too-long",
    "noqa_row": 146,
    "severity": "error",
    "url": "https://docs.astral.sh/ruff/rules/line-too-long"
  },
  {
    "cell": null,
    "code": "E501",
    "end_location": {
      "column": 101,
      "row": 149
    },
    "filename": "C:\\Users\\pc01\\source\\repos\\image-downloader\\src\\image_downloader\\configuration\\models.py",
    "fix": null,
    "location": {
      "column": 80,
      "row": 149
    },
    "message": "Line too long (100 > 79)",
    "name": "line-too-long",
    "noqa_row": 149,
    "severity": "error",
    "url": "https://docs.astral.sh/ruff/rules/line-too-long"
  },
  {
    "cell": null,
    "code": "E501",
    "end_location": {
      "column": 104,
      "row": 204
    },
    "filename": "C:\\Users\\pc01\\source\\repos\\image-downloader\\src\\image_downloader\\configuration\\models.py",
    "fix": null,
    "location": {
      "column": 80,
      "row": 204
    },
    "message": "Line too long (103 > 79)",
    "name": "line-too-long",
    "noqa_row": 204,
    "severity": "error",
    "url": "https://docs.astral.sh/ruff/rules/line-too-long"
  },
  {
    "cell": null,
    "code": "E501",
    "end_location": {
      "column": 115,
      "row": 209
    },
    "filename": "C:\\Users\\pc01\\source\\repos\\image-downloader\\src\\image_downloader\\configuration\\models.py",
    "fix": null,
    "location": {
      "column": 80,
      "row": 209
    },
    "message": "Line too long (114 > 79)",
    "name": "line-too-long",
    "noqa_row": 209,
    "severity": "error",
    "url": "https://docs.astral.sh/ruff/rules/line-too-long"
  },
  {
    "cell": null,
    "code": "E501",
    "end_location": {
      "column": 121,
      "row": 214
    },
    "filename": "C:\\Users\\pc01\\source\\repos\\image-downloader\\src\\image_downloader\\configuration\\models.py",
    "fix": null,
    "location": {
      "column": 80,
      "row": 214
    },
    "message": "Line too long (120 > 79)",
    "name": "line-too-long",
    "noqa_row": 214,
    "severity": "error",
    "url": "https://docs.astral.sh/ruff/rules/line-too-long"
  },
  {
    "cell": null,
    "code": "E501",
    "end_location": {
      "column": 81,
      "row": 218
    },
    "filename": "C:\\Users\\pc01\\source\\repos\\image-downloader\\src\\image_downloader\\configuration\\models.py",
    "fix": null,
    "location": {
      "column": 80,
      "row": 218
    },
    "message": "Line too long (80 > 79)",
    "name": "line-too-long",
    "noqa_row": 218,
    "severity": "error",
    "url": "https://docs.astral.sh/ruff/rules/line-too-long"
  },
  {
    "cell": null,
    "code": "E501",
    "end_location": {
      "column": 88,
      "row": 230
    },
    "filename": "C:\\Users\\pc01\\source\\repos\\image-downloader\\src\\image_downloader\\configuration\\models.py",
    "fix": null,
    "location": {
      "column": 80,
      "row": 230
    },
    "message": "Line too long (87 > 79)",
    "name": "line-too-long",
    "noqa_row": 230,
    "severity": "error",
    "url": "https://docs.astral.sh/ruff/rules/line-too-long"
  },
  {
    "cell": null,
    "code": "E501",
    "end_location": {
      "column": 95,
      "row": 239
    },
    "filename": "C:\\Users\\pc01\\source\\repos\\image-downloader\\src\\image_downloader\\configuration\\models.py",
    "fix": null,
    "location": {
      "column": 80,
      "row": 239
    },
    "message": "Line too long (94 > 79)",
    "name": "line-too-long",
    "noqa_row": 239,
    "severity": "error",
    "url": "https://docs.astral.sh/ruff/rules/line-too-long"
  },
  {
    "cell": null,
    "code": "E501",
    "end_location": {
      "column": 103,
      "row": 279
    },
    "filename": "C:\\Users\\pc01\\source\\repos\\image-downloader\\src\\image_downloader\\configuration\\models.py",
    "fix": null,
    "location": {
      "column": 80,
      "row": 279
    },
    "message": "Line too long (102 > 79)",
    "name": "line-too-long",
    "noqa_row": 279,
    "severity": "error",
    "url": "https://docs.astral.sh/ruff/rules/line-too-long"
  },
  {
    "cell": null,
    "code": "E501",
    "end_location": {
      "column": 100,
      "row": 284
    },
    "filename": "C:\\Users\\pc01\\source\\repos\\image-downloader\\src\\image_downloader\\configuration\\models.py",
    "fix": null,
    "location": {
      "column": 80,
      "row": 284
    },
    "message": "Line too long (99 > 79)",
    "name": "line-too-long",
    "noqa_row": 284,
    "severity": "error",
    "url": "https://docs.astral.sh/ruff/rules/line-too-long"
  },
  {
    "cell": null,
    "code": "E501",
    "end_location": {
      "column": 118,
      "row": 290
    },
    "filename": "C:\\Users\\pc01\\source\\repos\\image-downloader\\src\\image_downloader\\configuration\\models.py",
    "fix": null,
    "location": {
      "column": 80,
      "row": 290
    },
    "message": "Line too long (117 > 79)",
    "name": "line-too-long",
    "noqa_row": 290,
    "severity": "error",
    "url": "https://docs.astral.sh/ruff/rules/line-too-long"
  },
  {
    "cell": null,
    "code": "E501",
    "end_location": {
      "column": 86,
      "row": 292
    },
    "filename": "C:\\Users\\pc01\\source\\repos\\image-downloader\\src\\image_downloader\\configuration\\models.py",
    "fix": null,
    "location": {
      "column": 80,
      "row": 292
    },
    "message": "Line too long (85 > 79)",
    "name": "line-too-long",
    "noqa_row": 292,
    "severity": "error",
    "url": "https://docs.astral.sh/ruff/rules/line-too-long"
  },
  {
    "cell": null,
    "code": "E501",
    "end_location": {
      "column": 97,
      "row": 299
    },
    "filename": "C:\\Users\\pc01\\source\\repos\\image-downloader\\src\\image_downloader\\configuration\\models.py",
    "fix": null,
    "location": {
      "column": 80,
      "row": 299
    },
    "message": "Line too long (96 > 79)",
    "name": "line-too-long",
    "noqa_row": 299,
    "severity": "error",
    "url": "https://docs.astral.sh/ruff/rules/line-too-long"
  },
  {
    "cell": null,
    "code": "E501",
    "end_location": {
      "column": 83,
      "row": 308
    },
    "filename": "C:\\Users\\pc01\\source\\repos\\image-downloader\\src\\image_downloader\\configuration\\models.py",
    "fix": null,
    "location": {
      "column": 80,
      "row": 308
    },
    "message": "Line too long (82 > 79)",
    "name": "line-too-long",
    "noqa_row": 308,
    "severity": "error",
    "url": "https://docs.astral.sh/ruff/rules/line-too-long"
  },
  {
    "cell": null,
    "code": "E501",
    "end_location": {
      "column": 81,
      "row": 334
    },
    "filename": "C:\\Users\\pc01\\source\\repos\\image-downloader\\src\\image_downloader\\configuration\\models.py",
    "fix": null,
    "location": {
      "column": 80,
      "row": 334
    },
    "message": "Line too long (80 > 79)",
    "name": "line-too-long",
    "noqa_row": 334,
    "severity": "error",
    "url": "https://docs.astral.sh/ruff/rules/line-too-long"
  },
  {
    "cell": null,
    "code": "E501",
    "end_location": {
      "column": 95,
      "row": 346
    },
    "filename": "C:\\Users\\pc01\\source\\repos\\image-downloader\\src\\image_downloader\\configuration\\models.py",
    "fix": null,
    "location": {
      "column": 80,
      "row": 346
    },
    "message": "Line too long (94 > 79)",
    "name": "line-too-long",
    "noqa_row": 346,
    "severity": "error",
    "url": "https://docs.astral.sh/ruff/rules/line-too-long"
  },
  {
    "cell": null,
    "code": "E501",
    "end_location": {
      "column": 83,
      "row": 348
    },
    "filename": "C:\\Users\\pc01\\source\\repos\\image-downloader\\src\\image_downloader\\configuration\\models.py",
    "fix": null,
    "location": {
      "column": 80,
      "row": 348
    },
    "message": "Line too long (82 > 79)",
    "name": "line-too-long",
    "noqa_row": 348,
    "severity": "error",
    "url": "https://docs.astral.sh/ruff/rules/line-too-long"
  },
  {
    "cell": null,
    "code": "E501",
    "end_location": {
      "column": 87,
      "row": 352
    },
    "filename": "C:\\Users\\pc01\\source\\repos\\image-downloader\\src\\image_downloader\\configuration\\models.py",
    "fix": null,
    "location": {
      "column": 80,
      "row": 352
    },
    "message": "Line too long (86 > 79)",
    "name": "line-too-long",
    "noqa_row": 352,
    "severity": "error",
    "url": "https://docs.astral.sh/ruff/rules/line-too-long"
  },
  {
    "cell": null,
    "code": "E501",
    "end_location": {
      "column": 90,
      "row": 16
    },
    "filename": "C:\\Users\\pc01\\source\\repos\\image-downloader\\src\\image_downloader\\configuration\\paths.py",
    "fix": null,
    "location": {
      "column": 80,
      "row": 16
    },
    "message": "Line too long (89 > 79)",
    "name": "line-too-long",
    "noqa_row": 16,
    "severity": "error",
    "url": "https://docs.astral.sh/ruff/rules/line-too-long"
  },
  {
    "cell": null,
    "code": "E501",
    "end_location": {
      "column": 85,
      "row": 33
    },
    "filename": "C:\\Users\\pc01\\source\\repos\\image-downloader\\src\\image_downloader\\configuration\\paths.py",
    "fix": null,
    "location": {
      "column": 80,
      "row": 33
    },
    "message": "Line too long (84 > 79)",
    "name": "line-too-long",
    "noqa_row": 33,
    "severity": "error",
    "url": "https://docs.astral.sh/ruff/rules/line-too-long"
  },
  {
    "cell": null,
    "code": "E501",
    "end_location": {
      "column": 83,
      "row": 37
    },
    "filename": "C:\\Users\\pc01\\source\\repos\\image-downloader\\src\\image_downloader\\configuration\\paths.py",
    "fix": null,
    "location": {
      "column": 80,
      "row": 37
    },
    "message": "Line too long (82 > 79)",
    "name": "line-too-long",
    "noqa_row": 37,
    "severity": "error",
    "url": "https://docs.astral.sh/ruff/rules/line-too-long"
  },
  {
    "cell": null,
    "code": "E501",
    "end_location": {
      "column": 96,
      "row": 39
    },
    "filename": "C:\\Users\\pc01\\source\\repos\\image-downloader\\src\\image_downloader\\configuration\\paths.py",
    "fix": null,
    "location": {
      "column": 80,
      "row": 39
    },
    "message": "Line too long (95 > 79)",
    "name": "line-too-long",
    "noqa_row": 39,
    "severity": "error",
    "url": "https://docs.astral.sh/ruff/rules/line-too-long"
  },
  {
    "cell": null,
    "code": "E501",
    "end_location": {
      "column": 91,
      "row": 58
    },
    "filename": "C:\\Users\\pc01\\source\\repos\\image-downloader\\src\\image_downloader\\configuration\\paths.py",
    "fix": null,
    "location": {
      "column": 80,
      "row": 58
    },
    "message": "Line too long (90 > 79)",
    "name": "line-too-long",
    "noqa_row": 58,
    "severity": "error",
    "url": "https://docs.astral.sh/ruff/rules/line-too-long"
  },
  {
    "cell": null,
    "code": "E501",
    "end_location": {
      "column": 97,
      "row": 21
    },
    "filename": "C:\\Users\\pc01\\source\\repos\\image-downloader\\src\\image_downloader\\credentials\\plugin_secrets.py",
    "fix": null,
    "location": {
      "column": 80,
      "row": 21
    },
    "message": "Line too long (96 > 79)",
    "name": "line-too-long",
    "noqa_row": 21,
    "severity": "error",
    "url": "https://docs.astral.sh/ruff/rules/line-too-long"
  },
  {
    "cell": null,
    "code": "E501",
    "end_location": {
      "column": 95,
      "row": 22
    },
    "filename": "C:\\Users\\pc01\\source\\repos\\image-downloader\\src\\image_downloader\\credentials\\plugin_secrets.py",
    "fix": null,
    "location": {
      "column": 80,
      "row": 22
    },
    "message": "Line too long (94 > 79)",
    "name": "line-too-long",
    "noqa_row": 22,
    "severity": "error",
    "url": "https://docs.astral.sh/ruff/rules/line-too-long"
  },
  {
    "cell": null,
    "code": "E501",
    "end_location": {
      "column": 83,
      "row": 23
    },
    "filename": "C:\\Users\\pc01\\source\\repos\\image-downloader\\src\\image_downloader\\credentials\\plugin_secrets.py",
    "fix": null,
    "location": {
      "column": 80,
      "row": 23
    },
    "message": "Line too long (82 > 79)",
    "name": "line-too-long",
    "noqa_row": 23,
    "severity": "error",
    "url": "https://docs.astral.sh/ruff/rules/line-too-long"
  },
  {
    "cell": null,
    "code": "E501",
    "end_location": {
      "column": 84,
      "row": 26
    },
    "filename": "C:\\Users\\pc01\\source\\repos\\image-downloader\\src\\image_downloader\\credentials\\plugin_secrets.py",
    "fix": null,
    "location": {
      "column": 80,
      "row": 26
    },
    "message": "Line too long (83 > 79)",
    "name": "line-too-long",
    "noqa_row": 26,
    "severity": "error",
    "url": "https://docs.astral.sh/ruff/rules/line-too-long"
  },
  {
    "cell": null,
    "code": "E501",
    "end_location": {
      "column": 81,
      "row": 32
    },
    "filename": "C:\\Users\\pc01\\source\\repos\\image-downloader\\src\\image_downloader\\diagnostics.py",
    "fix": null,
    "location": {
      "column": 80,
      "row": 32
    },
    "message": "Line too long (80 > 79)",
    "name": "line-too-long",
    "noqa_row": 32,
    "severity": "error",
    "url": "https://docs.astral.sh/ruff/rules/line-too-long"
  },
  {
    "cell": null,
    "code": "E501",
    "end_location": {
      "column": 94,
      "row": 34
    },
    "filename": "C:\\Users\\pc01\\source\\repos\\image-downloader\\src\\image_downloader\\diagnostics.py",
    "fix": null,
    "location": {
      "column": 80,
      "row": 34
    },
    "message": "Line too long (93 > 79)",
    "name": "line-too-long",
    "noqa_row": 34,
    "severity": "error",
    "url": "https://docs.astral.sh/ruff/rules/line-too-long"
  },
  {
    "cell": null,
    "code": "E501",
    "end_location": {
      "column": 91,
      "row": 38
    },
    "filename": "C:\\Users\\pc01\\source\\repos\\image-downloader\\src\\image_downloader\\diagnostics.py",
    "fix": null,
    "location": {
      "column": 80,
      "row": 38
    },
    "message": "Line too long (90 > 79)",
    "name": "line-too-long",
    "noqa_row": 38,
    "severity": "error",
    "url": "https://docs.astral.sh/ruff/rules/line-too-long"
  },
  {
    "cell": null,
    "code": "E501",
    "end_location": {
      "column": 94,
      "row": 40
    },
    "filename": "C:\\Users\\pc01\\source\\repos\\image-downloader\\src\\image_downloader\\diagnostics.py",
    "fix": null,
    "location": {
      "column": 80,
      "row": 40
    },
    "message": "Line too long (93 > 79)",
    "name": "line-too-long",
    "noqa_row": 40,
    "severity": "error",
    "url": "https://docs.astral.sh/ruff/rules/line-too-long"
  },
  {
    "cell": null,
    "code": "E501",
    "end_location": {
      "column": 83,
      "row": 45
    },
    "filename": "C:\\Users\\pc01\\source\\repos\\image-downloader\\src\\image_downloader\\diagnostics.py",
    "fix": null,
    "location": {
      "column": 80,
      "row": 45
    },
    "message": "Line too long (82 > 79)",
    "name": "line-too-long",
    "noqa_row": 45,
    "severity": "error",
    "url": "https://docs.astral.sh/ruff/rules/line-too-long"
  },
  {
    "cell": null,
    "code": "E501",
    "end_location": {
      "column": 96,
      "row": 47
    },
    "filename": "C:\\Users\\pc01\\source\\repos\\image-downloader\\src\\image_downloader\\diagnostics.py",
    "fix": null,
    "location": {
      "column": 80,
      "row": 47
    },
    "message": "Line too long (95 > 79)",
    "name": "line-too-long",
    "noqa_row": 47,
    "severity": "error",
    "url": "https://docs.astral.sh/ruff/rules/line-too-long"
  },
  {
    "cell": null,
    "code": "E501",
    "end_location": {
      "column": 81,
      "row": 50
    },
    "filename": "C:\\Users\\pc01\\source\\repos\\image-downloader\\src\\image_downloader\\diagnostics.py",
    "fix": null,
    "location": {
      "column": 80,
      "row": 50
    },
    "message": "Line too long (80 > 79)",
    "name": "line-too-long",
    "noqa_row": 50,
    "severity": "error",
    "url": "https://docs.astral.sh/ruff/rules/line-too-long"
  },
  {
    "cell": null,
    "code": "E501",
    "end_location": {
      "column": 84,
      "row": 53
    },
    "filename": "C:\\Users\\pc01\\source\\repos\\image-downloader\\src\\image_downloader\\diagnostics.py",
    "fix": null,
    "location": {
      "column": 80,
      "row": 53
    },
    "message": "Line too long (83 > 79)",
    "name": "line-too-long",
    "noqa_row": 53,
    "severity": "error",
    "url": "https://docs.astral.sh/ruff/rules/line-too-long"
  },
  {
    "cell": null,
    "code": "E501",
    "end_location": {
      "column": 97,
      "row": 63
    },
    "filename": "C:\\Users\\pc01\\source\\repos\\image-downloader\\src\\image_downloader\\diagnostics.py",
    "fix": null,
    "location": {
      "column": 80,
      "row": 63
    },
    "message": "Line too long (96 > 79)",
    "name": "line-too-long",
    "noqa_row": 63,
    "severity": "error",
    "url": "https://docs.astral.sh/ruff/rules/line-too-long"
  },
  {
    "cell": null,
    "code": "E501",
    "end_location": {
      "column": 82,
      "row": 76
    },
    "filename": "C:\\Users\\pc01\\source\\repos\\image-downloader\\src\\image_downloader\\diagnostics.py",
    "fix": null,
    "location": {
      "column": 80,
      "row": 76
    },
    "message": "Line too long (81 > 79)",
    "name": "line-too-long",
    "noqa_row": 76,
    "severity": "error",
    "url": "https://docs.astral.sh/ruff/rules/line-too-long"
  },
  {
    "cell": null,
    "code": "E501",
    "end_location": {
      "column": 90,
      "row": 79
    },
    "filename": "C:\\Users\\pc01\\source\\repos\\image-downloader\\src\\image_downloader\\diagnostics.py",
    "fix": null,
    "location": {
      "column": 80,
      "row": 79
    },
    "message": "Line too long (89 > 79)",
    "name": "line-too-long",
    "noqa_row": 79,
    "severity": "error",
    "url": "https://docs.astral.sh/ruff/rules/line-too-long"
  },
  {
    "cell": null,
    "code": "E501",
    "end_location": {
      "column": 114,
      "row": 82
    },
    "filename": "C:\\Users\\pc01\\source\\repos\\image-downloader\\src\\image_downloader\\diagnostics.py",
    "fix": null,
    "location": {
      "column": 80,
      "row": 82
    },
    "message": "Line too long (113 > 79)",
    "name": "line-too-long",
    "noqa_row": 82,
    "severity": "error",
    "url": "https://docs.astral.sh/ruff/rules/line-too-long"
  },
  {
    "cell": null,
    "code": "E501",
    "end_location": {
      "column": 100,
      "row": 92
    },
    "filename": "C:\\Users\\pc01\\source\\repos\\image-downloader\\src\\image_downloader\\diagnostics.py",
    "fix": null,
    "location": {
      "column": 80,
      "row": 92
    },
    "message": "Line too long (99 > 79)",
    "name": "line-too-long",
    "noqa_row": 92,
    "severity": "error",
    "url": "https://docs.astral.sh/ruff/rules/line-too-long"
  },
  {
    "cell": null,
    "code": "E501",
    "end_location": {
      "column": 82,
      "row": 111
    },
    "filename": "C:\\Users\\pc01\\source\\repos\\image-downloader\\src\\image_downloader\\diagnostics.py",
    "fix": null,
    "location": {
      "column": 80,
      "row": 111
    },
    "message": "Line too long (81 > 79)",
    "name": "line-too-long",
    "noqa_row": 111,
    "severity": "error",
    "url": "https://docs.astral.sh/ruff/rules/line-too-long"
  },
  {
    "cell": null,
    "code": "E501",
    "end_location": {
      "column": 90,
      "row": 120
    },
    "filename": "C:\\Users\\pc01\\source\\repos\\image-downloader\\src\\image_downloader\\diagnostics.py",
    "fix": null,
    "location": {
      "column": 80,
      "row": 120
    },
    "message": "Line too long (89 > 79)",
    "name": "line-too-long",
    "noqa_row": 120,
    "severity": "error",
    "url": "https://docs.astral.sh/ruff/rules/line-too-long"
  },
  {
    "cell": null,
    "code": "E501",
    "end_location": {
      "column": 108,
      "row": 131
    },
    "filename": "C:\\Users\\pc01\\source\\repos\\image-downloader\\src\\image_downloader\\diagnostics.py",
    "fix": null,
    "location": {
      "column": 80,
      "row": 131
    },
    "message": "Line too long (107 > 79)",
    "name": "line-too-long",
    "noqa_row": 131,
    "severity": "error",
    "url": "https://docs.astral.sh/ruff/rules/line-too-long"
  },
  {
    "cell": null,
    "code": "E501",
    "end_location": {
      "column": 115,
      "row": 135
    },
    "filename": "C:\\Users\\pc01\\source\\repos\\image-downloader\\src\\image_downloader\\diagnostics.py",
    "fix": null,
    "location": {
      "column": 80,
      "row": 135
    },
    "message": "Line too long (114 > 79)",
    "name": "line-too-long",
    "noqa_row": 135,
    "severity": "error",
    "url": "https://docs.astral.sh/ruff/rules/line-too-long"
  },
  {
    "cell": null,
    "code": "E501",
    "end_location": {
      "column": 88,
      "row": 149
    },
    "filename": "C:\\Users\\pc01\\source\\repos\\image-downloader\\src\\image_downloader\\diagnostics.py",
    "fix": null,
    "location": {
      "column": 80,
      "row": 149
    },
    "message": "Line too long (87 > 79)",
    "name": "line-too-long",
    "noqa_row": 149,
    "severity": "error",
    "url": "https://docs.astral.sh/ruff/rules/line-too-long"
  },
  {
    "cell": null,
    "code": "N818",
    "end_location": {
      "column": 29,
      "row": 53
    },
    "filename": "C:\\Users\\pc01\\source\\repos\\image-downloader\\src\\image_downloader\\exceptions.py",
    "fix": null,
    "location": {
      "column": 7,
      "row": 53
    },
    "message": "Exception name `UnsupportedSiteFeature` should be named with an Error suffix",
    "name": "error-suffix-on-exception-name",
    "noqa_row": 53,
    "severity": "error",
    "url": "https://docs.astral.sh/ruff/rules/error-suffix-on-exception-name"
  },
  {
    "cell": null,
    "code": "N818",
    "end_location": {
      "column": 21,
      "row": 65
    },
    "filename": "C:\\Users\\pc01\\source\\repos\\image-downloader\\src\\image_downloader\\exceptions.py",
    "fix": null,
    "location": {
      "column": 7,
      "row": 65
    },
    "message": "Exception name `SecretNotFound` should be named with an Error suffix",
    "name": "error-suffix-on-exception-name",
    "noqa_row": 65,
    "severity": "error",
    "url": "https://docs.astral.sh/ruff/rules/error-suffix-on-exception-name"
  },
  {
    "cell": null,
    "code": "E501",
    "end_location": {
      "column": 81,
      "row": 86
    },
    "filename": "C:\\Users\\pc01\\source\\repos\\image-downloader\\src\\image_downloader\\exceptions.py",
    "fix": null,
    "location": {
      "column": 80,
      "row": 86
    },
    "message": "Line too long (80 > 79)",
    "name": "line-too-long",
    "noqa_row": 86,
    "severity": "error",
    "url": "https://docs.astral.sh/ruff/rules/line-too-long"
  },
  {
    "cell": null,
    "code": "E501",
    "end_location": {
      "column": 83,
      "row": 109
    },
    "filename": "C:\\Users\\pc01\\source\\repos\\image-downloader\\src\\image_downloader\\exceptions.py",
    "fix": null,
    "location": {
      "column": 80,
      "row": 109
    },
    "message": "Line too long (82 > 79)",
    "name": "line-too-long",
    "noqa_row": 109,
    "severity": "error",
    "url": "https://docs.astral.sh/ruff/rules/line-too-long"
  },
  {
    "cell": null,
    "code": "E501",
    "end_location": {
      "column": 81,
      "row": 193
    },
    "filename": "C:\\Users\\pc01\\source\\repos\\image-downloader\\src\\image_downloader\\exceptions.py",
    "fix": null,
    "location": {
      "column": 80,
      "row": 193
    },
    "message": "Line too long (80 > 79)",
    "name": "line-too-long",
    "noqa_row": 193,
    "severity": "error",
    "url": "https://docs.astral.sh/ruff/rules/line-too-long"
  },
  {
    "cell": null,
    "code": "E501",
    "end_location": {
      "column": 85,
      "row": 196
    },
    "filename": "C:\\Users\\pc01\\source\\repos\\image-downloader\\src\\image_downloader\\exceptions.py",
    "fix": null,
    "location": {
      "column": 80,
      "row": 196
    },
    "message": "Line too long (84 > 79)",
    "name": "line-too-long",
    "noqa_row": 196,
    "severity": "error",
    "url": "https://docs.astral.sh/ruff/rules/line-too-long"
  },
  {
    "cell": null,
    "code": "E501",
    "end_location": {
      "column": 108,
      "row": 256
    },
    "filename": "C:\\Users\\pc01\\source\\repos\\image-downloader\\src\\image_downloader\\exceptions.py",
    "fix": null,
    "location": {
      "column": 80,
      "row": 256
    },
    "message": "Line too long (107 > 79)",
    "name": "line-too-long",
    "noqa_row": 256,
    "severity": "error",
    "url": "https://docs.astral.sh/ruff/rules/line-too-long"
  },
  {
    "cell": null,
    "code": "E501",
    "end_location": {
      "column": 95,
      "row": 257
    },
    "filename": "C:\\Users\\pc01\\source\\repos\\image-downloader\\src\\image_downloader\\exceptions.py",
    "fix": null,
    "location": {
      "column": 80,
      "row": 257
    },
    "message": "Line too long (94 > 79)",
    "name": "line-too-long",
    "noqa_row": 257,
    "severity": "error",
    "url": "https://docs.astral.sh/ruff/rules/line-too-long"
  },
  {
    "cell": null,
    "code": "E501",
    "end_location": {
      "column": 107,
      "row": 275
    },
    "filename": "C:\\Users\\pc01\\source\\repos\\image-downloader\\src\\image_downloader\\exceptions.py",
    "fix": null,
    "location": {
      "column": 80,
      "row": 275
    },
    "message": "Line too long (106 > 79)",
    "name": "line-too-long",
    "noqa_row": 275,
    "severity": "error",
    "url": "https://docs.astral.sh/ruff/rules/line-too-long"
  },
  {
    "cell": null,
    "code": "E501",
    "end_location": {
      "column": 119,
      "row": 299
    },
    "filename": "C:\\Users\\pc01\\source\\repos\\image-downloader\\src\\image_downloader\\exceptions.py",
    "fix": null,
    "location": {
      "column": 80,
      "row": 299
    },
    "message": "Line too long (118 > 79)",
    "name": "line-too-long",
    "noqa_row": 299,
    "severity": "error",
    "url": "https://docs.astral.sh/ruff/rules/line-too-long"
  },
  {
    "cell": null,
    "code": "E501",
    "end_location": {
      "column": 102,
      "row": 300
    },
    "filename": "C:\\Users\\pc01\\source\\repos\\image-downloader\\src\\image_downloader\\exceptions.py",
    "fix": null,
    "location": {
      "column": 80,
      "row": 300
    },
    "message": "Line too long (101 > 79)",
    "name": "line-too-long",
    "noqa_row": 300,
    "severity": "error",
    "url": "https://docs.astral.sh/ruff/rules/line-too-long"
  },
  {
    "cell": null,
    "code": "E501",
    "end_location": {
      "column": 83,
      "row": 301
    },
    "filename": "C:\\Users\\pc01\\source\\repos\\image-downloader\\src\\image_downloader\\exceptions.py",
    "fix": null,
    "location": {
      "column": 80,
      "row": 301
    },
    "message": "Line too long (82 > 79)",
    "name": "line-too-long",
    "noqa_row": 301,
    "severity": "error",
    "url": "https://docs.astral.sh/ruff/rules/line-too-long"
  },
  {
    "cell": null,
    "code": "E501",
    "end_location": {
      "column": 119,
      "row": 302
    },
    "filename": "C:\\Users\\pc01\\source\\repos\\image-downloader\\src\\image_downloader\\exceptions.py",
    "fix": null,
    "location": {
      "column": 80,
      "row": 302
    },
    "message": "Line too long (118 > 79)",
    "name": "line-too-long",
    "noqa_row": 302,
    "severity": "error",
    "url": "https://docs.astral.sh/ruff/rules/line-too-long"
  },
  {
    "cell": null,
    "code": "E501",
    "end_location": {
      "column": 105,
      "row": 303
    },
    "filename": "C:\\Users\\pc01\\source\\repos\\image-downloader\\src\\image_downloader\\exceptions.py",
    "fix": null,
    "location": {
      "column": 80,
      "row": 303
    },
    "message": "Line too long (104 > 79)",
    "name": "line-too-long",
    "noqa_row": 303,
    "severity": "error",
    "url": "https://docs.astral.sh/ruff/rules/line-too-long"
  },
  {
    "cell": null,
    "code": "E501",
    "end_location": {
      "column": 85,
      "row": 308
    },
    "filename": "C:\\Users\\pc01\\source\\repos\\image-downloader\\src\\image_downloader\\exceptions.py",
    "fix": null,
    "location": {
      "column": 80,
      "row": 308
    },
    "message": "Line too long (84 > 79)",
    "name": "line-too-long",
    "noqa_row": 308,
    "severity": "error",
    "url": "https://docs.astral.sh/ruff/rules/line-too-long"
  },
  {
    "cell": null,
    "code": "E501",
    "end_location": {
      "column": 85,
      "row": 317
    },
    "filename": "C:\\Users\\pc01\\source\\repos\\image-downloader\\src\\image_downloader\\exceptions.py",
    "fix": null,
    "location": {
      "column": 80,
      "row": 317
    },
    "message": "Line too long (84 > 79)",
    "name": "line-too-long",
    "noqa_row": 317,
    "severity": "error",
    "url": "https://docs.astral.sh/ruff/rules/line-too-long"
  },
  {
    "cell": null,
    "code": "E501",
    "end_location": {
      "column": 115,
      "row": 319
    },
    "filename": "C:\\Users\\pc01\\source\\repos\\image-downloader\\src\\image_downloader\\exceptions.py",
    "fix": null,
    "location": {
      "column": 80,
      "row": 319
    },
    "message": "Line too long (114 > 79)",
    "name": "line-too-long",
    "noqa_row": 319,
    "severity": "error",
    "url": "https://docs.astral.sh/ruff/rules/line-too-long"
  },
  {
    "cell": null,
    "code": "E501",
    "end_location": {
      "column": 101,
      "row": 320
    },
    "filename": "C:\\Users\\pc01\\source\\repos\\image-downloader\\src\\image_downloader\\exceptions.py",
    "fix": null,
    "location": {
      "column": 80,
      "row": 320
    },
    "message": "Line too long (100 > 79)",
    "name": "line-too-long",
    "noqa_row": 320,
    "severity": "error",
    "url": "https://docs.astral.sh/ruff/rules/line-too-long"
  },
  {
    "cell": null,
    "code": "E501",
    "end_location": {
      "column": 95,
      "row": 328
    },
    "filename": "C:\\Users\\pc01\\source\\repos\\image-downloader\\src\\image_downloader\\exceptions.py",
    "fix": null,
    "location": {
      "column": 80,
      "row": 328
    },
    "message": "Line too long (94 > 79)",
    "name": "line-too-long",
    "noqa_row": 328,
    "severity": "error",
    "url": "https://docs.astral.sh/ruff/rules/line-too-long"
  },
  {
    "cell": null,
    "code": "E501",
    "end_location": {
      "column": 82,
      "row": 332
    },
    "filename": "C:\\Users\\pc01\\source\\repos\\image-downloader\\src\\image_downloader\\exceptions.py",
    "fix": null,
    "location": {
      "column": 80,
      "row": 332
    },
    "message": "Line too long (81 > 79)",
    "name": "line-too-long",
    "noqa_row": 332,
    "severity": "error",
    "url": "https://docs.astral.sh/ruff/rules/line-too-long"
  },
  {
    "cell": null,
    "code": "E501",
    "end_location": {
      "column": 94,
      "row": 334
    },
    "filename": "C:\\Users\\pc01\\source\\repos\\image-downloader\\src\\image_downloader\\exceptions.py",
    "fix": null,
    "location": {
      "column": 80,
      "row": 334
    },
    "message": "Line too long (93 > 79)",
    "name": "line-too-long",
    "noqa_row": 334,
    "severity": "error",
    "url": "https://docs.astral.sh/ruff/rules/line-too-long"
  },
  {
    "cell": null,
    "code": "E501",
    "end_location": {
      "column": 82,
      "row": 336
    },
    "filename": "C:\\Users\\pc01\\source\\repos\\image-downloader\\src\\image_downloader\\exceptions.py",
    "fix": null,
    "location": {
      "column": 80,
      "row": 336
    },
    "message": "Line too long (81 > 79)",
    "name": "line-too-long",
    "noqa_row": 336,
    "severity": "error",
    "url": "https://docs.astral.sh/ruff/rules/line-too-long"
  },
  {
    "cell": null,
    "code": "E501",
    "end_location": {
      "column": 102,
      "row": 337
    },
    "filename": "C:\\Users\\pc01\\source\\repos\\image-downloader\\src\\image_downloader\\exceptions.py",
    "fix": null,
    "location": {
      "column": 80,
      "row": 337
    },
    "message": "Line too long (101 > 79)",
    "name": "line-too-long",
    "noqa_row": 337,
    "severity": "error",
    "url": "https://docs.astral.sh/ruff/rules/line-too-long"
  },
  {
    "cell": null,
    "code": "E501",
    "end_location": {
      "column": 94,
      "row": 17
    },
    "filename": "C:\\Users\\pc01\\source\\repos\\image-downloader\\src\\image_downloader\\immutable.py",
    "fix": null,
    "location": {
      "column": 80,
      "row": 17
    },
    "message": "Line too long (93 > 79)",
    "name": "line-too-long",
    "noqa_row": 17,
    "severity": "error",
    "url": "https://docs.astral.sh/ruff/rules/line-too-long"
  },
  {
    "cell": null,
    "code": "E501",
    "end_location": {
      "column": 109,
      "row": 13
    },
    "filename": "C:\\Users\\pc01\\source\\repos\\image-downloader\\src\\image_downloader\\media\\artifact_pipeline.py",
    "fix": null,
    "location": {
      "column": 80,
      "row": 13
    },
    "message": "Line too long (108 > 79)",
    "name": "line-too-long",
    "noqa_row": 13,
    "severity": "error",
    "url": "https://docs.astral.sh/ruff/rules/line-too-long"
  },
  {
    "cell": null,
    "code": "E501",
    "end_location": {
      "column": 94,
      "row": 68
    },
    "filename": "C:\\Users\\pc01\\source\\repos\\image-downloader\\src\\image_downloader\\media\\artifact_pipeline.py",
    "fix": null,
    "location": {
      "column": 80,
      "row": 68
    },
    "message": "Line too long (93 > 79)",
    "name": "line-too-long",
    "noqa_row": 68,
    "severity": "error",
    "url": "https://docs.astral.sh/ruff/rules/line-too-long"
  },
  {
    "cell": null,
    "code": "E501",
    "end_location": {
      "column": 95,
      "row": 84
    },
    "filename": "C:\\Users\\pc01\\source\\repos\\image-downloader\\src\\image_downloader\\media\\artifact_pipeline.py",
    "fix": null,
    "location": {
      "column": 80,
      "row": 84
    },
    "message": "Line too long (94 > 79)",
    "name": "line-too-long",
    "noqa_row": 84,
    "severity": "error",
    "url": "https://docs.astral.sh/ruff/rules/line-too-long"
  },
  {
    "cell": null,
    "code": "E501",
    "end_location": {
      "column": 91,
      "row": 85
    },
    "filename": "C:\\Users\\pc01\\source\\repos\\image-downloader\\src\\image_downloader\\media\\artifact_pipeline.py",
    "fix": null,
    "location": {
      "column": 80,
      "row": 85
    },
    "message": "Line too long (90 > 79)",
    "name": "line-too-long",
    "noqa_row": 85,
    "severity": "error",
    "url": "https://docs.astral.sh/ruff/rules/line-too-long"
  },
  {
    "cell": null,
    "code": "E501",
    "end_location": {
      "column": 105,
      "row": 88
    },
    "filename": "C:\\Users\\pc01\\source\\repos\\image-downloader\\src\\image_downloader\\media\\artifact_pipeline.py",
    "fix": null,
    "location": {
      "column": 80,
      "row": 88
    },
    "message": "Line too long (104 > 79)",
    "name": "line-too-long",
    "noqa_row": 88,
    "severity": "error",
    "url": "https://docs.astral.sh/ruff/rules/line-too-long"
  },
  {
    "cell": null,
    "code": "E501",
    "end_location": {
      "column": 97,
      "row": 89
    },
    "filename": "C:\\Users\\pc01\\source\\repos\\image-downloader\\src\\image_downloader\\media\\artifact_pipeline.py",
    "fix": null,
    "location": {
      "column": 80,
      "row": 89
    },
    "message": "Line too long (96 > 79)",
    "name": "line-too-long",
    "noqa_row": 89,
    "severity": "error",
    "url": "https://docs.astral.sh/ruff/rules/line-too-long"
  },
  {
    "cell": null,
    "code": "E501",
    "end_location": {
      "column": 108,
      "row": 96
    },
    "filename": "C:\\Users\\pc01\\source\\repos\\image-downloader\\src\\image_downloader\\media\\artifact_pipeline.py",
    "fix": null,
    "location": {
      "column": 80,
      "row": 96
    },
    "message": "Line too long (107 > 79)",
    "name": "line-too-long",
    "noqa_row": 96,
    "severity": "error",
    "url": "https://docs.astral.sh/ruff/rules/line-too-long"
  },
  {
    "cell": null,
    "code": "E501",
    "end_location": {
      "column": 103,
      "row": 108
    },
    "filename": "C:\\Users\\pc01\\source\\repos\\image-downloader\\src\\image_downloader\\media\\artifact_pipeline.py",
    "fix": null,
    "location": {
      "column": 80,
      "row": 108
    },
    "message": "Line too long (102 > 79)",
    "name": "line-too-long",
    "noqa_row": 108,
    "severity": "error",
    "url": "https://docs.astral.sh/ruff/rules/line-too-long"
  },
  {
    "cell": null,
    "code": "E501",
    "end_location": {
      "column": 109,
      "row": 109
    },
    "filename": "C:\\Users\\pc01\\source\\repos\\image-downloader\\src\\image_downloader\\media\\artifact_pipeline.py",
    "fix": null,
    "location": {
      "column": 80,
      "row": 109
    },
    "message": "Line too long (108 > 79)",
    "name": "line-too-long",
    "noqa_row": 109,
    "severity": "error",
    "url": "https://docs.astral.sh/ruff/rules/line-too-long"
  },
  {
    "cell": null,
    "code": "E501",
    "end_location": {
      "column": 91,
      "row": 145
    },
    "filename": "C:\\Users\\pc01\\source\\repos\\image-downloader\\src\\image_downloader\\media\\artifact_pipeline.py",
    "fix": null,
    "location": {
      "column": 80,
      "row": 145
    },
    "message": "Line too long (90 > 79)",
    "name": "line-too-long",
    "noqa_row": 145,
    "severity": "error",
    "url": "https://docs.astral.sh/ruff/rules/line-too-long"
  },
  {
    "cell": null,
    "code": "E501",
    "end_location": {
      "column": 115,
      "row": 151
    },
    "filename": "C:\\Users\\pc01\\source\\repos\\image-downloader\\src\\image_downloader\\media\\artifact_pipeline.py",
    "fix": null,
    "location": {
      "column": 80,
      "row": 151
    },
    "message": "Line too long (114 > 79)",
    "name": "line-too-long",
    "noqa_row": 151,
    "severity": "error",
    "url": "https://docs.astral.sh/ruff/rules/line-too-long"
  },
  {
    "cell": null,
    "code": "E501",
    "end_location": {
      "column": 110,
      "row": 164
    },
    "filename": "C:\\Users\\pc01\\source\\repos\\image-downloader\\src\\image_downloader\\media\\artifact_pipeline.py",
    "fix": null,
    "location": {
      "column": 80,
      "row": 164
    },
    "message": "Line too long (109 > 79)",
    "name": "line-too-long",
    "noqa_row": 164,
    "severity": "error",
    "url": "https://docs.astral.sh/ruff/rules/line-too-long"
  },
  {
    "cell": null,
    "code": "E501",
    "end_location": {
      "column": 99,
      "row": 168
    },
    "filename": "C:\\Users\\pc01\\source\\repos\\image-downloader\\src\\image_downloader\\media\\artifact_pipeline.py",
    "fix": null,
    "location": {
      "column": 80,
      "row": 168
    },
    "message": "Line too long (98 > 79)",
    "name": "line-too-long",
    "noqa_row": 168,
    "severity": "error",
    "url": "https://docs.astral.sh/ruff/rules/line-too-long"
  },
  {
    "cell": null,
    "code": "E501",
    "end_location": {
      "column": 89,
      "row": 186
    },
    "filename": "C:\\Users\\pc01\\source\\repos\\image-downloader\\src\\image_downloader\\media\\artifact_pipeline.py",
    "fix": null,
    "location": {
      "column": 80,
      "row": 186
    },
    "message": "Line too long (88 > 79)",
    "name": "line-too-long",
    "noqa_row": 186,
    "severity": "error",
    "url": "https://docs.astral.sh/ruff/rules/line-too-long"
  },
  {
    "cell": null,
    "code": "E501",
    "end_location": {
      "column": 81,
      "row": 201
    },
    "filename": "C:\\Users\\pc01\\source\\repos\\image-downloader\\src\\image_downloader\\media\\artifact_pipeline.py",
    "fix": null,
    "location": {
      "column": 80,
      "row": 201
    },
    "message": "Line too long (80 > 79)",
    "name": "line-too-long",
    "noqa_row": 201,
    "severity": "error",
    "url": "https://docs.astral.sh/ruff/rules/line-too-long"
  },
  {
    "cell": null,
    "code": "E501",
    "end_location": {
      "column": 82,
      "row": 202
    },
    "filename": "C:\\Users\\pc01\\source\\repos\\image-downloader\\src\\image_downloader\\media\\artifact_pipeline.py",
    "fix": null,
    "location": {
      "column": 80,
      "row": 202
    },
    "message": "Line too long (81 > 79)",
    "name": "line-too-long",
    "noqa_row": 202,
    "severity": "error",
    "url": "https://docs.astral.sh/ruff/rules/line-too-long"
  },
  {
    "cell": null,
    "code": "E501",
    "end_location": {
      "column": 95,
      "row": 208
    },
    "filename": "C:\\Users\\pc01\\source\\repos\\image-downloader\\src\\image_downloader\\media\\artifact_pipeline.py",
    "fix": null,
    "location": {
      "column": 80,
      "row": 208
    },
    "message": "Line too long (94 > 79)",
    "name": "line-too-long",
    "noqa_row": 208,
    "severity": "error",
    "url": "https://docs.astral.sh/ruff/rules/line-too-long"
  },
  {
    "cell": null,
    "code": "E501",
    "end_location": {
      "column": 83,
      "row": 211
    },
    "filename": "C:\\Users\\pc01\\source\\repos\\image-downloader\\src\\image_downloader\\media\\artifact_pipeline.py",
    "fix": null,
    "location": {
      "column": 80,
      "row": 211
    },
    "message": "Line too long (82 > 79)",
    "name": "line-too-long",
    "noqa_row": 211,
    "severity": "error",
    "url": "https://docs.astral.sh/ruff/rules/line-too-long"
  },
  {
    "cell": null,
    "code": "E501",
    "end_location": {
      "column": 83,
      "row": 215
    },
    "filename": "C:\\Users\\pc01\\source\\repos\\image-downloader\\src\\image_downloader\\media\\artifact_pipeline.py",
    "fix": null,
    "location": {
      "column": 80,
      "row": 215
    },
    "message": "Line too long (82 > 79)",
    "name": "line-too-long",
    "noqa_row": 215,
    "severity": "error",
    "url": "https://docs.astral.sh/ruff/rules/line-too-long"
  },
  {
    "cell": null,
    "code": "E501",
    "end_location": {
      "column": 105,
      "row": 229
    },
    "filename": "C:\\Users\\pc01\\source\\repos\\image-downloader\\src\\image_downloader\\media\\artifact_pipeline.py",
    "fix": null,
    "location": {
      "column": 80,
      "row": 229
    },
    "message": "Line too long (104 > 79)",
    "name": "line-too-long",
    "noqa_row": 229,
    "severity": "error",
    "url": "https://docs.astral.sh/ruff/rules/line-too-long"
  },
  {
    "cell": null,
    "code": "E501",
    "end_location": {
      "column": 82,
      "row": 245
    },
    "filename": "C:\\Users\\pc01\\source\\repos\\image-downloader\\src\\image_downloader\\media\\artifact_pipeline.py",
    "fix": null,
    "location": {
      "column": 80,
      "row": 245
    },
    "message": "Line too long (81 > 79)",
    "name": "line-too-long",
    "noqa_row": 245,
    "severity": "error",
    "url": "https://docs.astral.sh/ruff/rules/line-too-long"
  },
  {
    "cell": null,
    "code": "E501",
    "end_location": {
      "column": 91,
      "row": 260
    },
    "filename": "C:\\Users\\pc01\\source\\repos\\image-downloader\\src\\image_downloader\\media\\artifact_pipeline.py",
    "fix": null,
    "location": {
      "column": 80,
      "row": 260
    },
    "message": "Line too long (90 > 79)",
    "name": "line-too-long",
    "noqa_row": 260,
    "severity": "error",
    "url": "https://docs.astral.sh/ruff/rules/line-too-long"
  },
  {
    "cell": null,
    "code": "E501",
    "end_location": {
      "column": 97,
      "row": 262
    },
    "filename": "C:\\Users\\pc01\\source\\repos\\image-downloader\\src\\image_downloader\\media\\artifact_pipeline.py",
    "fix": null,
    "location": {
      "column": 80,
      "row": 262
    },
    "message": "Line too long (96 > 79)",
    "name": "line-too-long",
    "noqa_row": 262,
    "severity": "error",
    "url": "https://docs.astral.sh/ruff/rules/line-too-long"
  },
  {
    "cell": null,
    "code": "E501",
    "end_location": {
      "column": 103,
      "row": 264
    },
    "filename": "C:\\Users\\pc01\\source\\repos\\image-downloader\\src\\image_downloader\\media\\artifact_pipeline.py",
    "fix": null,
    "location": {
      "column": 80,
      "row": 264
    },
    "message": "Line too long (102 > 79)",
    "name": "line-too-long",
    "noqa_row": 264,
    "severity": "error",
    "url": "https://docs.astral.sh/ruff/rules/line-too-long"
  },
  {
    "cell": null,
    "code": "E501",
    "end_location": {
      "column": 94,
      "row": 270
    },
    "filename": "C:\\Users\\pc01\\source\\repos\\image-downloader\\src\\image_downloader\\media\\artifact_pipeline.py",
    "fix": null,
    "location": {
      "column": 80,
      "row": 270
    },
    "message": "Line too long (93 > 79)",
    "name": "line-too-long",
    "noqa_row": 270,
    "severity": "error",
    "url": "https://docs.astral.sh/ruff/rules/line-too-long"
  },
  {
    "cell": null,
    "code": "E501",
    "end_location": {
      "column": 103,
      "row": 286
    },
    "filename": "C:\\Users\\pc01\\source\\repos\\image-downloader\\src\\image_downloader\\media\\artifact_pipeline.py",
    "fix": null,
    "location": {
      "column": 80,
      "row": 286
    },
    "message": "Line too long (102 > 79)",
    "name": "line-too-long",
    "noqa_row": 286,
    "severity": "error",
    "url": "https://docs.astral.sh/ruff/rules/line-too-long"
  },
  {
    "cell": null,
    "code": "E501",
    "end_location": {
      "column": 120,
      "row": 33
    },
    "filename": "C:\\Users\\pc01\\source\\repos\\image-downloader\\src\\image_downloader\\media\\image_processor.py",
    "fix": null,
    "location": {
      "column": 80,
      "row": 33
    },
    "message": "Line too long (119 > 79)",
    "name": "line-too-long",
    "noqa_row": 33,
    "severity": "error",
    "url": "https://docs.astral.sh/ruff/rules/line-too-long"
  },
  {
    "cell": null,
    "code": "E501",
    "end_location": {
      "column": 92,
      "row": 50
    },
    "filename": "C:\\Users\\pc01\\source\\repos\\image-downloader\\src\\image_downloader\\media\\image_processor.py",
    "fix": null,
    "location": {
      "column": 80,
      "row": 50
    },
    "message": "Line too long (91 > 79)",
    "name": "line-too-long",
    "noqa_row": 50,
    "severity": "error",
    "url": "https://docs.astral.sh/ruff/rules/line-too-long"
  },
  {
    "cell": null,
    "code": "E501",
    "end_location": {
      "column": 89,
      "row": 73
    },
    "filename": "C:\\Users\\pc01\\source\\repos\\image-downloader\\src\\image_downloader\\media\\image_processor.py",
    "fix": null,
    "location": {
      "column": 80,
      "row": 73
    },
    "message": "Line too long (88 > 79)",
    "name": "line-too-long",
    "noqa_row": 73,
    "severity": "error",
    "url": "https://docs.astral.sh/ruff/rules/line-too-long"
  },
  {
    "cell": null,
    "code": "E501",
    "end_location": {
      "column": 86,
      "row": 94
    },
    "filename": "C:\\Users\\pc01\\source\\repos\\image-downloader\\src\\image_downloader\\media\\image_processor.py",
    "fix": null,
    "location": {
      "column": 80,
      "row": 94
    },
    "message": "Line too long (85 > 79)",
    "name": "line-too-long",
    "noqa_row": 94,
    "severity": "error",
    "url": "https://docs.astral.sh/ruff/rules/line-too-long"
  },
  {
    "cell": null,
    "code": "E501",
    "end_location": {
      "column": 104,
      "row": 133
    },
    "filename": "C:\\Users\\pc01\\source\\repos\\image-downloader\\src\\image_downloader\\media\\image_processor.py",
    "fix": null,
    "location": {
      "column": 80,
      "row": 133
    },
    "message": "Line too long (103 > 79)",
    "name": "line-too-long",
    "noqa_row": 133,
    "severity": "error",
    "url": "https://docs.astral.sh/ruff/rules/line-too-long"
  },
  {
    "cell": null,
    "code": "E501",
    "end_location": {
      "column": 98,
      "row": 134
    },
    "filename": "C:\\Users\\pc01\\source\\repos\\image-downloader\\src\\image_downloader\\media\\image_processor.py",
    "fix": null,
    "location": {
      "column": 80,
      "row": 134
    },
    "message": "Line too long (97 > 79)",
    "name": "line-too-long",
    "noqa_row": 134,
    "severity": "error",
    "url": "https://docs.astral.sh/ruff/rules/line-too-long"
  },
  {
    "cell": null,
    "code": "E501",
    "end_location": {
      "column": 105,
      "row": 135
    },
    "filename": "C:\\Users\\pc01\\source\\repos\\image-downloader\\src\\image_downloader\\media\\image_processor.py",
    "fix": null,
    "location": {
      "column": 80,
      "row": 135
    },
    "message": "Line too long (104 > 79)",
    "name": "line-too-long",
    "noqa_row": 135,
    "severity": "error",
    "url": "https://docs.astral.sh/ruff/rules/line-too-long"
  },
  {
    "cell": null,
    "code": "E501",
    "end_location": {
      "column": 99,
      "row": 139
    },
    "filename": "C:\\Users\\pc01\\source\\repos\\image-downloader\\src\\image_downloader\\media\\image_processor.py",
    "fix": null,
    "location": {
      "column": 80,
      "row": 139
    },
    "message": "Line too long (98 > 79)",
    "name": "line-too-long",
    "noqa_row": 139,
    "severity": "error",
    "url": "https://docs.astral.sh/ruff/rules/line-too-long"
  },
  {
    "cell": null,
    "code": "E501",
    "end_location": {
      "column": 93,
      "row": 142
    },
    "filename": "C:\\Users\\pc01\\source\\repos\\image-downloader\\src\\image_downloader\\media\\image_processor.py",
    "fix": null,
    "location": {
      "column": 80,
      "row": 142
    },
    "message": "Line too long (92 > 79)",
    "name": "line-too-long",
    "noqa_row": 142,
    "severity": "error",
    "url": "https://docs.astral.sh/ruff/rules/line-too-long"
  },
  {
    "cell": null,
    "code": "E501",
    "end_location": {
      "column": 106,
      "row": 163
    },
    "filename": "C:\\Users\\pc01\\source\\repos\\image-downloader\\src\\image_downloader\\media\\image_processor.py",
    "fix": null,
    "location": {
      "column": 80,
      "row": 163
    },
    "message": "Line too long (105 > 79)",
    "name": "line-too-long",
    "noqa_row": 163,
    "severity": "error",
    "url": "https://docs.astral.sh/ruff/rules/line-too-long"
  },
  {
    "cell": null,
    "code": "E501",
    "end_location": {
      "column": 94,
      "row": 177
    },
    "filename": "C:\\Users\\pc01\\source\\repos\\image-downloader\\src\\image_downloader\\media\\image_processor.py",
    "fix": null,
    "location": {
      "column": 80,
      "row": 177
    },
    "message": "Line too long (93 > 79)",
    "name": "line-too-long",
    "noqa_row": 177,
    "severity": "error",
    "url": "https://docs.astral.sh/ruff/rules/line-too-long"
  },
  {
    "cell": null,
    "code": "E501",
    "end_location": {
      "column": 90,
      "row": 191
    },
    "filename": "C:\\Users\\pc01\\source\\repos\\image-downloader\\src\\image_downloader\\media\\image_processor.py",
    "fix": null,
    "location": {
      "column": 80,
      "row": 191
    },
    "message": "Line too long (89 > 79)",
    "name": "line-too-long",
    "noqa_row": 191,
    "severity": "error",
    "url": "https://docs.astral.sh/ruff/rules/line-too-long"
  },
  {
    "cell": null,
    "code": "E501",
    "end_location": {
      "column": 86,
      "row": 195
    },
    "filename": "C:\\Users\\pc01\\source\\repos\\image-downloader\\src\\image_downloader\\media\\image_processor.py",
    "fix": null,
    "location": {
      "column": 80,
      "row": 195
    },
    "message": "Line too long (85 > 79)",
    "name": "line-too-long",
    "noqa_row": 195,
    "severity": "error",
    "url": "https://docs.astral.sh/ruff/rules/line-too-long"
  },
  {
    "cell": null,
    "code": "E501",
    "end_location": {
      "column": 90,
      "row": 202
    },
    "filename": "C:\\Users\\pc01\\source\\repos\\image-downloader\\src\\image_downloader\\media\\image_processor.py",
    "fix": null,
    "location": {
      "column": 80,
      "row": 202
    },
    "message": "Line too long (89 > 79)",
    "name": "line-too-long",
    "noqa_row": 202,
    "severity": "error",
    "url": "https://docs.astral.sh/ruff/rules/line-too-long"
  },
  {
    "cell": null,
    "code": "E501",
    "end_location": {
      "column": 87,
      "row": 204
    },
    "filename": "C:\\Users\\pc01\\source\\repos\\image-downloader\\src\\image_downloader\\media\\image_processor.py",
    "fix": null,
    "location": {
      "column": 80,
      "row": 204
    },
    "message": "Line too long (86 > 79)",
    "name": "line-too-long",
    "noqa_row": 204,
    "severity": "error",
    "url": "https://docs.astral.sh/ruff/rules/line-too-long"
  },
  {
    "cell": null,
    "code": "E501",
    "end_location": {
      "column": 84,
      "row": 214
    },
    "filename": "C:\\Users\\pc01\\source\\repos\\image-downloader\\src\\image_downloader\\media\\image_processor.py",
    "fix": null,
    "location": {
      "column": 80,
      "row": 214
    },
    "message": "Line too long (83 > 79)",
    "name": "line-too-long",
    "noqa_row": 214,
    "severity": "error",
    "url": "https://docs.astral.sh/ruff/rules/line-too-long"
  },
  {
    "cell": null,
    "code": "E501",
    "end_location": {
      "column": 93,
      "row": 220
    },
    "filename": "C:\\Users\\pc01\\source\\repos\\image-downloader\\src\\image_downloader\\media\\image_processor.py",
    "fix": null,
    "location": {
      "column": 80,
      "row": 220
    },
    "message": "Line too long (92 > 79)",
    "name": "line-too-long",
    "noqa_row": 220,
    "severity": "error",
    "url": "https://docs.astral.sh/ruff/rules/line-too-long"
  },
  {
    "cell": null,
    "code": "E501",
    "end_location": {
      "column": 88,
      "row": 223
    },
    "filename": "C:\\Users\\pc01\\source\\repos\\image-downloader\\src\\image_downloader\\media\\image_processor.py",
    "fix": null,
    "location": {
      "column": 80,
      "row": 223
    },
    "message": "Line too long (87 > 79)",
    "name": "line-too-long",
    "noqa_row": 223,
    "severity": "error",
    "url": "https://docs.astral.sh/ruff/rules/line-too-long"
  },
  {
    "cell": null,
    "code": "E501",
    "end_location": {
      "column": 88,
      "row": 27
    },
    "filename": "C:\\Users\\pc01\\source\\repos\\image-downloader\\src\\image_downloader\\media\\processor_chain.py",
    "fix": null,
    "location": {
      "column": 80,
      "row": 27
    },
    "message": "Line too long (87 > 79)",
    "name": "line-too-long",
    "noqa_row": 27,
    "severity": "error",
    "url": "https://docs.astral.sh/ruff/rules/line-too-long"
  },
  {
    "cell": null,
    "code": "E501",
    "end_location": {
      "column": 104,
      "row": 54
    },
    "filename": "C:\\Users\\pc01\\source\\repos\\image-downloader\\src\\image_downloader\\media\\processor_chain.py",
    "fix": null,
    "location": {
      "column": 80,
      "row": 54
    },
    "message": "Line too long (103 > 79)",
    "name": "line-too-long",
    "noqa_row": 54,
    "severity": "error",
    "url": "https://docs.astral.sh/ruff/rules/line-too-long"
  },
  {
    "cell": null,
    "code": "E501",
    "end_location": {
      "column": 97,
      "row": 68
    },
    "filename": "C:\\Users\\pc01\\source\\repos\\image-downloader\\src\\image_downloader\\media\\processor_chain.py",
    "fix": null,
    "location": {
      "column": 80,
      "row": 68
    },
    "message": "Line too long (96 > 79)",
    "name": "line-too-long",
    "noqa_row": 68,
    "severity": "error",
    "url": "https://docs.astral.sh/ruff/rules/line-too-long"
  },
  {
    "cell": null,
    "code": "E501",
    "end_location": {
      "column": 104,
      "row": 90
    },
    "filename": "C:\\Users\\pc01\\source\\repos\\image-downloader\\src\\image_downloader\\media\\processor_chain.py",
    "fix": null,
    "location": {
      "column": 80,
      "row": 90
    },
    "message": "Line too long (103 > 79)",
    "name": "line-too-long",
    "noqa_row": 90,
    "severity": "error",
    "url": "https://docs.astral.sh/ruff/rules/line-too-long"
  },
  {
    "cell": null,
    "code": "E501",
    "end_location": {
      "column": 95,
      "row": 23
    },
    "filename": "C:\\Users\\pc01\\source\\repos\\image-downloader\\src\\image_downloader\\models.py",
    "fix": null,
    "location": {
      "column": 80,
      "row": 23
    },
    "message": "Line too long (94 > 79)",
    "name": "line-too-long",
    "noqa_row": 23,
    "severity": "error",
    "url": "https://docs.astral.sh/ruff/rules/line-too-long"
  },
  {
    "cell": null,
    "code": "E501",
    "end_location": {
      "column": 93,
      "row": 25
    },
    "filename": "C:\\Users\\pc01\\source\\repos\\image-downloader\\src\\image_downloader\\models.py",
    "fix": null,
    "location": {
      "column": 80,
      "row": 25
    },
    "message": "Line too long (92 > 79)",
    "name": "line-too-long",
    "noqa_row": 25,
    "severity": "error",
    "url": "https://docs.astral.sh/ruff/rules/line-too-long"
  },
  {
    "cell": null,
    "code": "E501",
    "end_location": {
      "column": 118,
      "row": 31
    },
    "filename": "C:\\Users\\pc01\\source\\repos\\image-downloader\\src\\image_downloader\\models.py",
    "fix": null,
    "location": {
      "column": 80,
      "row": 31
    },
    "message": "Line too long (117 > 79)",
    "name": "line-too-long",
    "noqa_row": 31,
    "severity": "error",
    "url": "https://docs.astral.sh/ruff/rules/line-too-long"
  },
  {
    "cell": null,
    "code": "E501",
    "end_location": {
      "column": 121,
      "row": 36
    },
    "filename": "C:\\Users\\pc01\\source\\repos\\image-downloader\\src\\image_downloader\\models.py",
    "fix": null,
    "location": {
      "column": 80,
      "row": 36
    },
    "message": "Line too long (120 > 79)",
    "name": "line-too-long",
    "noqa_row": 36,
    "severity": "error",
    "url": "https://docs.astral.sh/ruff/rules/line-too-long"
  },
  {
    "cell": null,
    "code": "E501",
    "end_location": {
      "column": 83,
      "row": 37
    },
    "filename": "C:\\Users\\pc01\\source\\repos\\image-downloader\\src\\image_downloader\\models.py",
    "fix": null,
    "location": {
      "column": 80,
      "row": 37
    },
    "message": "Line too long (82 > 79)",
    "name": "line-too-long",
    "noqa_row": 37,
    "severity": "error",
    "url": "https://docs.astral.sh/ruff/rules/line-too-long"
  },
  {
    "cell": null,
    "code": "E501",
    "end_location": {
      "column": 93,
      "row": 57
    },
    "filename": "C:\\Users\\pc01\\source\\repos\\image-downloader\\src\\image_downloader\\models.py",
    "fix": null,
    "location": {
      "column": 80,
      "row": 57
    },
    "message": "Line too long (92 > 79)",
    "name": "line-too-long",
    "noqa_row": 57,
    "severity": "error",
    "url": "https://docs.astral.sh/ruff/rules/line-too-long"
  },
  {
    "cell": null,
    "code": "E501",
    "end_location": {
      "column": 116,
      "row": 91
    },
    "filename": "C:\\Users\\pc01\\source\\repos\\image-downloader\\src\\image_downloader\\models.py",
    "fix": null,
    "location": {
      "column": 80,
      "row": 91
    },
    "message": "Line too long (115 > 79)",
    "name": "line-too-long",
    "noqa_row": 91,
    "severity": "error",
    "url": "https://docs.astral.sh/ruff/rules/line-too-long"
  },
  {
    "cell": null,
    "code": "E501",
    "end_location": {
      "column": 110,
      "row": 112
    },
    "filename": "C:\\Users\\pc01\\source\\repos\\image-downloader\\src\\image_downloader\\models.py",
    "fix": null,
    "location": {
      "column": 80,
      "row": 112
    },
    "message": "Line too long (109 > 79)",
    "name": "line-too-long",
    "noqa_row": 112,
    "severity": "error",
    "url": "https://docs.astral.sh/ruff/rules/line-too-long"
  },
  {
    "cell": null,
    "code": "E501",
    "end_location": {
      "column": 84,
      "row": 113
    },
    "filename": "C:\\Users\\pc01\\source\\repos\\image-downloader\\src\\image_downloader\\models.py",
    "fix": null,
    "location": {
      "column": 80,
      "row": 113
    },
    "message": "Line too long (83 > 79)",
    "name": "line-too-long",
    "noqa_row": 113,
    "severity": "error",
    "url": "https://docs.astral.sh/ruff/rules/line-too-long"
  },
  {
    "cell": null,
    "code": "E501",
    "end_location": {
      "column": 82,
      "row": 123
    },
    "filename": "C:\\Users\\pc01\\source\\repos\\image-downloader\\src\\image_downloader\\models.py",
    "fix": null,
    "location": {
      "column": 80,
      "row": 123
    },
    "message": "Line too long (81 > 79)",
    "name": "line-too-long",
    "noqa_row": 124,
    "severity": "error",
    "url": "https://docs.astral.sh/ruff/rules/line-too-long"
  },
  {
    "cell": null,
    "code": "E501",
    "end_location": {
      "column": 91,
      "row": 144
    },
    "filename": "C:\\Users\\pc01\\source\\repos\\image-downloader\\src\\image_downloader\\models.py",
    "fix": null,
    "location": {
      "column": 80,
      "row": 144
    },
    "message": "Line too long (90 > 79)",
    "name": "line-too-long",
    "noqa_row": 144,
    "severity": "error",
    "url": "https://docs.astral.sh/ruff/rules/line-too-long"
  },
  {
    "cell": null,
    "code": "E501",
    "end_location": {
      "column": 103,
      "row": 148
    },
    "filename": "C:\\Users\\pc01\\source\\repos\\image-downloader\\src\\image_downloader\\models.py",
    "fix": null,
    "location": {
      "column": 80,
      "row": 148
    },
    "message": "Line too long (102 > 79)",
    "name": "line-too-long",
    "noqa_row": 148,
    "severity": "error",
    "url": "https://docs.astral.sh/ruff/rules/line-too-long"
  },
  {
    "cell": null,
    "code": "E501",
    "end_location": {
      "column": 86,
      "row": 151
    },
    "filename": "C:\\Users\\pc01\\source\\repos\\image-downloader\\src\\image_downloader\\models.py",
    "fix": null,
    "location": {
      "column": 80,
      "row": 151
    },
    "message": "Line too long (85 > 79)",
    "name": "line-too-long",
    "noqa_row": 151,
    "severity": "error",
    "url": "https://docs.astral.sh/ruff/rules/line-too-long"
  },
  {
    "cell": null,
    "code": "E501",
    "end_location": {
      "column": 99,
      "row": 152
    },
    "filename": "C:\\Users\\pc01\\source\\repos\\image-downloader\\src\\image_downloader\\models.py",
    "fix": null,
    "location": {
      "column": 80,
      "row": 152
    },
    "message": "Line too long (98 > 79)",
    "name": "line-too-long",
    "noqa_row": 152,
    "severity": "error",
    "url": "https://docs.astral.sh/ruff/rules/line-too-long"
  },
  {
    "cell": null,
    "code": "E501",
    "end_location": {
      "column": 101,
      "row": 154
    },
    "filename": "C:\\Users\\pc01\\source\\repos\\image-downloader\\src\\image_downloader\\models.py",
    "fix": null,
    "location": {
      "column": 80,
      "row": 154
    },
    "message": "Line too long (100 > 79)",
    "name": "line-too-long",
    "noqa_row": 154,
    "severity": "error",
    "url": "https://docs.astral.sh/ruff/rules/line-too-long"
  },
  {
    "cell": null,
    "code": "E501",
    "end_location": {
      "column": 119,
      "row": 155
    },
    "filename": "C:\\Users\\pc01\\source\\repos\\image-downloader\\src\\image_downloader\\models.py",
    "fix": null,
    "location": {
      "column": 80,
      "row": 155
    },
    "message": "Line too long (118 > 79)",
    "name": "line-too-long",
    "noqa_row": 155,
    "severity": "error",
    "url": "https://docs.astral.sh/ruff/rules/line-too-long"
  },
  {
    "cell": null,
    "code": "E501",
    "end_location": {
      "column": 112,
      "row": 157
    },
    "filename": "C:\\Users\\pc01\\source\\repos\\image-downloader\\src\\image_downloader\\models.py",
    "fix": null,
    "location": {
      "column": 80,
      "row": 157
    },
    "message": "Line too long (111 > 79)",
    "name": "line-too-long",
    "noqa_row": 157,
    "severity": "error",
    "url": "https://docs.astral.sh/ruff/rules/line-too-long"
  },
  {
    "cell": null,
    "code": "E501",
    "end_location": {
      "column": 113,
      "row": 160
    },
    "filename": "C:\\Users\\pc01\\source\\repos\\image-downloader\\src\\image_downloader\\models.py",
    "fix": null,
    "location": {
      "column": 80,
      "row": 160
    },
    "message": "Line too long (112 > 79)",
    "name": "line-too-long",
    "noqa_row": 160,
    "severity": "error",
    "url": "https://docs.astral.sh/ruff/rules/line-too-long"
  },
  {
    "cell": null,
    "code": "E501",
    "end_location": {
      "column": 110,
      "row": 162
    },
    "filename": "C:\\Users\\pc01\\source\\repos\\image-downloader\\src\\image_downloader\\models.py",
    "fix": null,
    "location": {
      "column": 80,
      "row": 162
    },
    "message": "Line too long (109 > 79)",
    "name": "line-too-long",
    "noqa_row": 162,
    "severity": "error",
    "url": "https://docs.astral.sh/ruff/rules/line-too-long"
  },
  {
    "cell": null,
    "code": "E501",
    "end_location": {
      "column": 114,
      "row": 164
    },
    "filename": "C:\\Users\\pc01\\source\\repos\\image-downloader\\src\\image_downloader\\models.py",
    "fix": null,
    "location": {
      "column": 80,
      "row": 164
    },
    "message": "Line too long (113 > 79)",
    "name": "line-too-long",
    "noqa_row": 164,
    "severity": "error",
    "url": "https://docs.astral.sh/ruff/rules/line-too-long"
  },
  {
    "cell": null,
    "code": "E501",
    "end_location": {
      "column": 119,
      "row": 165
    },
    "filename": "C:\\Users\\pc01\\source\\repos\\image-downloader\\src\\image_downloader\\models.py",
    "fix": null,
    "location": {
      "column": 80,
      "row": 165
    },
    "message": "Line too long (118 > 79)",
    "name": "line-too-long",
    "noqa_row": 165,
    "severity": "error",
    "url": "https://docs.astral.sh/ruff/rules/line-too-long"
  },
  {
    "cell": null,
    "code": "E501",
    "end_location": {
      "column": 87,
      "row": 173
    },
    "filename": "C:\\Users\\pc01\\source\\repos\\image-downloader\\src\\image_downloader\\models.py",
    "fix": null,
    "location": {
      "column": 80,
      "row": 173
    },
    "message": "Line too long (86 > 79)",
    "name": "line-too-long",
    "noqa_row": 173,
    "severity": "error",
    "url": "https://docs.astral.sh/ruff/rules/line-too-long"
  },
  {
    "cell": null,
    "code": "E501",
    "end_location": {
      "column": 104,
      "row": 175
    },
    "filename": "C:\\Users\\pc01\\source\\repos\\image-downloader\\src\\image_downloader\\models.py",
    "fix": null,
    "location": {
      "column": 80,
      "row": 175
    },
    "message": "Line too long (103 > 79)",
    "name": "line-too-long",
    "noqa_row": 175,
    "severity": "error",
    "url": "https://docs.astral.sh/ruff/rules/line-too-long"
  },
  {
    "cell": null,
    "code": "E501",
    "end_location": {
      "column": 86,
      "row": 216
    },
    "filename": "C:\\Users\\pc01\\source\\repos\\image-downloader\\src\\image_downloader\\models.py",
    "fix": null,
    "location": {
      "column": 80,
      "row": 216
    },
    "message": "Line too long (85 > 79)",
    "name": "line-too-long",
    "noqa_row": 216,
    "severity": "error",
    "url": "https://docs.astral.sh/ruff/rules/line-too-long"
  },
  {
    "cell": null,
    "code": "E501",
    "end_location": {
      "column": 84,
      "row": 217
    },
    "filename": "C:\\Users\\pc01\\source\\repos\\image-downloader\\src\\image_downloader\\models.py",
    "fix": null,
    "location": {
      "column": 80,
      "row": 217
    },
    "message": "Line too long (83 > 79)",
    "name": "line-too-long",
    "noqa_row": 217,
    "severity": "error",
    "url": "https://docs.astral.sh/ruff/rules/line-too-long"
  },
  {
    "cell": null,
    "code": "E501",
    "end_location": {
      "column": 99,
      "row": 218
    },
    "filename": "C:\\Users\\pc01\\source\\repos\\image-downloader\\src\\image_downloader\\models.py",
    "fix": null,
    "location": {
      "column": 80,
      "row": 218
    },
    "message": "Line too long (98 > 79)",
    "name": "line-too-long",
    "noqa_row": 218,
    "severity": "error",
    "url": "https://docs.astral.sh/ruff/rules/line-too-long"
  },
  {
    "cell": null,
    "code": "E501",
    "end_location": {
      "column": 84,
      "row": 219
    },
    "filename": "C:\\Users\\pc01\\source\\repos\\image-downloader\\src\\image_downloader\\models.py",
    "fix": null,
    "location": {
      "column": 80,
      "row": 219
    },
    "message": "Line too long (83 > 79)",
    "name": "line-too-long",
    "noqa_row": 219,
    "severity": "error",
    "url": "https://docs.astral.sh/ruff/rules/line-too-long"
  },
  {
    "cell": null,
    "code": "E501",
    "end_location": {
      "column": 99,
      "row": 220
    },
    "filename": "C:\\Users\\pc01\\source\\repos\\image-downloader\\src\\image_downloader\\models.py",
    "fix": null,
    "location": {
      "column": 80,
      "row": 220
    },
    "message": "Line too long (98 > 79)",
    "name": "line-too-long",
    "noqa_row": 220,
    "severity": "error",
    "url": "https://docs.astral.sh/ruff/rules/line-too-long"
  },
  {
    "cell": null,
    "code": "E501",
    "end_location": {
      "column": 103,
      "row": 238
    },
    "filename": "C:\\Users\\pc01\\source\\repos\\image-downloader\\src\\image_downloader\\models.py",
    "fix": null,
    "location": {
      "column": 80,
      "row": 238
    },
    "message": "Line too long (102 > 79)",
    "name": "line-too-long",
    "noqa_row": 238,
    "severity": "error",
    "url": "https://docs.astral.sh/ruff/rules/line-too-long"
  },
  {
    "cell": null,
    "code": "E501",
    "end_location": {
      "column": 84,
      "row": 239
    },
    "filename": "C:\\Users\\pc01\\source\\repos\\image-downloader\\src\\image_downloader\\models.py",
    "fix": null,
    "location": {
      "column": 80,
      "row": 239
    },
    "message": "Line too long (83 > 79)",
    "name": "line-too-long",
    "noqa_row": 239,
    "severity": "error",
    "url": "https://docs.astral.sh/ruff/rules/line-too-long"
  },
  {
    "cell": null,
    "code": "E501",
    "end_location": {
      "column": 100,
      "row": 240
    },
    "filename": "C:\\Users\\pc01\\source\\repos\\image-downloader\\src\\image_downloader\\models.py",
    "fix": null,
    "location": {
      "column": 80,
      "row": 240
    },
    "message": "Line too long (99 > 79)",
    "name": "line-too-long",
    "noqa_row": 240,
    "severity": "error",
    "url": "https://docs.astral.sh/ruff/rules/line-too-long"
  },
  {
    "cell": null,
    "code": "E501",
    "end_location": {
      "column": 93,
      "row": 256
    },
    "filename": "C:\\Users\\pc01\\source\\repos\\image-downloader\\src\\image_downloader\\models.py",
    "fix": null,
    "location": {
      "column": 80,
      "row": 256
    },
    "message": "Line too long (92 > 79)",
    "name": "line-too-long",
    "noqa_row": 256,
    "severity": "error",
    "url": "https://docs.astral.sh/ruff/rules/line-too-long"
  },
  {
    "cell": null,
    "code": "E501",
    "end_location": {
      "column": 102,
      "row": 259
    },
    "filename": "C:\\Users\\pc01\\source\\repos\\image-downloader\\src\\image_downloader\\models.py",
    "fix": null,
    "location": {
      "column": 80,
      "row": 259
    },
    "message": "Line too long (101 > 79)",
    "name": "line-too-long",
    "noqa_row": 259,
    "severity": "error",
    "url": "https://docs.astral.sh/ruff/rules/line-too-long"
  },
  {
    "cell": null,
    "code": "E501",
    "end_location": {
      "column": 84,
      "row": 261
    },
    "filename": "C:\\Users\\pc01\\source\\repos\\image-downloader\\src\\image_downloader\\models.py",
    "fix": null,
    "location": {
      "column": 80,
      "row": 261
    },
    "message": "Line too long (83 > 79)",
    "name": "line-too-long",
    "noqa_row": 261,
    "severity": "error",
    "url": "https://docs.astral.sh/ruff/rules/line-too-long"
  },
  {
    "cell": null,
    "code": "E501",
    "end_location": {
      "column": 89,
      "row": 265
    },
    "filename": "C:\\Users\\pc01\\source\\repos\\image-downloader\\src\\image_downloader\\models.py",
    "fix": null,
    "location": {
      "column": 80,
      "row": 265
    },
    "message": "Line too long (88 > 79)",
    "name": "line-too-long",
    "noqa_row": 265,
    "severity": "error",
    "url": "https://docs.astral.sh/ruff/rules/line-too-long"
  },
  {
    "cell": null,
    "code": "E501",
    "end_location": {
      "column": 116,
      "row": 267
    },
    "filename": "C:\\Users\\pc01\\source\\repos\\image-downloader\\src\\image_downloader\\models.py",
    "fix": null,
    "location": {
      "column": 80,
      "row": 267
    },
    "message": "Line too long (115 > 79)",
    "name": "line-too-long",
    "noqa_row": 267,
    "severity": "error",
    "url": "https://docs.astral.sh/ruff/rules/line-too-long"
  },
  {
    "cell": null,
    "code": "E501",
    "end_location": {
      "column": 121,
      "row": 304
    },
    "filename": "C:\\Users\\pc01\\source\\repos\\image-downloader\\src\\image_downloader\\models.py",
    "fix": null,
    "location": {
      "column": 80,
      "row": 304
    },
    "message": "Line too long (120 > 79)",
    "name": "line-too-long",
    "noqa_row": 304,
    "severity": "error",
    "url": "https://docs.astral.sh/ruff/rules/line-too-long"
  },
  {
    "cell": null,
    "code": "E501",
    "end_location": {
      "column": 91,
      "row": 334
    },
    "filename": "C:\\Users\\pc01\\source\\repos\\image-downloader\\src\\image_downloader\\models.py",
    "fix": null,
    "location": {
      "column": 80,
      "row": 334
    },
    "message": "Line too long (90 > 79)",
    "name": "line-too-long",
    "noqa_row": 334,
    "severity": "error",
    "url": "https://docs.astral.sh/ruff/rules/line-too-long"
  },
  {
    "cell": null,
    "code": "E501",
    "end_location": {
      "column": 87,
      "row": 340
    },
    "filename": "C:\\Users\\pc01\\source\\repos\\image-downloader\\src\\image_downloader\\models.py",
    "fix": null,
    "location": {
      "column": 80,
      "row": 340
    },
    "message": "Line too long (86 > 79)",
    "name": "line-too-long",
    "noqa_row": 340,
    "severity": "error",
    "url": "https://docs.astral.sh/ruff/rules/line-too-long"
  },
  {
    "cell": null,
    "code": "E501",
    "end_location": {
      "column": 88,
      "row": 349
    },
    "filename": "C:\\Users\\pc01\\source\\repos\\image-downloader\\src\\image_downloader\\models.py",
    "fix": null,
    "location": {
      "column": 80,
      "row": 349
    },
    "message": "Line too long (87 > 79)",
    "name": "line-too-long",
    "noqa_row": 349,
    "severity": "error",
    "url": "https://docs.astral.sh/ruff/rules/line-too-long"
  },
  {
    "cell": null,
    "code": "E501",
    "end_location": {
      "column": 97,
      "row": 350
    },
    "filename": "C:\\Users\\pc01\\source\\repos\\image-downloader\\src\\image_downloader\\models.py",
    "fix": null,
    "location": {
      "column": 80,
      "row": 350
    },
    "message": "Line too long (96 > 79)",
    "name": "line-too-long",
    "noqa_row": 350,
    "severity": "error",
    "url": "https://docs.astral.sh/ruff/rules/line-too-long"
  },
  {
    "cell": null,
    "code": "E501",
    "end_location": {
      "column": 90,
      "row": 352
    },
    "filename": "C:\\Users\\pc01\\source\\repos\\image-downloader\\src\\image_downloader\\models.py",
    "fix": null,
    "location": {
      "column": 80,
      "row": 352
    },
    "message": "Line too long (89 > 79)",
    "name": "line-too-long",
    "noqa_row": 352,
    "severity": "error",
    "url": "https://docs.astral.sh/ruff/rules/line-too-long"
  },
  {
    "cell": null,
    "code": "E501",
    "end_location": {
      "column": 98,
      "row": 354
    },
    "filename": "C:\\Users\\pc01\\source\\repos\\image-downloader\\src\\image_downloader\\models.py",
    "fix": null,
    "location": {
      "column": 80,
      "row": 354
    },
    "message": "Line too long (97 > 79)",
    "name": "line-too-long",
    "noqa_row": 354,
    "severity": "error",
    "url": "https://docs.astral.sh/ruff/rules/line-too-long"
  },
  {
    "cell": null,
    "code": "E501",
    "end_location": {
      "column": 85,
      "row": 356
    },
    "filename": "C:\\Users\\pc01\\source\\repos\\image-downloader\\src\\image_downloader\\models.py",
    "fix": null,
    "location": {
      "column": 80,
      "row": 356
    },
    "message": "Line too long (84 > 79)",
    "name": "line-too-long",
    "noqa_row": 356,
    "severity": "error",
    "url": "https://docs.astral.sh/ruff/rules/line-too-long"
  },
  {
    "cell": null,
    "code": "E501",
    "end_location": {
      "column": 114,
      "row": 357
    },
    "filename": "C:\\Users\\pc01\\source\\repos\\image-downloader\\src\\image_downloader\\models.py",
    "fix": null,
    "location": {
      "column": 80,
      "row": 357
    },
    "message": "Line too long (113 > 79)",
    "name": "line-too-long",
    "noqa_row": 357,
    "severity": "error",
    "url": "https://docs.astral.sh/ruff/rules/line-too-long"
  },
  {
    "cell": null,
    "code": "E501",
    "end_location": {
      "column": 98,
      "row": 359
    },
    "filename": "C:\\Users\\pc01\\source\\repos\\image-downloader\\src\\image_downloader\\models.py",
    "fix": null,
    "location": {
      "column": 80,
      "row": 359
    },
    "message": "Line too long (97 > 79)",
    "name": "line-too-long",
    "noqa_row": 359,
    "severity": "error",
    "url": "https://docs.astral.sh/ruff/rules/line-too-long"
  },
  {
    "cell": null,
    "code": "E501",
    "end_location": {
      "column": 112,
      "row": 365
    },
    "filename": "C:\\Users\\pc01\\source\\repos\\image-downloader\\src\\image_downloader\\models.py",
    "fix": null,
    "location": {
      "column": 80,
      "row": 365
    },
    "message": "Line too long (111 > 79)",
    "name": "line-too-long",
    "noqa_row": 365,
    "severity": "error",
    "url": "https://docs.astral.sh/ruff/rules/line-too-long"
  },
  {
    "cell": null,
    "code": "E501",
    "end_location": {
      "column": 83,
      "row": 440
    },
    "filename": "C:\\Users\\pc01\\source\\repos\\image-downloader\\src\\image_downloader\\models.py",
    "fix": null,
    "location": {
      "column": 80,
      "row": 440
    },
    "message": "Line too long (82 > 79)",
    "name": "line-too-long",
    "noqa_row": 440,
    "severity": "error",
    "url": "https://docs.astral.sh/ruff/rules/line-too-long"
  },
  {
    "cell": null,
    "code": "E501",
    "end_location": {
      "column": 121,
      "row": 462
    },
    "filename": "C:\\Users\\pc01\\source\\repos\\image-downloader\\src\\image_downloader\\models.py",
    "fix": null,
    "location": {
      "column": 80,
      "row": 462
    },
    "message": "Line too long (120 > 79)",
    "name": "line-too-long",
    "noqa_row": 462,
    "severity": "error",
    "url": "https://docs.astral.sh/ruff/rules/line-too-long"
  },
  {
    "cell": null,
    "code": "E501",
    "end_location": {
      "column": 96,
      "row": 587
    },
    "filename": "C:\\Users\\pc01\\source\\repos\\image-downloader\\src\\image_downloader\\models.py",
    "fix": null,
    "location": {
      "column": 80,
      "row": 587
    },
    "message": "Line too long (95 > 79)",
    "name": "line-too-long",
    "noqa_row": 587,
    "severity": "error",
    "url": "https://docs.astral.sh/ruff/rules/line-too-long"
  },
  {
    "cell": null,
    "code": "E501",
    "end_location": {
      "column": 81,
      "row": 679
    },
    "filename": "C:\\Users\\pc01\\source\\repos\\image-downloader\\src\\image_downloader\\models.py",
    "fix": null,
    "location": {
      "column": 80,
      "row": 679
    },
    "message": "Line too long (80 > 79)",
    "name": "line-too-long",
    "noqa_row": 679,
    "severity": "error",
    "url": "https://docs.astral.sh/ruff/rules/line-too-long"
  },
  {
    "cell": null,
    "code": "E501",
    "end_location": {
      "column": 108,
      "row": 746
    },
    "filename": "C:\\Users\\pc01\\source\\repos\\image-downloader\\src\\image_downloader\\models.py",
    "fix": null,
    "location": {
      "column": 80,
      "row": 746
    },
    "message": "Line too long (107 > 79)",
    "name": "line-too-long",
    "noqa_row": 746,
    "severity": "error",
    "url": "https://docs.astral.sh/ruff/rules/line-too-long"
  },
  {
    "cell": null,
    "code": "E501",
    "end_location": {
      "column": 88,
      "row": 747
    },
    "filename": "C:\\Users\\pc01\\source\\repos\\image-downloader\\src\\image_downloader\\models.py",
    "fix": null,
    "location": {
      "column": 80,
      "row": 747
    },
    "message": "Line too long (87 > 79)",
    "name": "line-too-long",
    "noqa_row": 747,
    "severity": "error",
    "url": "https://docs.astral.sh/ruff/rules/line-too-long"
  },
  {
    "cell": null,
    "code": "E501",
    "end_location": {
      "column": 98,
      "row": 16
    },
    "filename": "C:\\Users\\pc01\\source\\repos\\image-downloader\\src\\image_downloader\\observability\\chapter_reporter.py",
    "fix": null,
    "location": {
      "column": 80,
      "row": 16
    },
    "message": "Line too long (97 > 79)",
    "name": "line-too-long",
    "noqa_row": 16,
    "severity": "error",
    "url": "https://docs.astral.sh/ruff/rules/line-too-long"
  },
  {
    "cell": null,
    "code": "E501",
    "end_location": {
      "column": 97,
      "row": 34
    },
    "filename": "C:\\Users\\pc01\\source\\repos\\image-downloader\\src\\image_downloader\\observability\\chapter_reporter.py",
    "fix": null,
    "location": {
      "column": 80,
      "row": 34
    },
    "message": "Line too long (96 > 79)",
    "name": "line-too-long",
    "noqa_row": 34,
    "severity": "error",
    "url": "https://docs.astral.sh/ruff/rules/line-too-long"
  },
  {
    "cell": null,
    "code": "E501",
    "end_location": {
      "column": 117,
      "row": 43
    },
    "filename": "C:\\Users\\pc01\\source\\repos\\image-downloader\\src\\image_downloader\\observability\\chapter_reporter.py",
    "fix": null,
    "location": {
      "column": 80,
      "row": 43
    },
    "message": "Line too long (116 > 79)",
    "name": "line-too-long",
    "noqa_row": 43,
    "severity": "error",
    "url": "https://docs.astral.sh/ruff/rules/line-too-long"
  },
  {
    "cell": null,
    "code": "E501",
    "end_location": {
      "column": 100,
      "row": 68
    },
    "filename": "C:\\Users\\pc01\\source\\repos\\image-downloader\\src\\image_downloader\\observability\\chapter_reporter.py",
    "fix": null,
    "location": {
      "column": 80,
      "row": 68
    },
    "message": "Line too long (99 > 79)",
    "name": "line-too-long",
    "noqa_row": 68,
    "severity": "error",
    "url": "https://docs.astral.sh/ruff/rules/line-too-long"
  },
  {
    "cell": null,
    "code": "E501",
    "end_location": {
      "column": 109,
      "row": 74
    },
    "filename": "C:\\Users\\pc01\\source\\repos\\image-downloader\\src\\image_downloader\\observability\\chapter_reporter.py",
    "fix": null,
    "location": {
      "column": 80,
      "row": 74
    },
    "message": "Line too long (108 > 79)",
    "name": "line-too-long",
    "noqa_row": 74,
    "severity": "error",
    "url": "https://docs.astral.sh/ruff/rules/line-too-long"
  },
  {
    "cell": null,
    "code": "E501",
    "end_location": {
      "column": 106,
      "row": 75
    },
    "filename": "C:\\Users\\pc01\\source\\repos\\image-downloader\\src\\image_downloader\\observability\\chapter_reporter.py",
    "fix": null,
    "location": {
      "column": 80,
      "row": 75
    },
    "message": "Line too long (105 > 79)",
    "name": "line-too-long",
    "noqa_row": 75,
    "severity": "error",
    "url": "https://docs.astral.sh/ruff/rules/line-too-long"
  },
  {
    "cell": null,
    "code": "E501",
    "end_location": {
      "column": 86,
      "row": 77
    },
    "filename": "C:\\Users\\pc01\\source\\repos\\image-downloader\\src\\image_downloader\\observability\\chapter_reporter.py",
    "fix": null,
    "location": {
      "column": 80,
      "row": 77
    },
    "message": "Line too long (85 > 79)",
    "name": "line-too-long",
    "noqa_row": 77,
    "severity": "error",
    "url": "https://docs.astral.sh/ruff/rules/line-too-long"
  },
  {
    "cell": null,
    "code": "E501",
    "end_location": {
      "column": 86,
      "row": 78
    },
    "filename": "C:\\Users\\pc01\\source\\repos\\image-downloader\\src\\image_downloader\\observability\\chapter_reporter.py",
    "fix": null,
    "location": {
      "column": 80,
      "row": 78
    },
    "message": "Line too long (85 > 79)",
    "name": "line-too-long",
    "noqa_row": 78,
    "severity": "error",
    "url": "https://docs.astral.sh/ruff/rules/line-too-long"
  },
  {
    "cell": null,
    "code": "E501",
    "end_location": {
      "column": 94,
      "row": 86
    },
    "filename": "C:\\Users\\pc01\\source\\repos\\image-downloader\\src\\image_downloader\\observability\\chapter_reporter.py",
    "fix": null,
    "location": {
      "column": 80,
      "row": 86
    },
    "message": "Line too long (93 > 79)",
    "name": "line-too-long",
    "noqa_row": 86,
    "severity": "error",
    "url": "https://docs.astral.sh/ruff/rules/line-too-long"
  },
  {
    "cell": null,
    "code": "E501",
    "end_location": {
      "column": 87,
      "row": 89
    },
    "filename": "C:\\Users\\pc01\\source\\repos\\image-downloader\\src\\image_downloader\\observability\\chapter_reporter.py",
    "fix": null,
    "location": {
      "column": 80,
      "row": 89
    },
    "message": "Line too long (86 > 79)",
    "name": "line-too-long",
    "noqa_row": 89,
    "severity": "error",
    "url": "https://docs.astral.sh/ruff/rules/line-too-long"
  },
  {
    "cell": null,
    "code": "E501",
    "end_location": {
      "column": 81,
      "row": 122
    },
    "filename": "C:\\Users\\pc01\\source\\repos\\image-downloader\\src\\image_downloader\\observability\\chapter_reporter.py",
    "fix": null,
    "location": {
      "column": 80,
      "row": 122
    },
    "message": "Line too long (80 > 79)",
    "name": "line-too-long",
    "noqa_row": 122,
    "severity": "error",
    "url": "https://docs.astral.sh/ruff/rules/line-too-long"
  },
  {
    "cell": null,
    "code": "E501",
    "end_location": {
      "column": 88,
      "row": 10
    },
    "filename": "C:\\Users\\pc01\\source\\repos\\image-downloader\\src\\image_downloader\\observability\\diagnostic_safety.py",
    "fix": null,
    "location": {
      "column": 80,
      "row": 10
    },
    "message": "Line too long (87 > 79)",
    "name": "line-too-long",
    "noqa_row": 10,
    "severity": "error",
    "url": "https://docs.astral.sh/ruff/rules/line-too-long"
  },
  {
    "cell": null,
    "code": "E501",
    "end_location": {
      "column": 92,
      "row": 12
    },
    "filename": "C:\\Users\\pc01\\source\\repos\\image-downloader\\src\\image_downloader\\observability\\diagnostic_safety.py",
    "fix": null,
    "location": {
      "column": 80,
      "row": 12
    },
    "message": "Line too long (91 > 79)",
    "name": "line-too-long",
    "noqa_row": 12,
    "severity": "error",
    "url": "https://docs.astral.sh/ruff/rules/line-too-long"
  },
  {
    "cell": null,
    "code": "E501",
    "end_location": {
      "column": 105,
      "row": 26
    },
    "filename": "C:\\Users\\pc01\\source\\repos\\image-downloader\\src\\image_downloader\\observability\\diagnostic_safety.py",
    "fix": null,
    "location": {
      "column": 80,
      "row": 26
    },
    "message": "Line too long (104 > 79)",
    "name": "line-too-long",
    "noqa_row": 26,
    "severity": "error",
    "url": "https://docs.astral.sh/ruff/rules/line-too-long"
  },
  {
    "cell": null,
    "code": "E501",
    "end_location": {
      "column": 101,
      "row": 13
    },
    "filename": "C:\\Users\\pc01\\source\\repos\\image-downloader\\src\\image_downloader\\observability\\events.py",
    "fix": null,
    "location": {
      "column": 80,
      "row": 13
    },
    "message": "Line too long (100 > 79)",
    "name": "line-too-long",
    "noqa_row": 13,
    "severity": "error",
    "url": "https://docs.astral.sh/ruff/rules/line-too-long"
  },
  {
    "cell": null,
    "code": "E501",
    "end_location": {
      "column": 90,
      "row": 17
    },
    "filename": "C:\\Users\\pc01\\source\\repos\\image-downloader\\src\\image_downloader\\observability\\events.py",
    "fix": null,
    "location": {
      "column": 80,
      "row": 17
    },
    "message": "Line too long (89 > 79)",
    "name": "line-too-long",
    "noqa_row": 17,
    "severity": "error",
    "url": "https://docs.astral.sh/ruff/rules/line-too-long"
  },
  {
    "cell": null,
    "code": "E501",
    "end_location": {
      "column": 82,
      "row": 85
    },
    "filename": "C:\\Users\\pc01\\source\\repos\\image-downloader\\src\\image_downloader\\observability\\events.py",
    "fix": null,
    "location": {
      "column": 80,
      "row": 85
    },
    "message": "Line too long (81 > 79)",
    "name": "line-too-long",
    "noqa_row": 85,
    "severity": "error",
    "url": "https://docs.astral.sh/ruff/rules/line-too-long"
  },
  {
    "cell": null,
    "code": "E501",
    "end_location": {
      "column": 97,
      "row": 113
    },
    "filename": "C:\\Users\\pc01\\source\\repos\\image-downloader\\src\\image_downloader\\observability\\events.py",
    "fix": null,
    "location": {
      "column": 80,
      "row": 113
    },
    "message": "Line too long (96 > 79)",
    "name": "line-too-long",
    "noqa_row": 113,
    "severity": "error",
    "url": "https://docs.astral.sh/ruff/rules/line-too-long"
  },
  {
    "cell": null,
    "code": "E501",
    "end_location": {
      "column": 113,
      "row": 114
    },
    "filename": "C:\\Users\\pc01\\source\\repos\\image-downloader\\src\\image_downloader\\observability\\events.py",
    "fix": null,
    "location": {
      "column": 80,
      "row": 114
    },
    "message": "Line too long (112 > 79)",
    "name": "line-too-long",
    "noqa_row": 114,
    "severity": "error",
    "url": "https://docs.astral.sh/ruff/rules/line-too-long"
  },
  {
    "cell": null,
    "code": "E501",
    "end_location": {
      "column": 119,
      "row": 115
    },
    "filename": "C:\\Users\\pc01\\source\\repos\\image-downloader\\src\\image_downloader\\observability\\events.py",
    "fix": null,
    "location": {
      "column": 80,
      "row": 115
    },
    "message": "Line too long (118 > 79)",
    "name": "line-too-long",
    "noqa_row": 115,
    "severity": "error",
    "url": "https://docs.astral.sh/ruff/rules/line-too-long"
  },
  {
    "cell": null,
    "code": "E501",
    "end_location": {
      "column": 89,
      "row": 121
    },
    "filename": "C:\\Users\\pc01\\source\\repos\\image-downloader\\src\\image_downloader\\observability\\events.py",
    "fix": null,
    "location": {
      "column": 80,
      "row": 121
    },
    "message": "Line too long (88 > 79)",
    "name": "line-too-long",
    "noqa_row": 121,
    "severity": "error",
    "url": "https://docs.astral.sh/ruff/rules/line-too-long"
  },
  {
    "cell": null,
    "code": "E501",
    "end_location": {
      "column": 104,
      "row": 122
    },
    "filename": "C:\\Users\\pc01\\source\\repos\\image-downloader\\src\\image_downloader\\observability\\events.py",
    "fix": null,
    "location": {
      "column": 80,
      "row": 122
    },
    "message": "Line too long (103 > 79)",
    "name": "line-too-long",
    "noqa_row": 122,
    "severity": "error",
    "url": "https://docs.astral.sh/ruff/rules/line-too-long"
  },
  {
    "cell": null,
    "code": "E501",
    "end_location": {
      "column": 97,
      "row": 131
    },
    "filename": "C:\\Users\\pc01\\source\\repos\\image-downloader\\src\\image_downloader\\observability\\events.py",
    "fix": null,
    "location": {
      "column": 80,
      "row": 131
    },
    "message": "Line too long (96 > 79)",
    "name": "line-too-long",
    "noqa_row": 131,
    "severity": "error",
    "url": "https://docs.astral.sh/ruff/rules/line-too-long"
  },
  {
    "cell": null,
    "code": "E501",
    "end_location": {
      "column": 108,
      "row": 151
    },
    "filename": "C:\\Users\\pc01\\source\\repos\\image-downloader\\src\\image_downloader\\observability\\events.py",
    "fix": null,
    "location": {
      "column": 80,
      "row": 151
    },
    "message": "Line too long (107 > 79)",
    "name": "line-too-long",
    "noqa_row": 151,
    "severity": "error",
    "url": "https://docs.astral.sh/ruff/rules/line-too-long"
  },
  {
    "cell": null,
    "code": "E501",
    "end_location": {
      "column": 121,
      "row": 152
    },
    "filename": "C:\\Users\\pc01\\source\\repos\\image-downloader\\src\\image_downloader\\observability\\events.py",
    "fix": null,
    "location": {
      "column": 80,
      "row": 152
    },
    "message": "Line too long (120 > 79)",
    "name": "line-too-long",
    "noqa_row": 152,
    "severity": "error",
    "url": "https://docs.astral.sh/ruff/rules/line-too-long"
  },
  {
    "cell": null,
    "code": "E501",
    "end_location": {
      "column": 120,
      "row": 153
    },
    "filename": "C:\\Users\\pc01\\source\\repos\\image-downloader\\src\\image_downloader\\observability\\events.py",
    "fix": null,
    "location": {
      "column": 80,
      "row": 153
    },
    "message": "Line too long (119 > 79)",
    "name": "line-too-long",
    "noqa_row": 153,
    "severity": "error",
    "url": "https://docs.astral.sh/ruff/rules/line-too-long"
  },
  {
    "cell": null,
    "code": "E501",
    "end_location": {
      "column": 119,
      "row": 154
    },
    "filename": "C:\\Users\\pc01\\source\\repos\\image-downloader\\src\\image_downloader\\observability\\events.py",
    "fix": null,
    "location": {
      "column": 80,
      "row": 154
    },
    "message": "Line too long (118 > 79)",
    "name": "line-too-long",
    "noqa_row": 154,
    "severity": "error",
    "url": "https://docs.astral.sh/ruff/rules/line-too-long"
  },
  {
    "cell": null,
    "code": "E501",
    "end_location": {
      "column": 119,
      "row": 156
    },
    "filename": "C:\\Users\\pc01\\source\\repos\\image-downloader\\src\\image_downloader\\observability\\events.py",
    "fix": null,
    "location": {
      "column": 80,
      "row": 156
    },
    "message": "Line too long (118 > 79)",
    "name": "line-too-long",
    "noqa_row": 156,
    "severity": "error",
    "url": "https://docs.astral.sh/ruff/rules/line-too-long"
  },
  {
    "cell": null,
    "code": "E501",
    "end_location": {
      "column": 103,
      "row": 160
    },
    "filename": "C:\\Users\\pc01\\source\\repos\\image-downloader\\src\\image_downloader\\observability\\events.py",
    "fix": null,
    "location": {
      "column": 80,
      "row": 160
    },
    "message": "Line too long (102 > 79)",
    "name": "line-too-long",
    "noqa_row": 160,
    "severity": "error",
    "url": "https://docs.astral.sh/ruff/rules/line-too-long"
  },
  {
    "cell": null,
    "code": "E501",
    "end_location": {
      "column": 111,
      "row": 165
    },
    "filename": "C:\\Users\\pc01\\source\\repos\\image-downloader\\src\\image_downloader\\observability\\events.py",
    "fix": null,
    "location": {
      "column": 80,
      "row": 165
    },
    "message": "Line too long (110 > 79)",
    "name": "line-too-long",
    "noqa_row": 165,
    "severity": "error",
    "url": "https://docs.astral.sh/ruff/rules/line-too-long"
  },
  {
    "cell": null,
    "code": "E501",
    "end_location": {
      "column": 98,
      "row": 168
    },
    "filename": "C:\\Users\\pc01\\source\\repos\\image-downloader\\src\\image_downloader\\observability\\events.py",
    "fix": null,
    "location": {
      "column": 80,
      "row": 168
    },
    "message": "Line too long (97 > 79)",
    "name": "line-too-long",
    "noqa_row": 168,
    "severity": "error",
    "url": "https://docs.astral.sh/ruff/rules/line-too-long"
  },
  {
    "cell": null,
    "code": "E501",
    "end_location": {
      "column": 98,
      "row": 173
    },
    "filename": "C:\\Users\\pc01\\source\\repos\\image-downloader\\src\\image_downloader\\observability\\events.py",
    "fix": null,
    "location": {
      "column": 80,
      "row": 173
    },
    "message": "Line too long (97 > 79)",
    "name": "line-too-long",
    "noqa_row": 173,
    "severity": "error",
    "url": "https://docs.astral.sh/ruff/rules/line-too-long"
  },
  {
    "cell": null,
    "code": "E501",
    "end_location": {
      "column": 87,
      "row": 179
    },
    "filename": "C:\\Users\\pc01\\source\\repos\\image-downloader\\src\\image_downloader\\observability\\events.py",
    "fix": null,
    "location": {
      "column": 80,
      "row": 179
    },
    "message": "Line too long (86 > 79)",
    "name": "line-too-long",
    "noqa_row": 179,
    "severity": "error",
    "url": "https://docs.astral.sh/ruff/rules/line-too-long"
  },
  {
    "cell": null,
    "code": "E501",
    "end_location": {
      "column": 115,
      "row": 130
    },
    "filename": "C:\\Users\\pc01\\source\\repos\\image-downloader\\src\\image_downloader\\observability\\logging.py",
    "fix": null,
    "location": {
      "column": 80,
      "row": 130
    },
    "message": "Line too long (114 > 79)",
    "name": "line-too-long",
    "noqa_row": 130,
    "severity": "error",
    "url": "https://docs.astral.sh/ruff/rules/line-too-long"
  },
  {
    "cell": null,
    "code": "E501",
    "end_location": {
      "column": 100,
      "row": 134
    },
    "filename": "C:\\Users\\pc01\\source\\repos\\image-downloader\\src\\image_downloader\\observability\\logging.py",
    "fix": null,
    "location": {
      "column": 80,
      "row": 134
    },
    "message": "Line too long (99 > 79)",
    "name": "line-too-long",
    "noqa_row": 134,
    "severity": "error",
    "url": "https://docs.astral.sh/ruff/rules/line-too-long"
  },
  {
    "cell": null,
    "code": "E501",
    "end_location": {
      "column": 95,
      "row": 139
    },
    "filename": "C:\\Users\\pc01\\source\\repos\\image-downloader\\src\\image_downloader\\observability\\logging.py",
    "fix": null,
    "location": {
      "column": 80,
      "row": 139
    },
    "message": "Line too long (94 > 79)",
    "name": "line-too-long",
    "noqa_row": 139,
    "severity": "error",
    "url": "https://docs.astral.sh/ruff/rules/line-too-long"
  },
  {
    "cell": null,
    "code": "E501",
    "end_location": {
      "column": 111,
      "row": 162
    },
    "filename": "C:\\Users\\pc01\\source\\repos\\image-downloader\\src\\image_downloader\\observability\\logging.py",
    "fix": null,
    "location": {
      "column": 80,
      "row": 162
    },
    "message": "Line too long (110 > 79)",
    "name": "line-too-long",
    "noqa_row": 162,
    "severity": "error",
    "url": "https://docs.astral.sh/ruff/rules/line-too-long"
  },
  {
    "cell": null,
    "code": "E501",
    "end_location": {
      "column": 88,
      "row": 180
    },
    "filename": "C:\\Users\\pc01\\source\\repos\\image-downloader\\src\\image_downloader\\observability\\logging.py",
    "fix": null,
    "location": {
      "column": 80,
      "row": 180
    },
    "message": "Line too long (87 > 79)",
    "name": "line-too-long",
    "noqa_row": 180,
    "severity": "error",
    "url": "https://docs.astral.sh/ruff/rules/line-too-long"
  },
  {
    "cell": null,
    "code": "E501",
    "end_location": {
      "column": 87,
      "row": 220
    },
    "filename": "C:\\Users\\pc01\\source\\repos\\image-downloader\\src\\image_downloader\\observability\\logging.py",
    "fix": null,
    "location": {
      "column": 80,
      "row": 220
    },
    "message": "Line too long (86 > 79)",
    "name": "line-too-long",
    "noqa_row": 220,
    "severity": "error",
    "url": "https://docs.astral.sh/ruff/rules/line-too-long"
  },
  {
    "cell": null,
    "code": "E501",
    "end_location": {
      "column": 107,
      "row": 226
    },
    "filename": "C:\\Users\\pc01\\source\\repos\\image-downloader\\src\\image_downloader\\observability\\logging.py",
    "fix": null,
    "location": {
      "column": 80,
      "row": 226
    },
    "message": "Line too long (106 > 79)",
    "name": "line-too-long",
    "noqa_row": 226,
    "severity": "error",
    "url": "https://docs.astral.sh/ruff/rules/line-too-long"
  },
  {
    "cell": null,
    "code": "E501",
    "end_location": {
      "column": 83,
      "row": 239
    },
    "filename": "C:\\Users\\pc01\\source\\repos\\image-downloader\\src\\image_downloader\\observability\\logging.py",
    "fix": null,
    "location": {
      "column": 80,
      "row": 239
    },
    "message": "Line too long (82 > 79)",
    "name": "line-too-long",
    "noqa_row": 239,
    "severity": "error",
    "url": "https://docs.astral.sh/ruff/rules/line-too-long"
  },
  {
    "cell": null,
    "code": "E501",
    "end_location": {
      "column": 87,
      "row": 256
    },
    "filename": "C:\\Users\\pc01\\source\\repos\\image-downloader\\src\\image_downloader\\observability\\logging.py",
    "fix": null,
    "location": {
      "column": 80,
      "row": 256
    },
    "message": "Line too long (86 > 79)",
    "name": "line-too-long",
    "noqa_row": 256,
    "severity": "error",
    "url": "https://docs.astral.sh/ruff/rules/line-too-long"
  },
  {
    "cell": null,
    "code": "E501",
    "end_location": {
      "column": 81,
      "row": 263
    },
    "filename": "C:\\Users\\pc01\\source\\repos\\image-downloader\\src\\image_downloader\\observability\\logging.py",
    "fix": null,
    "location": {
      "column": 80,
      "row": 263
    },
    "message": "Line too long (80 > 79)",
    "name": "line-too-long",
    "noqa_row": 265,
    "severity": "error",
    "url": "https://docs.astral.sh/ruff/rules/line-too-long"
  },
  {
    "cell": null,
    "code": "E501",
    "end_location": {
      "column": 82,
      "row": 264
    },
    "filename": "C:\\Users\\pc01\\source\\repos\\image-downloader\\src\\image_downloader\\observability\\logging.py",
    "fix": null,
    "location": {
      "column": 80,
      "row": 264
    },
    "message": "Line too long (81 > 79)",
    "name": "line-too-long",
    "noqa_row": 265,
    "severity": "error",
    "url": "https://docs.astral.sh/ruff/rules/line-too-long"
  },
  {
    "cell": null,
    "code": "E501",
    "end_location": {
      "column": 108,
      "row": 272
    },
    "filename": "C:\\Users\\pc01\\source\\repos\\image-downloader\\src\\image_downloader\\observability\\logging.py",
    "fix": null,
    "location": {
      "column": 80,
      "row": 272
    },
    "message": "Line too long (107 > 79)",
    "name": "line-too-long",
    "noqa_row": 272,
    "severity": "error",
    "url": "https://docs.astral.sh/ruff/rules/line-too-long"
  },
  {
    "cell": null,
    "code": "E501",
    "end_location": {
      "column": 86,
      "row": 278
    },
    "filename": "C:\\Users\\pc01\\source\\repos\\image-downloader\\src\\image_downloader\\observability\\logging.py",
    "fix": null,
    "location": {
      "column": 80,
      "row": 278
    },
    "message": "Line too long (85 > 79)",
    "name": "line-too-long",
    "noqa_row": 278,
    "severity": "error",
    "url": "https://docs.astral.sh/ruff/rules/line-too-long"
  },
  {
    "cell": null,
    "code": "E501",
    "end_location": {
      "column": 118,
      "row": 287
    },
    "filename": "C:\\Users\\pc01\\source\\repos\\image-downloader\\src\\image_downloader\\observability\\logging.py",
    "fix": null,
    "location": {
      "column": 80,
      "row": 287
    },
    "message": "Line too long (117 > 79)",
    "name": "line-too-long",
    "noqa_row": 287,
    "severity": "error",
    "url": "https://docs.astral.sh/ruff/rules/line-too-long"
  },
  {
    "cell": null,
    "code": "E501",
    "end_location": {
      "column": 95,
      "row": 320
    },
    "filename": "C:\\Users\\pc01\\source\\repos\\image-downloader\\src\\image_downloader\\observability\\logging.py",
    "fix": null,
    "location": {
      "column": 80,
      "row": 320
    },
    "message": "Line too long (94 > 79)",
    "name": "line-too-long",
    "noqa_row": 320,
    "severity": "error",
    "url": "https://docs.astral.sh/ruff/rules/line-too-long"
  },
  {
    "cell": null,
    "code": "E501",
    "end_location": {
      "column": 92,
      "row": 326
    },
    "filename": "C:\\Users\\pc01\\source\\repos\\image-downloader\\src\\image_downloader\\observability\\logging.py",
    "fix": null,
    "location": {
      "column": 80,
      "row": 326
    },
    "message": "Line too long (91 > 79)",
    "name": "line-too-long",
    "noqa_row": 326,
    "severity": "error",
    "url": "https://docs.astral.sh/ruff/rules/line-too-long"
  },
  {
    "cell": null,
    "code": "E501",
    "end_location": {
      "column": 83,
      "row": 327
    },
    "filename": "C:\\Users\\pc01\\source\\repos\\image-downloader\\src\\image_downloader\\observability\\logging.py",
    "fix": null,
    "location": {
      "column": 80,
      "row": 327
    },
    "message": "Line too long (82 > 79)",
    "name": "line-too-long",
    "noqa_row": 327,
    "severity": "error",
    "url": "https://docs.astral.sh/ruff/rules/line-too-long"
  },
  {
    "cell": null,
    "code": "E501",
    "end_location": {
      "column": 81,
      "row": 338
    },
    "filename": "C:\\Users\\pc01\\source\\repos\\image-downloader\\src\\image_downloader\\observability\\logging.py",
    "fix": null,
    "location": {
      "column": 80,
      "row": 338
    },
    "message": "Line too long (80 > 79)",
    "name": "line-too-long",
    "noqa_row": 338,
    "severity": "error",
    "url": "https://docs.astral.sh/ruff/rules/line-too-long"
  },
  {
    "cell": null,
    "code": "E501",
    "end_location": {
      "column": 102,
      "row": 341
    },
    "filename": "C:\\Users\\pc01\\source\\repos\\image-downloader\\src\\image_downloader\\observability\\logging.py",
    "fix": null,
    "location": {
      "column": 80,
      "row": 341
    },
    "message": "Line too long (101 > 79)",
    "name": "line-too-long",
    "noqa_row": 341,
    "severity": "error",
    "url": "https://docs.astral.sh/ruff/rules/line-too-long"
  },
  {
    "cell": null,
    "code": "E501",
    "end_location": {
      "column": 86,
      "row": 347
    },
    "filename": "C:\\Users\\pc01\\source\\repos\\image-downloader\\src\\image_downloader\\observability\\logging.py",
    "fix": null,
    "location": {
      "column": 80,
      "row": 347
    },
    "message": "Line too long (85 > 79)",
    "name": "line-too-long",
    "noqa_row": 347,
    "severity": "error",
    "url": "https://docs.astral.sh/ruff/rules/line-too-long"
  },
  {
    "cell": null,
    "code": "E501",
    "end_location": {
      "column": 86,
      "row": 361
    },
    "filename": "C:\\Users\\pc01\\source\\repos\\image-downloader\\src\\image_downloader\\observability\\logging.py",
    "fix": null,
    "location": {
      "column": 80,
      "row": 361
    },
    "message": "Line too long (85 > 79)",
    "name": "line-too-long",
    "noqa_row": 361,
    "severity": "error",
    "url": "https://docs.astral.sh/ruff/rules/line-too-long"
  },
  {
    "cell": null,
    "code": "E501",
    "end_location": {
      "column": 116,
      "row": 362
    },
    "filename": "C:\\Users\\pc01\\source\\repos\\image-downloader\\src\\image_downloader\\observability\\logging.py",
    "fix": null,
    "location": {
      "column": 80,
      "row": 362
    },
    "message": "Line too long (115 > 79)",
    "name": "line-too-long",
    "noqa_row": 362,
    "severity": "error",
    "url": "https://docs.astral.sh/ruff/rules/line-too-long"
  },
  {
    "cell": null,
    "code": "E501",
    "end_location": {
      "column": 114,
      "row": 363
    },
    "filename": "C:\\Users\\pc01\\source\\repos\\image-downloader\\src\\image_downloader\\observability\\logging.py",
    "fix": null,
    "location": {
      "column": 80,
      "row": 363
    },
    "message": "Line too long (113 > 79)",
    "name": "line-too-long",
    "noqa_row": 363,
    "severity": "error",
    "url": "https://docs.astral.sh/ruff/rules/line-too-long"
  },
  {
    "cell": null,
    "code": "E501",
    "end_location": {
      "column": 106,
      "row": 365
    },
    "filename": "C:\\Users\\pc01\\source\\repos\\image-downloader\\src\\image_downloader\\observability\\logging.py",
    "fix": null,
    "location": {
      "column": 80,
      "row": 365
    },
    "message": "Line too long (105 > 79)",
    "name": "line-too-long",
    "noqa_row": 365,
    "severity": "error",
    "url": "https://docs.astral.sh/ruff/rules/line-too-long"
  },
  {
    "cell": null,
    "code": "E501",
    "end_location": {
      "column": 108,
      "row": 368
    },
    "filename": "C:\\Users\\pc01\\source\\repos\\image-downloader\\src\\image_downloader\\observability\\logging.py",
    "fix": null,
    "location": {
      "column": 80,
      "row": 368
    },
    "message": "Line too long (107 > 79)",
    "name": "line-too-long",
    "noqa_row": 368,
    "severity": "error",
    "url": "https://docs.astral.sh/ruff/rules/line-too-long"
  },
  {
    "cell": null,
    "code": "E501",
    "end_location": {
      "column": 106,
      "row": 369
    },
    "filename": "C:\\Users\\pc01\\source\\repos\\image-downloader\\src\\image_downloader\\observability\\logging.py",
    "fix": null,
    "location": {
      "column": 80,
      "row": 369
    },
    "message": "Line too long (105 > 79)",
    "name": "line-too-long",
    "noqa_row": 369,
    "severity": "error",
    "url": "https://docs.astral.sh/ruff/rules/line-too-long"
  },
  {
    "cell": null,
    "code": "E501",
    "end_location": {
      "column": 83,
      "row": 371
    },
    "filename": "C:\\Users\\pc01\\source\\repos\\image-downloader\\src\\image_downloader\\observability\\logging.py",
    "fix": null,
    "location": {
      "column": 80,
      "row": 371
    },
    "message": "Line too long (82 > 79)",
    "name": "line-too-long",
    "noqa_row": 371,
    "severity": "error",
    "url": "https://docs.astral.sh/ruff/rules/line-too-long"
  },
  {
    "cell": null,
    "code": "E501",
    "end_location": {
      "column": 85,
      "row": 376
    },
    "filename": "C:\\Users\\pc01\\source\\repos\\image-downloader\\src\\image_downloader\\observability\\logging.py",
    "fix": null,
    "location": {
      "column": 80,
      "row": 376
    },
    "message": "Line too long (84 > 79)",
    "name": "line-too-long",
    "noqa_row": 376,
    "severity": "error",
    "url": "https://docs.astral.sh/ruff/rules/line-too-long"
  },
  {
    "cell": null,
    "code": "E501",
    "end_location": {
      "column": 84,
      "row": 379
    },
    "filename": "C:\\Users\\pc01\\source\\repos\\image-downloader\\src\\image_downloader\\observability\\logging.py",
    "fix": null,
    "location": {
      "column": 80,
      "row": 379
    },
    "message": "Line too long (83 > 79)",
    "name": "line-too-long",
    "noqa_row": 379,
    "severity": "error",
    "url": "https://docs.astral.sh/ruff/rules/line-too-long"
  },
  {
    "cell": null,
    "code": "E501",
    "end_location": {
      "column": 96,
      "row": 380
    },
    "filename": "C:\\Users\\pc01\\source\\repos\\image-downloader\\src\\image_downloader\\observability\\logging.py",
    "fix": null,
    "location": {
      "column": 80,
      "row": 380
    },
    "message": "Line too long (95 > 79)",
    "name": "line-too-long",
    "noqa_row": 380,
    "severity": "error",
    "url": "https://docs.astral.sh/ruff/rules/line-too-long"
  },
  {
    "cell": null,
    "code": "E501",
    "end_location": {
      "column": 118,
      "row": 382
    },
    "filename": "C:\\Users\\pc01\\source\\repos\\image-downloader\\src\\image_downloader\\observability\\logging.py",
    "fix": null,
    "location": {
      "column": 80,
      "row": 382
    },
    "message": "Line too long (117 > 79)",
    "name": "line-too-long",
    "noqa_row": 382,
    "severity": "error",
    "url": "https://docs.astral.sh/ruff/rules/line-too-long"
  },
  {
    "cell": null,
    "code": "E501",
    "end_location": {
      "column": 94,
      "row": 383
    },
    "filename": "C:\\Users\\pc01\\source\\repos\\image-downloader\\src\\image_downloader\\observability\\logging.py",
    "fix": null,
    "location": {
      "column": 80,
      "row": 383
    },
    "message": "Line too long (93 > 79)",
    "name": "line-too-long",
    "noqa_row": 383,
    "severity": "error",
    "url": "https://docs.astral.sh/ruff/rules/line-too-long"
  },
  {
    "cell": null,
    "code": "E501",
    "end_location": {
      "column": 84,
      "row": 384
    },
    "filename": "C:\\Users\\pc01\\source\\repos\\image-downloader\\src\\image_downloader\\observability\\logging.py",
    "fix": null,
    "location": {
      "column": 80,
      "row": 384
    },
    "message": "Line too long (83 > 79)",
    "name": "line-too-long",
    "noqa_row": 384,
    "severity": "error",
    "url": "https://docs.astral.sh/ruff/rules/line-too-long"
  },
  {
    "cell": null,
    "code": "E501",
    "end_location": {
      "column": 82,
      "row": 388
    },
    "filename": "C:\\Users\\pc01\\source\\repos\\image-downloader\\src\\image_downloader\\observability\\logging.py",
    "fix": null,
    "location": {
      "column": 80,
      "row": 388
    },
    "message": "Line too long (81 > 79)",
    "name": "line-too-long",
    "noqa_row": 388,
    "severity": "error",
    "url": "https://docs.astral.sh/ruff/rules/line-too-long"
  },
  {
    "cell": null,
    "code": "E501",
    "end_location": {
      "column": 84,
      "row": 390
    },
    "filename": "C:\\Users\\pc01\\source\\repos\\image-downloader\\src\\image_downloader\\observability\\logging.py",
    "fix": null,
    "location": {
      "column": 80,
      "row": 390
    },
    "message": "Line too long (83 > 79)",
    "name": "line-too-long",
    "noqa_row": 390,
    "severity": "error",
    "url": "https://docs.astral.sh/ruff/rules/line-too-long"
  },
  {
    "cell": null,
    "code": "E501",
    "end_location": {
      "column": 87,
      "row": 401
    },
    "filename": "C:\\Users\\pc01\\source\\repos\\image-downloader\\src\\image_downloader\\observability\\logging.py",
    "fix": null,
    "location": {
      "column": 80,
      "row": 401
    },
    "message": "Line too long (86 > 79)",
    "name": "line-too-long",
    "noqa_row": 401,
    "severity": "error",
    "url": "https://docs.astral.sh/ruff/rules/line-too-long"
  },
  {
    "cell": null,
    "code": "E501",
    "end_location": {
      "column": 86,
      "row": 403
    },
    "filename": "C:\\Users\\pc01\\source\\repos\\image-downloader\\src\\image_downloader\\observability\\logging.py",
    "fix": null,
    "location": {
      "column": 80,
      "row": 403
    },
    "message": "Line too long (85 > 79)",
    "name": "line-too-long",
    "noqa_row": 403,
    "severity": "error",
    "url": "https://docs.astral.sh/ruff/rules/line-too-long"
  },
  {
    "cell": null,
    "code": "E501",
    "end_location": {
      "column": 88,
      "row": 404
    },
    "filename": "C:\\Users\\pc01\\source\\repos\\image-downloader\\src\\image_downloader\\observability\\logging.py",
    "fix": null,
    "location": {
      "column": 80,
      "row": 404
    },
    "message": "Line too long (87 > 79)",
    "name": "line-too-long",
    "noqa_row": 404,
    "severity": "error",
    "url": "https://docs.astral.sh/ruff/rules/line-too-long"
  },
  {
    "cell": null,
    "code": "E501",
    "end_location": {
      "column": 86,
      "row": 405
    },
    "filename": "C:\\Users\\pc01\\source\\repos\\image-downloader\\src\\image_downloader\\observability\\logging.py",
    "fix": null,
    "location": {
      "column": 80,
      "row": 405
    },
    "message": "Line too long (85 > 79)",
    "name": "line-too-long",
    "noqa_row": 405,
    "severity": "error",
    "url": "https://docs.astral.sh/ruff/rules/line-too-long"
  },
  {
    "cell": null,
    "code": "E501",
    "end_location": {
      "column": 89,
      "row": 408
    },
    "filename": "C:\\Users\\pc01\\source\\repos\\image-downloader\\src\\image_downloader\\observability\\logging.py",
    "fix": null,
    "location": {
      "column": 80,
      "row": 408
    },
    "message": "Line too long (88 > 79)",
    "name": "line-too-long",
    "noqa_row": 408,
    "severity": "error",
    "url": "https://docs.astral.sh/ruff/rules/line-too-long"
  },
  {
    "cell": null,
    "code": "E501",
    "end_location": {
      "column": 93,
      "row": 442
    },
    "filename": "C:\\Users\\pc01\\source\\repos\\image-downloader\\src\\image_downloader\\observability\\logging.py",
    "fix": null,
    "location": {
      "column": 80,
      "row": 442
    },
    "message": "Line too long (92 > 79)",
    "name": "line-too-long",
    "noqa_row": 442,
    "severity": "error",
    "url": "https://docs.astral.sh/ruff/rules/line-too-long"
  },
  {
    "cell": null,
    "code": "E501",
    "end_location": {
      "column": 102,
      "row": 445
    },
    "filename": "C:\\Users\\pc01\\source\\repos\\image-downloader\\src\\image_downloader\\observability\\logging.py",
    "fix": null,
    "location": {
      "column": 80,
      "row": 445
    },
    "message": "Line too long (101 > 79)",
    "name": "line-too-long",
    "noqa_row": 445,
    "severity": "error",
    "url": "https://docs.astral.sh/ruff/rules/line-too-long"
  },
  {
    "cell": null,
    "code": "E501",
    "end_location": {
      "column": 90,
      "row": 455
    },
    "filename": "C:\\Users\\pc01\\source\\repos\\image-downloader\\src\\image_downloader\\observability\\logging.py",
    "fix": null,
    "location": {
      "column": 80,
      "row": 455
    },
    "message": "Line too long (89 > 79)",
    "name": "line-too-long",
    "noqa_row": 455,
    "severity": "error",
    "url": "https://docs.astral.sh/ruff/rules/line-too-long"
  },
  {
    "cell": null,
    "code": "E501",
    "end_location": {
      "column": 87,
      "row": 459
    },
    "filename": "C:\\Users\\pc01\\source\\repos\\image-downloader\\src\\image_downloader\\observability\\logging.py",
    "fix": null,
    "location": {
      "column": 80,
      "row": 459
    },
    "message": "Line too long (86 > 79)",
    "name": "line-too-long",
    "noqa_row": 459,
    "severity": "error",
    "url": "https://docs.astral.sh/ruff/rules/line-too-long"
  },
  {
    "cell": null,
    "code": "E501",
    "end_location": {
      "column": 114,
      "row": 462
    },
    "filename": "C:\\Users\\pc01\\source\\repos\\image-downloader\\src\\image_downloader\\observability\\logging.py",
    "fix": null,
    "location": {
      "column": 80,
      "row": 462
    },
    "message": "Line too long (113 > 79)",
    "name": "line-too-long",
    "noqa_row": 462,
    "severity": "error",
    "url": "https://docs.astral.sh/ruff/rules/line-too-long"
  },
  {
    "cell": null,
    "code": "E501",
    "end_location": {
      "column": 113,
      "row": 464
    },
    "filename": "C:\\Users\\pc01\\source\\repos\\image-downloader\\src\\image_downloader\\observability\\logging.py",
    "fix": null,
    "location": {
      "column": 80,
      "row": 464
    },
    "message": "Line too long (112 > 79)",
    "name": "line-too-long",
    "noqa_row": 464,
    "severity": "error",
    "url": "https://docs.astral.sh/ruff/rules/line-too-long"
  },
  {
    "cell": null,
    "code": "E501",
    "end_location": {
      "column": 86,
      "row": 470
    },
    "filename": "C:\\Users\\pc01\\source\\repos\\image-downloader\\src\\image_downloader\\observability\\logging.py",
    "fix": null,
    "location": {
      "column": 80,
      "row": 470
    },
    "message": "Line too long (85 > 79)",
    "name": "line-too-long",
    "noqa_row": 470,
    "severity": "error",
    "url": "https://docs.astral.sh/ruff/rules/line-too-long"
  },
  {
    "cell": null,
    "code": "E501",
    "end_location": {
      "column": 95,
      "row": 472
    },
    "filename": "C:\\Users\\pc01\\source\\repos\\image-downloader\\src\\image_downloader\\observability\\logging.py",
    "fix": null,
    "location": {
      "column": 80,
      "row": 472
    },
    "message": "Line too long (94 > 79)",
    "name": "line-too-long",
    "noqa_row": 472,
    "severity": "error",
    "url": "https://docs.astral.sh/ruff/rules/line-too-long"
  },
  {
    "cell": null,
    "code": "E501",
    "end_location": {
      "column": 89,
      "row": 474
    },
    "filename": "C:\\Users\\pc01\\source\\repos\\image-downloader\\src\\image_downloader\\observability\\logging.py",
    "fix": null,
    "location": {
      "column": 80,
      "row": 474
    },
    "message": "Line too long (88 > 79)",
    "name": "line-too-long",
    "noqa_row": 474,
    "severity": "error",
    "url": "https://docs.astral.sh/ruff/rules/line-too-long"
  },
  {
    "cell": null,
    "code": "E501",
    "end_location": {
      "column": 87,
      "row": 475
    },
    "filename": "C:\\Users\\pc01\\source\\repos\\image-downloader\\src\\image_downloader\\observability\\logging.py",
    "fix": null,
    "location": {
      "column": 80,
      "row": 475
    },
    "message": "Line too long (86 > 79)",
    "name": "line-too-long",
    "noqa_row": 475,
    "severity": "error",
    "url": "https://docs.astral.sh/ruff/rules/line-too-long"
  },
  {
    "cell": null,
    "code": "E501",
    "end_location": {
      "column": 86,
      "row": 479
    },
    "filename": "C:\\Users\\pc01\\source\\repos\\image-downloader\\src\\image_downloader\\observability\\logging.py",
    "fix": null,
    "location": {
      "column": 80,
      "row": 479
    },
    "message": "Line too long (85 > 79)",
    "name": "line-too-long",
    "noqa_row": 479,
    "severity": "error",
    "url": "https://docs.astral.sh/ruff/rules/line-too-long"
  },
  {
    "cell": null,
    "code": "E501",
    "end_location": {
      "column": 89,
      "row": 482
    },
    "filename": "C:\\Users\\pc01\\source\\repos\\image-downloader\\src\\image_downloader\\observability\\logging.py",
    "fix": null,
    "location": {
      "column": 80,
      "row": 482
    },
    "message": "Line too long (88 > 79)",
    "name": "line-too-long",
    "noqa_row": 482,
    "severity": "error",
    "url": "https://docs.astral.sh/ruff/rules/line-too-long"
  },
  {
    "cell": null,
    "code": "E501",
    "end_location": {
      "column": 103,
      "row": 498
    },
    "filename": "C:\\Users\\pc01\\source\\repos\\image-downloader\\src\\image_downloader\\observability\\logging.py",
    "fix": null,
    "location": {
      "column": 80,
      "row": 498
    },
    "message": "Line too long (102 > 79)",
    "name": "line-too-long",
    "noqa_row": 498,
    "severity": "error",
    "url": "https://docs.astral.sh/ruff/rules/line-too-long"
  },
  {
    "cell": null,
    "code": "E501",
    "end_location": {
      "column": 110,
      "row": 501
    },
    "filename": "C:\\Users\\pc01\\source\\repos\\image-downloader\\src\\image_downloader\\observability\\logging.py",
    "fix": null,
    "location": {
      "column": 80,
      "row": 501
    },
    "message": "Line too long (109 > 79)",
    "name": "line-too-long",
    "noqa_row": 501,
    "severity": "error",
    "url": "https://docs.astral.sh/ruff/rules/line-too-long"
  },
  {
    "cell": null,
    "code": "E501",
    "end_location": {
      "column": 98,
      "row": 515
    },
    "filename": "C:\\Users\\pc01\\source\\repos\\image-downloader\\src\\image_downloader\\observability\\logging.py",
    "fix": null,
    "location": {
      "column": 80,
      "row": 515
    },
    "message": "Line too long (97 > 79)",
    "name": "line-too-long",
    "noqa_row": 515,
    "severity": "error",
    "url": "https://docs.astral.sh/ruff/rules/line-too-long"
  },
  {
    "cell": null,
    "code": "E501",
    "end_location": {
      "column": 97,
      "row": 15
    },
    "filename": "C:\\Users\\pc01\\source\\repos\\image-downloader\\src\\image_downloader\\observability\\notifications.py",
    "fix": null,
    "location": {
      "column": 80,
      "row": 15
    },
    "message": "Line too long (96 > 79)",
    "name": "line-too-long",
    "noqa_row": 15,
    "severity": "error",
    "url": "https://docs.astral.sh/ruff/rules/line-too-long"
  },
  {
    "cell": null,
    "code": "E501",
    "end_location": {
      "column": 84,
      "row": 57
    },
    "filename": "C:\\Users\\pc01\\source\\repos\\image-downloader\\src\\image_downloader\\observability\\notifications.py",
    "fix": null,
    "location": {
      "column": 80,
      "row": 57
    },
    "message": "Line too long (83 > 79)",
    "name": "line-too-long",
    "noqa_row": 57,
    "severity": "error",
    "url": "https://docs.astral.sh/ruff/rules/line-too-long"
  },
  {
    "cell": null,
    "code": "E501",
    "end_location": {
      "column": 101,
      "row": 60
    },
    "filename": "C:\\Users\\pc01\\source\\repos\\image-downloader\\src\\image_downloader\\observability\\notifications.py",
    "fix": null,
    "location": {
      "column": 80,
      "row": 60
    },
    "message": "Line too long (100 > 79)",
    "name": "line-too-long",
    "noqa_row": 60,
    "severity": "error",
    "url": "https://docs.astral.sh/ruff/rules/line-too-long"
  },
  {
    "cell": null,
    "code": "E501",
    "end_location": {
      "column": 105,
      "row": 62
    },
    "filename": "C:\\Users\\pc01\\source\\repos\\image-downloader\\src\\image_downloader\\observability\\notifications.py",
    "fix": null,
    "location": {
      "column": 80,
      "row": 62
    },
    "message": "Line too long (104 > 79)",
    "name": "line-too-long",
    "noqa_row": 62,
    "severity": "error",
    "url": "https://docs.astral.sh/ruff/rules/line-too-long"
  },
  {
    "cell": null,
    "code": "E501",
    "end_location": {
      "column": 86,
      "row": 64
    },
    "filename": "C:\\Users\\pc01\\source\\repos\\image-downloader\\src\\image_downloader\\observability\\notifications.py",
    "fix": null,
    "location": {
      "column": 80,
      "row": 64
    },
    "message": "Line too long (85 > 79)",
    "name": "line-too-long",
    "noqa_row": 64,
    "severity": "error",
    "url": "https://docs.astral.sh/ruff/rules/line-too-long"
  },
  {
    "cell": null,
    "code": "E501",
    "end_location": {
      "column": 91,
      "row": 65
    },
    "filename": "C:\\Users\\pc01\\source\\repos\\image-downloader\\src\\image_downloader\\observability\\notifications.py",
    "fix": null,
    "location": {
      "column": 80,
      "row": 65
    },
    "message": "Line too long (90 > 79)",
    "name": "line-too-long",
    "noqa_row": 65,
    "severity": "error",
    "url": "https://docs.astral.sh/ruff/rules/line-too-long"
  },
  {
    "cell": null,
    "code": "E501",
    "end_location": {
      "column": 109,
      "row": 66
    },
    "filename": "C:\\Users\\pc01\\source\\repos\\image-downloader\\src\\image_downloader\\observability\\notifications.py",
    "fix": null,
    "location": {
      "column": 80,
      "row": 66
    },
    "message": "Line too long (108 > 79)",
    "name": "line-too-long",
    "noqa_row": 66,
    "severity": "error",
    "url": "https://docs.astral.sh/ruff/rules/line-too-long"
  },
  {
    "cell": null,
    "code": "E501",
    "end_location": {
      "column": 88,
      "row": 67
    },
    "filename": "C:\\Users\\pc01\\source\\repos\\image-downloader\\src\\image_downloader\\observability\\notifications.py",
    "fix": null,
    "location": {
      "column": 80,
      "row": 67
    },
    "message": "Line too long (87 > 79)",
    "name": "line-too-long",
    "noqa_row": 67,
    "severity": "error",
    "url": "https://docs.astral.sh/ruff/rules/line-too-long"
  },
  {
    "cell": null,
    "code": "E501",
    "end_location": {
      "column": 98,
      "row": 75
    },
    "filename": "C:\\Users\\pc01\\source\\repos\\image-downloader\\src\\image_downloader\\observability\\notifications.py",
    "fix": null,
    "location": {
      "column": 80,
      "row": 75
    },
    "message": "Line too long (97 > 79)",
    "name": "line-too-long",
    "noqa_row": 75,
    "severity": "error",
    "url": "https://docs.astral.sh/ruff/rules/line-too-long"
  },
  {
    "cell": null,
    "code": "E501",
    "end_location": {
      "column": 84,
      "row": 87
    },
    "filename": "C:\\Users\\pc01\\source\\repos\\image-downloader\\src\\image_downloader\\observability\\notifications.py",
    "fix": null,
    "location": {
      "column": 80,
      "row": 87
    },
    "message": "Line too long (83 > 79)",
    "name": "line-too-long",
    "noqa_row": 87,
    "severity": "error",
    "url": "https://docs.astral.sh/ruff/rules/line-too-long"
  },
  {
    "cell": null,
    "code": "E501",
    "end_location": {
      "column": 86,
      "row": 88
    },
    "filename": "C:\\Users\\pc01\\source\\repos\\image-downloader\\src\\image_downloader\\observability\\notifications.py",
    "fix": null,
    "location": {
      "column": 80,
      "row": 88
    },
    "message": "Line too long (85 > 79)",
    "name": "line-too-long",
    "noqa_row": 88,
    "severity": "error",
    "url": "https://docs.astral.sh/ruff/rules/line-too-long"
  },
  {
    "cell": null,
    "code": "E501",
    "end_location": {
      "column": 83,
      "row": 91
    },
    "filename": "C:\\Users\\pc01\\source\\repos\\image-downloader\\src\\image_downloader\\observability\\notifications.py",
    "fix": null,
    "location": {
      "column": 80,
      "row": 91
    },
    "message": "Line too long (82 > 79)",
    "name": "line-too-long",
    "noqa_row": 91,
    "severity": "error",
    "url": "https://docs.astral.sh/ruff/rules/line-too-long"
  },
  {
    "cell": null,
    "code": "E501",
    "end_location": {
      "column": 112,
      "row": 96
    },
    "filename": "C:\\Users\\pc01\\source\\repos\\image-downloader\\src\\image_downloader\\observability\\notifications.py",
    "fix": null,
    "location": {
      "column": 80,
      "row": 96
    },
    "message": "Line too long (111 > 79)",
    "name": "line-too-long",
    "noqa_row": 96,
    "severity": "error",
    "url": "https://docs.astral.sh/ruff/rules/line-too-long"
  },
  {
    "cell": null,
    "code": "E501",
    "end_location": {
      "column": 107,
      "row": 103
    },
    "filename": "C:\\Users\\pc01\\source\\repos\\image-downloader\\src\\image_downloader\\observability\\notifications.py",
    "fix": null,
    "location": {
      "column": 80,
      "row": 103
    },
    "message": "Line too long (106 > 79)",
    "name": "line-too-long",
    "noqa_row": 103,
    "severity": "error",
    "url": "https://docs.astral.sh/ruff/rules/line-too-long"
  },
  {
    "cell": null,
    "code": "E501",
    "end_location": {
      "column": 86,
      "row": 145
    },
    "filename": "C:\\Users\\pc01\\source\\repos\\image-downloader\\src\\image_downloader\\observability\\notifications.py",
    "fix": null,
    "location": {
      "column": 80,
      "row": 145
    },
    "message": "Line too long (85 > 79)",
    "name": "line-too-long",
    "noqa_row": 145,
    "severity": "error",
    "url": "https://docs.astral.sh/ruff/rules/line-too-long"
  },
  {
    "cell": null,
    "code": "E501",
    "end_location": {
      "column": 86,
      "row": 167
    },
    "filename": "C:\\Users\\pc01\\source\\repos\\image-downloader\\src\\image_downloader\\observability\\notifications.py",
    "fix": null,
    "location": {
      "column": 80,
      "row": 167
    },
    "message": "Line too long (85 > 79)",
    "name": "line-too-long",
    "noqa_row": 167,
    "severity": "error",
    "url": "https://docs.astral.sh/ruff/rules/line-too-long"
  },
  {
    "cell": null,
    "code": "E501",
    "end_location": {
      "column": 105,
      "row": 170
    },
    "filename": "C:\\Users\\pc01\\source\\repos\\image-downloader\\src\\image_downloader\\observability\\notifications.py",
    "fix": null,
    "location": {
      "column": 80,
      "row": 170
    },
    "message": "Line too long (104 > 79)",
    "name": "line-too-long",
    "noqa_row": 170,
    "severity": "error",
    "url": "https://docs.astral.sh/ruff/rules/line-too-long"
  },
  {
    "cell": null,
    "code": "E501",
    "end_location": {
      "column": 113,
      "row": 223
    },
    "filename": "C:\\Users\\pc01\\source\\repos\\image-downloader\\src\\image_downloader\\observability\\notifications.py",
    "fix": null,
    "location": {
      "column": 80,
      "row": 223
    },
    "message": "Line too long (112 > 79)",
    "name": "line-too-long",
    "noqa_row": 223,
    "severity": "error",
    "url": "https://docs.astral.sh/ruff/rules/line-too-long"
  },
  {
    "cell": null,
    "code": "E501",
    "end_location": {
      "column": 88,
      "row": 237
    },
    "filename": "C:\\Users\\pc01\\source\\repos\\image-downloader\\src\\image_downloader\\observability\\notifications.py",
    "fix": null,
    "location": {
      "column": 80,
      "row": 237
    },
    "message": "Line too long (87 > 79)",
    "name": "line-too-long",
    "noqa_row": 237,
    "severity": "error",
    "url": "https://docs.astral.sh/ruff/rules/line-too-long"
  },
  {
    "cell": null,
    "code": "E501",
    "end_location": {
      "column": 103,
      "row": 238
    },
    "filename": "C:\\Users\\pc01\\source\\repos\\image-downloader\\src\\image_downloader\\observability\\notifications.py",
    "fix": null,
    "location": {
      "column": 80,
      "row": 238
    },
    "message": "Line too long (102 > 79)",
    "name": "line-too-long",
    "noqa_row": 238,
    "severity": "error",
    "url": "https://docs.astral.sh/ruff/rules/line-too-long"
  },
  {
    "cell": null,
    "code": "E501",
    "end_location": {
      "column": 96,
      "row": 239
    },
    "filename": "C:\\Users\\pc01\\source\\repos\\image-downloader\\src\\image_downloader\\observability\\notifications.py",
    "fix": null,
    "location": {
      "column": 80,
      "row": 239
    },
    "message": "Line too long (95 > 79)",
    "name": "line-too-long",
    "noqa_row": 239,
    "severity": "error",
    "url": "https://docs.astral.sh/ruff/rules/line-too-long"
  },
  {
    "cell": null,
    "code": "E501",
    "end_location": {
      "column": 84,
      "row": 242
    },
    "filename": "C:\\Users\\pc01\\source\\repos\\image-downloader\\src\\image_downloader\\observability\\notifications.py",
    "fix": null,
    "location": {
      "column": 80,
      "row": 242
    },
    "message": "Line too long (83 > 79)",
    "name": "line-too-long",
    "noqa_row": 242,
    "severity": "error",
    "url": "https://docs.astral.sh/ruff/rules/line-too-long"
  },
  {
    "cell": null,
    "code": "E501",
    "end_location": {
      "column": 111,
      "row": 257
    },
    "filename": "C:\\Users\\pc01\\source\\repos\\image-downloader\\src\\image_downloader\\observability\\notifications.py",
    "fix": null,
    "location": {
      "column": 80,
      "row": 257
    },
    "message": "Line too long (110 > 79)",
    "name": "line-too-long",
    "noqa_row": 257,
    "severity": "error",
    "url": "https://docs.astral.sh/ruff/rules/line-too-long"
  },
  {
    "cell": null,
    "code": "E501",
    "end_location": {
      "column": 94,
      "row": 260
    },
    "filename": "C:\\Users\\pc01\\source\\repos\\image-downloader\\src\\image_downloader\\observability\\notifications.py",
    "fix": null,
    "location": {
      "column": 80,
      "row": 260
    },
    "message": "Line too long (93 > 79)",
    "name": "line-too-long",
    "noqa_row": 260,
    "severity": "error",
    "url": "https://docs.astral.sh/ruff/rules/line-too-long"
  },
  {
    "cell": null,
    "code": "E501",
    "end_location": {
      "column": 103,
      "row": 262
    },
    "filename": "C:\\Users\\pc01\\source\\repos\\image-downloader\\src\\image_downloader\\observability\\notifications.py",
    "fix": null,
    "location": {
      "column": 80,
      "row": 262
    },
    "message": "Line too long (102 > 79)",
    "name": "line-too-long",
    "noqa_row": 262,
    "severity": "error",
    "url": "https://docs.astral.sh/ruff/rules/line-too-long"
  },
  {
    "cell": null,
    "code": "E501",
    "end_location": {
      "column": 103,
      "row": 273
    },
    "filename": "C:\\Users\\pc01\\source\\repos\\image-downloader\\src\\image_downloader\\observability\\notifications.py",
    "fix": null,
    "location": {
      "column": 80,
      "row": 273
    },
    "message": "Line too long (102 > 79)",
    "name": "line-too-long",
    "noqa_row": 273,
    "severity": "error",
    "url": "https://docs.astral.sh/ruff/rules/line-too-long"
  },
  {
    "cell": null,
    "code": "E501",
    "end_location": {
      "column": 105,
      "row": 295
    },
    "filename": "C:\\Users\\pc01\\source\\repos\\image-downloader\\src\\image_downloader\\observability\\notifications.py",
    "fix": null,
    "location": {
      "column": 80,
      "row": 295
    },
    "message": "Line too long (104 > 79)",
    "name": "line-too-long",
    "noqa_row": 295,
    "severity": "error",
    "url": "https://docs.astral.sh/ruff/rules/line-too-long"
  },
  {
    "cell": null,
    "code": "E501",
    "end_location": {
      "column": 88,
      "row": 297
    },
    "filename": "C:\\Users\\pc01\\source\\repos\\image-downloader\\src\\image_downloader\\observability\\notifications.py",
    "fix": null,
    "location": {
      "column": 80,
      "row": 297
    },
    "message": "Line too long (87 > 79)",
    "name": "line-too-long",
    "noqa_row": 297,
    "severity": "error",
    "url": "https://docs.astral.sh/ruff/rules/line-too-long"
  },
  {
    "cell": null,
    "code": "E501",
    "end_location": {
      "column": 83,
      "row": 308
    },
    "filename": "C:\\Users\\pc01\\source\\repos\\image-downloader\\src\\image_downloader\\observability\\notifications.py",
    "fix": null,
    "location": {
      "column": 80,
      "row": 308
    },
    "message": "Line too long (82 > 79)",
    "name": "line-too-long",
    "noqa_row": 308,
    "severity": "error",
    "url": "https://docs.astral.sh/ruff/rules/line-too-long"
  },
  {
    "cell": null,
    "code": "E501",
    "end_location": {
      "column": 88,
      "row": 351
    },
    "filename": "C:\\Users\\pc01\\source\\repos\\image-downloader\\src\\image_downloader\\observability\\notifications.py",
    "fix": null,
    "location": {
      "column": 80,
      "row": 351
    },
    "message": "Line too long (87 > 79)",
    "name": "line-too-long",
    "noqa_row": 351,
    "severity": "error",
    "url": "https://docs.astral.sh/ruff/rules/line-too-long"
  },
  {
    "cell": null,
    "code": "E501",
    "end_location": {
      "column": 92,
      "row": 354
    },
    "filename": "C:\\Users\\pc01\\source\\repos\\image-downloader\\src\\image_downloader\\observability\\notifications.py",
    "fix": null,
    "location": {
      "column": 80,
      "row": 354
    },
    "message": "Line too long (91 > 79)",
    "name": "line-too-long",
    "noqa_row": 354,
    "severity": "error",
    "url": "https://docs.astral.sh/ruff/rules/line-too-long"
  },
  {
    "cell": null,
    "code": "E501",
    "end_location": {
      "column": 97,
      "row": 375
    },
    "filename": "C:\\Users\\pc01\\source\\repos\\image-downloader\\src\\image_downloader\\observability\\notifications.py",
    "fix": null,
    "location": {
      "column": 80,
      "row": 375
    },
    "message": "Line too long (96 > 79)",
    "name": "line-too-long",
    "noqa_row": 375,
    "severity": "error",
    "url": "https://docs.astral.sh/ruff/rules/line-too-long"
  },
  {
    "cell": null,
    "code": "E501",
    "end_location": {
      "column": 92,
      "row": 386
    },
    "filename": "C:\\Users\\pc01\\source\\repos\\image-downloader\\src\\image_downloader\\observability\\notifications.py",
    "fix": null,
    "location": {
      "column": 80,
      "row": 386
    },
    "message": "Line too long (91 > 79)",
    "name": "line-too-long",
    "noqa_row": 386,
    "severity": "error",
    "url": "https://docs.astral.sh/ruff/rules/line-too-long"
  },
  {
    "cell": null,
    "code": "E501",
    "end_location": {
      "column": 82,
      "row": 33
    },
    "filename": "C:\\Users\\pc01\\source\\repos\\image-downloader\\src\\image_downloader\\observability\\scope.py",
    "fix": null,
    "location": {
      "column": 80,
      "row": 33
    },
    "message": "Line too long (81 > 79)",
    "name": "line-too-long",
    "noqa_row": 33,
    "severity": "error",
    "url": "https://docs.astral.sh/ruff/rules/line-too-long"
  },
  {
    "cell": null,
    "code": "E501",
    "end_location": {
      "column": 103,
      "row": 9
    },
    "filename": "C:\\Users\\pc01\\source\\repos\\image-downloader\\src\\image_downloader\\output\\format_tokens.py",
    "fix": null,
    "location": {
      "column": 80,
      "row": 9
    },
    "message": "Line too long (102 > 79)",
    "name": "line-too-long",
    "noqa_row": 9,
    "severity": "error",
    "url": "https://docs.astral.sh/ruff/rules/line-too-long"
  },
  {
    "cell": null,
    "code": "E501",
    "end_location": {
      "column": 116,
      "row": 11
    },
    "filename": "C:\\Users\\pc01\\source\\repos\\image-downloader\\src\\image_downloader\\output\\format_tokens.py",
    "fix": null,
    "location": {
      "column": 80,
      "row": 11
    },
    "message": "Line too long (115 > 79)",
    "name": "line-too-long",
    "noqa_row": 11,
    "severity": "error",
    "url": "https://docs.astral.sh/ruff/rules/line-too-long"
  },
  {
    "cell": null,
    "code": "E501",
    "end_location": {
      "column": 87,
      "row": 12
    },
    "filename": "C:\\Users\\pc01\\source\\repos\\image-downloader\\src\\image_downloader\\output\\original_filename.py",
    "fix": null,
    "location": {
      "column": 80,
      "row": 12
    },
    "message": "Line too long (86 > 79)",
    "name": "line-too-long",
    "noqa_row": 12,
    "severity": "error",
    "url": "https://docs.astral.sh/ruff/rules/line-too-long"
  },
  {
    "cell": null,
    "code": "E501",
    "end_location": {
      "column": 83,
      "row": 13
    },
    "filename": "C:\\Users\\pc01\\source\\repos\\image-downloader\\src\\image_downloader\\output\\original_filename.py",
    "fix": null,
    "location": {
      "column": 80,
      "row": 13
    },
    "message": "Line too long (82 > 79)",
    "name": "line-too-long",
    "noqa_row": 19,
    "severity": "error",
    "url": "https://docs.astral.sh/ruff/rules/line-too-long"
  },
  {
    "cell": null,
    "code": "E501",
    "end_location": {
      "column": 81,
      "row": 15
    },
    "filename": "C:\\Users\\pc01\\source\\repos\\image-downloader\\src\\image_downloader\\output\\original_filename.py",
    "fix": null,
    "location": {
      "column": 80,
      "row": 15
    },
    "message": "Line too long (80 > 79)",
    "name": "line-too-long",
    "noqa_row": 19,
    "severity": "error",
    "url": "https://docs.astral.sh/ruff/rules/line-too-long"
  },
  {
    "cell": null,
    "code": "E501",
    "end_location": {
      "column": 104,
      "row": 27
    },
    "filename": "C:\\Users\\pc01\\source\\repos\\image-downloader\\src\\image_downloader\\output\\original_filename.py",
    "fix": null,
    "location": {
      "column": 80,
      "row": 27
    },
    "message": "Line too long (103 > 79)",
    "name": "line-too-long",
    "noqa_row": 27,
    "severity": "error",
    "url": "https://docs.astral.sh/ruff/rules/line-too-long"
  },
  {
    "cell": null,
    "code": "E501",
    "end_location": {
      "column": 87,
      "row": 30
    },
    "filename": "C:\\Users\\pc01\\source\\repos\\image-downloader\\src\\image_downloader\\output\\original_filename.py",
    "fix": null,
    "location": {
      "column": 80,
      "row": 30
    },
    "message": "Line too long (86 > 79)",
    "name": "line-too-long",
    "noqa_row": 30,
    "severity": "error",
    "url": "https://docs.astral.sh/ruff/rules/line-too-long"
  },
  {
    "cell": null,
    "code": "E501",
    "end_location": {
      "column": 81,
      "row": 31
    },
    "filename": "C:\\Users\\pc01\\source\\repos\\image-downloader\\src\\image_downloader\\output\\original_filename.py",
    "fix": null,
    "location": {
      "column": 80,
      "row": 31
    },
    "message": "Line too long (80 > 79)",
    "name": "line-too-long",
    "noqa_row": 31,
    "severity": "error",
    "url": "https://docs.astral.sh/ruff/rules/line-too-long"
  },
  {
    "cell": null,
    "code": "E501",
    "end_location": {
      "column": 100,
      "row": 93
    },
    "filename": "C:\\Users\\pc01\\source\\repos\\image-downloader\\src\\image_downloader\\output\\original_filename.py",
    "fix": null,
    "location": {
      "column": 80,
      "row": 93
    },
    "message": "Line too long (99 > 79)",
    "name": "line-too-long",
    "noqa_row": 93,
    "severity": "error",
    "url": "https://docs.astral.sh/ruff/rules/line-too-long"
  },
  {
    "cell": null,
    "code": "E501",
    "end_location": {
      "column": 92,
      "row": 109
    },
    "filename": "C:\\Users\\pc01\\source\\repos\\image-downloader\\src\\image_downloader\\output\\original_filename.py",
    "fix": null,
    "location": {
      "column": 80,
      "row": 109
    },
    "message": "Line too long (91 > 79)",
    "name": "line-too-long",
    "noqa_row": 109,
    "severity": "error",
    "url": "https://docs.astral.sh/ruff/rules/line-too-long"
  },
  {
    "cell": null,
    "code": "E501",
    "end_location": {
      "column": 84,
      "row": 155
    },
    "filename": "C:\\Users\\pc01\\source\\repos\\image-downloader\\src\\image_downloader\\output\\original_filename.py",
    "fix": null,
    "location": {
      "column": 80,
      "row": 155
    },
    "message": "Line too long (83 > 79)",
    "name": "line-too-long",
    "noqa_row": 155,
    "severity": "error",
    "url": "https://docs.astral.sh/ruff/rules/line-too-long"
  },
  {
    "cell": null,
    "code": "E501",
    "end_location": {
      "column": 94,
      "row": 12
    },
    "filename": "C:\\Users\\pc01\\source\\repos\\image-downloader\\src\\image_downloader\\output\\output_allocator.py",
    "fix": null,
    "location": {
      "column": 80,
      "row": 12
    },
    "message": "Line too long (93 > 79)",
    "name": "line-too-long",
    "noqa_row": 12,
    "severity": "error",
    "url": "https://docs.astral.sh/ruff/rules/line-too-long"
  },
  {
    "cell": null,
    "code": "E501",
    "end_location": {
      "column": 101,
      "row": 24
    },
    "filename": "C:\\Users\\pc01\\source\\repos\\image-downloader\\src\\image_downloader\\output\\output_allocator.py",
    "fix": null,
    "location": {
      "column": 80,
      "row": 24
    },
    "message": "Line too long (100 > 79)",
    "name": "line-too-long",
    "noqa_row": 24,
    "severity": "error",
    "url": "https://docs.astral.sh/ruff/rules/line-too-long"
  },
  {
    "cell": null,
    "code": "E501",
    "end_location": {
      "column": 81,
      "row": 38
    },
    "filename": "C:\\Users\\pc01\\source\\repos\\image-downloader\\src\\image_downloader\\output\\output_allocator.py",
    "fix": null,
    "location": {
      "column": 80,
      "row": 38
    },
    "message": "Line too long (80 > 79)",
    "name": "line-too-long",
    "noqa_row": 38,
    "severity": "error",
    "url": "https://docs.astral.sh/ruff/rules/line-too-long"
  },
  {
    "cell": null,
    "code": "E501",
    "end_location": {
      "column": 101,
      "row": 41
    },
    "filename": "C:\\Users\\pc01\\source\\repos\\image-downloader\\src\\image_downloader\\output\\output_allocator.py",
    "fix": null,
    "location": {
      "column": 80,
      "row": 41
    },
    "message": "Line too long (100 > 79)",
    "name": "line-too-long",
    "noqa_row": 41,
    "severity": "error",
    "url": "https://docs.astral.sh/ruff/rules/line-too-long"
  },
  {
    "cell": null,
    "code": "E501",
    "end_location": {
      "column": 83,
      "row": 42
    },
    "filename": "C:\\Users\\pc01\\source\\repos\\image-downloader\\src\\image_downloader\\output\\output_allocator.py",
    "fix": null,
    "location": {
      "column": 80,
      "row": 42
    },
    "message": "Line too long (82 > 79)",
    "name": "line-too-long",
    "noqa_row": 42,
    "severity": "error",
    "url": "https://docs.astral.sh/ruff/rules/line-too-long"
  },
  {
    "cell": null,
    "code": "E501",
    "end_location": {
      "column": 91,
      "row": 43
    },
    "filename": "C:\\Users\\pc01\\source\\repos\\image-downloader\\src\\image_downloader\\output\\output_allocator.py",
    "fix": null,
    "location": {
      "column": 80,
      "row": 43
    },
    "message": "Line too long (90 > 79)",
    "name": "line-too-long",
    "noqa_row": 43,
    "severity": "error",
    "url": "https://docs.astral.sh/ruff/rules/line-too-long"
  },
  {
    "cell": null,
    "code": "E501",
    "end_location": {
      "column": 81,
      "row": 45
    },
    "filename": "C:\\Users\\pc01\\source\\repos\\image-downloader\\src\\image_downloader\\output\\output_allocator.py",
    "fix": null,
    "location": {
      "column": 80,
      "row": 45
    },
    "message": "Line too long (80 > 79)",
    "name": "line-too-long",
    "noqa_row": 45,
    "severity": "error",
    "url": "https://docs.astral.sh/ruff/rules/line-too-long"
  },
  {
    "cell": null,
    "code": "E501",
    "end_location": {
      "column": 95,
      "row": 49
    },
    "filename": "C:\\Users\\pc01\\source\\repos\\image-downloader\\src\\image_downloader\\output\\output_allocator.py",
    "fix": null,
    "location": {
      "column": 80,
      "row": 49
    },
    "message": "Line too long (94 > 79)",
    "name": "line-too-long",
    "noqa_row": 49,
    "severity": "error",
    "url": "https://docs.astral.sh/ruff/rules/line-too-long"
  },
  {
    "cell": null,
    "code": "E501",
    "end_location": {
      "column": 85,
      "row": 53
    },
    "filename": "C:\\Users\\pc01\\source\\repos\\image-downloader\\src\\image_downloader\\output\\output_allocator.py",
    "fix": null,
    "location": {
      "column": 80,
      "row": 53
    },
    "message": "Line too long (84 > 79)",
    "name": "line-too-long",
    "noqa_row": 53,
    "severity": "error",
    "url": "https://docs.astral.sh/ruff/rules/line-too-long"
  },
  {
    "cell": null,
    "code": "E501",
    "end_location": {
      "column": 88,
      "row": 54
    },
    "filename": "C:\\Users\\pc01\\source\\repos\\image-downloader\\src\\image_downloader\\output\\output_allocator.py",
    "fix": null,
    "location": {
      "column": 80,
      "row": 54
    },
    "message": "Line too long (87 > 79)",
    "name": "line-too-long",
    "noqa_row": 54,
    "severity": "error",
    "url": "https://docs.astral.sh/ruff/rules/line-too-long"
  },
  {
    "cell": null,
    "code": "E501",
    "end_location": {
      "column": 94,
      "row": 58
    },
    "filename": "C:\\Users\\pc01\\source\\repos\\image-downloader\\src\\image_downloader\\output\\output_allocator.py",
    "fix": null,
    "location": {
      "column": 80,
      "row": 58
    },
    "message": "Line too long (93 > 79)",
    "name": "line-too-long",
    "noqa_row": 58,
    "severity": "error",
    "url": "https://docs.astral.sh/ruff/rules/line-too-long"
  },
  {
    "cell": null,
    "code": "E501",
    "end_location": {
      "column": 110,
      "row": 61
    },
    "filename": "C:\\Users\\pc01\\source\\repos\\image-downloader\\src\\image_downloader\\output\\output_allocator.py",
    "fix": null,
    "location": {
      "column": 80,
      "row": 61
    },
    "message": "Line too long (109 > 79)",
    "name": "line-too-long",
    "noqa_row": 61,
    "severity": "error",
    "url": "https://docs.astral.sh/ruff/rules/line-too-long"
  },
  {
    "cell": null,
    "code": "E501",
    "end_location": {
      "column": 81,
      "row": 66
    },
    "filename": "C:\\Users\\pc01\\source\\repos\\image-downloader\\src\\image_downloader\\output\\output_allocator.py",
    "fix": null,
    "location": {
      "column": 80,
      "row": 66
    },
    "message": "Line too long (80 > 79)",
    "name": "line-too-long",
    "noqa_row": 66,
    "severity": "error",
    "url": "https://docs.astral.sh/ruff/rules/line-too-long"
  },
  {
    "cell": null,
    "code": "E501",
    "end_location": {
      "column": 83,
      "row": 110
    },
    "filename": "C:\\Users\\pc01\\source\\repos\\image-downloader\\src\\image_downloader\\output\\output_allocator.py",
    "fix": null,
    "location": {
      "column": 80,
      "row": 110
    },
    "message": "Line too long (82 > 79)",
    "name": "line-too-long",
    "noqa_row": 110,
    "severity": "error",
    "url": "https://docs.astral.sh/ruff/rules/line-too-long"
  },
  {
    "cell": null,
    "code": "E501",
    "end_location": {
      "column": 90,
      "row": 120
    },
    "filename": "C:\\Users\\pc01\\source\\repos\\image-downloader\\src\\image_downloader\\output\\output_allocator.py",
    "fix": null,
    "location": {
      "column": 80,
      "row": 120
    },
    "message": "Line too long (89 > 79)",
    "name": "line-too-long",
    "noqa_row": 120,
    "severity": "error",
    "url": "https://docs.astral.sh/ruff/rules/line-too-long"
  },
  {
    "cell": null,
    "code": "E501",
    "end_location": {
      "column": 90,
      "row": 124
    },
    "filename": "C:\\Users\\pc01\\source\\repos\\image-downloader\\src\\image_downloader\\output\\output_allocator.py",
    "fix": null,
    "location": {
      "column": 80,
      "row": 124
    },
    "message": "Line too long (89 > 79)",
    "name": "line-too-long",
    "noqa_row": 124,
    "severity": "error",
    "url": "https://docs.astral.sh/ruff/rules/line-too-long"
  },
  {
    "cell": null,
    "code": "E501",
    "end_location": {
      "column": 104,
      "row": 133
    },
    "filename": "C:\\Users\\pc01\\source\\repos\\image-downloader\\src\\image_downloader\\output\\output_allocator.py",
    "fix": null,
    "location": {
      "column": 80,
      "row": 133
    },
    "message": "Line too long (103 > 79)",
    "name": "line-too-long",
    "noqa_row": 133,
    "severity": "error",
    "url": "https://docs.astral.sh/ruff/rules/line-too-long"
  },
  {
    "cell": null,
    "code": "E501",
    "end_location": {
      "column": 118,
      "row": 134
    },
    "filename": "C:\\Users\\pc01\\source\\repos\\image-downloader\\src\\image_downloader\\output\\output_allocator.py",
    "fix": null,
    "location": {
      "column": 80,
      "row": 134
    },
    "message": "Line too long (117 > 79)",
    "name": "line-too-long",
    "noqa_row": 134,
    "severity": "error",
    "url": "https://docs.astral.sh/ruff/rules/line-too-long"
  },
  {
    "cell": null,
    "code": "E501",
    "end_location": {
      "column": 90,
      "row": 144
    },
    "filename": "C:\\Users\\pc01\\source\\repos\\image-downloader\\src\\image_downloader\\output\\output_allocator.py",
    "fix": null,
    "location": {
      "column": 80,
      "row": 144
    },
    "message": "Line too long (89 > 79)",
    "name": "line-too-long",
    "noqa_row": 144,
    "severity": "error",
    "url": "https://docs.astral.sh/ruff/rules/line-too-long"
  },
  {
    "cell": null,
    "code": "E501",
    "end_location": {
      "column": 88,
      "row": 194
    },
    "filename": "C:\\Users\\pc01\\source\\repos\\image-downloader\\src\\image_downloader\\output\\output_allocator.py",
    "fix": null,
    "location": {
      "column": 80,
      "row": 194
    },
    "message": "Line too long (87 > 79)",
    "name": "line-too-long",
    "noqa_row": 194,
    "severity": "error",
    "url": "https://docs.astral.sh/ruff/rules/line-too-long"
  },
  {
    "cell": null,
    "code": "E501",
    "end_location": {
      "column": 90,
      "row": 227
    },
    "filename": "C:\\Users\\pc01\\source\\repos\\image-downloader\\src\\image_downloader\\output\\output_allocator.py",
    "fix": null,
    "location": {
      "column": 80,
      "row": 227
    },
    "message": "Line too long (89 > 79)",
    "name": "line-too-long",
    "noqa_row": 227,
    "severity": "error",
    "url": "https://docs.astral.sh/ruff/rules/line-too-long"
  },
  {
    "cell": null,
    "code": "E501",
    "end_location": {
      "column": 83,
      "row": 229
    },
    "filename": "C:\\Users\\pc01\\source\\repos\\image-downloader\\src\\image_downloader\\output\\output_allocator.py",
    "fix": null,
    "location": {
      "column": 80,
      "row": 229
    },
    "message": "Line too long (82 > 79)",
    "name": "line-too-long",
    "noqa_row": 229,
    "severity": "error",
    "url": "https://docs.astral.sh/ruff/rules/line-too-long"
  },
  {
    "cell": null,
    "code": "E501",
    "end_location": {
      "column": 115,
      "row": 236
    },
    "filename": "C:\\Users\\pc01\\source\\repos\\image-downloader\\src\\image_downloader\\output\\output_allocator.py",
    "fix": null,
    "location": {
      "column": 80,
      "row": 236
    },
    "message": "Line too long (114 > 79)",
    "name": "line-too-long",
    "noqa_row": 236,
    "severity": "error",
    "url": "https://docs.astral.sh/ruff/rules/line-too-long"
  },
  {
    "cell": null,
    "code": "E501",
    "end_location": {
      "column": 99,
      "row": 239
    },
    "filename": "C:\\Users\\pc01\\source\\repos\\image-downloader\\src\\image_downloader\\output\\output_allocator.py",
    "fix": null,
    "location": {
      "column": 80,
      "row": 239
    },
    "message": "Line too long (98 > 79)",
    "name": "line-too-long",
    "noqa_row": 239,
    "severity": "error",
    "url": "https://docs.astral.sh/ruff/rules/line-too-long"
  },
  {
    "cell": null,
    "code": "E501",
    "end_location": {
      "column": 84,
      "row": 242
    },
    "filename": "C:\\Users\\pc01\\source\\repos\\image-downloader\\src\\image_downloader\\output\\output_allocator.py",
    "fix": null,
    "location": {
      "column": 80,
      "row": 242
    },
    "message": "Line too long (83 > 79)",
    "name": "line-too-long",
    "noqa_row": 242,
    "severity": "error",
    "url": "https://docs.astral.sh/ruff/rules/line-too-long"
  },
  {
    "cell": null,
    "code": "E501",
    "end_location": {
      "column": 109,
      "row": 243
    },
    "filename": "C:\\Users\\pc01\\source\\repos\\image-downloader\\src\\image_downloader\\output\\output_allocator.py",
    "fix": null,
    "location": {
      "column": 80,
      "row": 243
    },
    "message": "Line too long (108 > 79)",
    "name": "line-too-long",
    "noqa_row": 243,
    "severity": "error",
    "url": "https://docs.astral.sh/ruff/rules/line-too-long"
  },
  {
    "cell": null,
    "code": "E501",
    "end_location": {
      "column": 98,
      "row": 245
    },
    "filename": "C:\\Users\\pc01\\source\\repos\\image-downloader\\src\\image_downloader\\output\\output_allocator.py",
    "fix": null,
    "location": {
      "column": 80,
      "row": 245
    },
    "message": "Line too long (97 > 79)",
    "name": "line-too-long",
    "noqa_row": 245,
    "severity": "error",
    "url": "https://docs.astral.sh/ruff/rules/line-too-long"
  },
  {
    "cell": null,
    "code": "E501",
    "end_location": {
      "column": 85,
      "row": 248
    },
    "filename": "C:\\Users\\pc01\\source\\repos\\image-downloader\\src\\image_downloader\\output\\output_allocator.py",
    "fix": null,
    "location": {
      "column": 80,
      "row": 248
    },
    "message": "Line too long (84 > 79)",
    "name": "line-too-long",
    "noqa_row": 248,
    "severity": "error",
    "url": "https://docs.astral.sh/ruff/rules/line-too-long"
  },
  {
    "cell": null,
    "code": "E501",
    "end_location": {
      "column": 94,
      "row": 249
    },
    "filename": "C:\\Users\\pc01\\source\\repos\\image-downloader\\src\\image_downloader\\output\\output_allocator.py",
    "fix": null,
    "location": {
      "column": 80,
      "row": 249
    },
    "message": "Line too long (93 > 79)",
    "name": "line-too-long",
    "noqa_row": 249,
    "severity": "error",
    "url": "https://docs.astral.sh/ruff/rules/line-too-long"
  },
  {
    "cell": null,
    "code": "E501",
    "end_location": {
      "column": 104,
      "row": 262
    },
    "filename": "C:\\Users\\pc01\\source\\repos\\image-downloader\\src\\image_downloader\\output\\output_allocator.py",
    "fix": null,
    "location": {
      "column": 80,
      "row": 262
    },
    "message": "Line too long (103 > 79)",
    "name": "line-too-long",
    "noqa_row": 262,
    "severity": "error",
    "url": "https://docs.astral.sh/ruff/rules/line-too-long"
  },
  {
    "cell": null,
    "code": "E501",
    "end_location": {
      "column": 113,
      "row": 263
    },
    "filename": "C:\\Users\\pc01\\source\\repos\\image-downloader\\src\\image_downloader\\output\\output_allocator.py",
    "fix": null,
    "location": {
      "column": 80,
      "row": 263
    },
    "message": "Line too long (112 > 79)",
    "name": "line-too-long",
    "noqa_row": 263,
    "severity": "error",
    "url": "https://docs.astral.sh/ruff/rules/line-too-long"
  },
  {
    "cell": null,
    "code": "E501",
    "end_location": {
      "column": 94,
      "row": 275
    },
    "filename": "C:\\Users\\pc01\\source\\repos\\image-downloader\\src\\image_downloader\\output\\output_allocator.py",
    "fix": null,
    "location": {
      "column": 80,
      "row": 275
    },
    "message": "Line too long (93 > 79)",
    "name": "line-too-long",
    "noqa_row": 275,
    "severity": "error",
    "url": "https://docs.astral.sh/ruff/rules/line-too-long"
  },
  {
    "cell": null,
    "code": "E501",
    "end_location": {
      "column": 101,
      "row": 292
    },
    "filename": "C:\\Users\\pc01\\source\\repos\\image-downloader\\src\\image_downloader\\output\\output_allocator.py",
    "fix": null,
    "location": {
      "column": 80,
      "row": 292
    },
    "message": "Line too long (100 > 79)",
    "name": "line-too-long",
    "noqa_row": 292,
    "severity": "error",
    "url": "https://docs.astral.sh/ruff/rules/line-too-long"
  },
  {
    "cell": null,
    "code": "E501",
    "end_location": {
      "column": 81,
      "row": 298
    },
    "filename": "C:\\Users\\pc01\\source\\repos\\image-downloader\\src\\image_downloader\\output\\output_allocator.py",
    "fix": null,
    "location": {
      "column": 80,
      "row": 298
    },
    "message": "Line too long (80 > 79)",
    "name": "line-too-long",
    "noqa_row": 298,
    "severity": "error",
    "url": "https://docs.astral.sh/ruff/rules/line-too-long"
  },
  {
    "cell": null,
    "code": "E501",
    "end_location": {
      "column": 89,
      "row": 309
    },
    "filename": "C:\\Users\\pc01\\source\\repos\\image-downloader\\src\\image_downloader\\output\\output_allocator.py",
    "fix": null,
    "location": {
      "column": 80,
      "row": 309
    },
    "message": "Line too long (88 > 79)",
    "name": "line-too-long",
    "noqa_row": 309,
    "severity": "error",
    "url": "https://docs.astral.sh/ruff/rules/line-too-long"
  },
  {
    "cell": null,
    "code": "E501",
    "end_location": {
      "column": 91,
      "row": 315
    },
    "filename": "C:\\Users\\pc01\\source\\repos\\image-downloader\\src\\image_downloader\\output\\output_allocator.py",
    "fix": null,
    "location": {
      "column": 80,
      "row": 315
    },
    "message": "Line too long (90 > 79)",
    "name": "line-too-long",
    "noqa_row": 315,
    "severity": "error",
    "url": "https://docs.astral.sh/ruff/rules/line-too-long"
  },
  {
    "cell": null,
    "code": "E501",
    "end_location": {
      "column": 102,
      "row": 17
    },
    "filename": "C:\\Users\\pc01\\source\\repos\\image-downloader\\src\\image_downloader\\output\\output_lock.py",
    "fix": null,
    "location": {
      "column": 80,
      "row": 17
    },
    "message": "Line too long (101 > 79)",
    "name": "line-too-long",
    "noqa_row": 17,
    "severity": "error",
    "url": "https://docs.astral.sh/ruff/rules/line-too-long"
  },
  {
    "cell": null,
    "code": "E501",
    "end_location": {
      "column": 83,
      "row": 23
    },
    "filename": "C:\\Users\\pc01\\source\\repos\\image-downloader\\src\\image_downloader\\output\\output_lock.py",
    "fix": null,
    "location": {
      "column": 80,
      "row": 23
    },
    "message": "Line too long (82 > 79)",
    "name": "line-too-long",
    "noqa_row": 23,
    "severity": "error",
    "url": "https://docs.astral.sh/ruff/rules/line-too-long"
  },
  {
    "cell": null,
    "code": "E501",
    "end_location": {
      "column": 82,
      "row": 24
    },
    "filename": "C:\\Users\\pc01\\source\\repos\\image-downloader\\src\\image_downloader\\output\\output_lock.py",
    "fix": null,
    "location": {
      "column": 80,
      "row": 24
    },
    "message": "Line too long (81 > 79)",
    "name": "line-too-long",
    "noqa_row": 24,
    "severity": "error",
    "url": "https://docs.astral.sh/ruff/rules/line-too-long"
  },
  {
    "cell": null,
    "code": "E501",
    "end_location": {
      "column": 87,
      "row": 25
    },
    "filename": "C:\\Users\\pc01\\source\\repos\\image-downloader\\src\\image_downloader\\output\\output_lock.py",
    "fix": null,
    "location": {
      "column": 80,
      "row": 25
    },
    "message": "Line too long (86 > 79)",
    "name": "line-too-long",
    "noqa_row": 25,
    "severity": "error",
    "url": "https://docs.astral.sh/ruff/rules/line-too-long"
  },
  {
    "cell": null,
    "code": "E501",
    "end_location": {
      "column": 81,
      "row": 29
    },
    "filename": "C:\\Users\\pc01\\source\\repos\\image-downloader\\src\\image_downloader\\output\\output_lock.py",
    "fix": null,
    "location": {
      "column": 80,
      "row": 29
    },
    "message": "Line too long (80 > 79)",
    "name": "line-too-long",
    "noqa_row": 29,
    "severity": "error",
    "url": "https://docs.astral.sh/ruff/rules/line-too-long"
  },
  {
    "cell": null,
    "code": "E501",
    "end_location": {
      "column": 101,
      "row": 34
    },
    "filename": "C:\\Users\\pc01\\source\\repos\\image-downloader\\src\\image_downloader\\output\\output_lock.py",
    "fix": null,
    "location": {
      "column": 80,
      "row": 34
    },
    "message": "Line too long (100 > 79)",
    "name": "line-too-long",
    "noqa_row": 34,
    "severity": "error",
    "url": "https://docs.astral.sh/ruff/rules/line-too-long"
  },
  {
    "cell": null,
    "code": "E501",
    "end_location": {
      "column": 86,
      "row": 37
    },
    "filename": "C:\\Users\\pc01\\source\\repos\\image-downloader\\src\\image_downloader\\plugins\\builtin.py",
    "fix": null,
    "location": {
      "column": 80,
      "row": 37
    },
    "message": "Line too long (85 > 79)",
    "name": "line-too-long",
    "noqa_row": 37,
    "severity": "error",
    "url": "https://docs.astral.sh/ruff/rules/line-too-long"
  },
  {
    "cell": null,
    "code": "E501",
    "end_location": {
      "column": 82,
      "row": 64
    },
    "filename": "C:\\Users\\pc01\\source\\repos\\image-downloader\\src\\image_downloader\\plugins\\builtin.py",
    "fix": null,
    "location": {
      "column": 80,
      "row": 64
    },
    "message": "Line too long (81 > 79)",
    "name": "line-too-long",
    "noqa_row": 64,
    "severity": "error",
    "url": "https://docs.astral.sh/ruff/rules/line-too-long"
  },
  {
    "cell": null,
    "code": "E501",
    "end_location": {
      "column": 98,
      "row": 65
    },
    "filename": "C:\\Users\\pc01\\source\\repos\\image-downloader\\src\\image_downloader\\plugins\\builtin.py",
    "fix": null,
    "location": {
      "column": 80,
      "row": 65
    },
    "message": "Line too long (97 > 79)",
    "name": "line-too-long",
    "noqa_row": 65,
    "severity": "error",
    "url": "https://docs.astral.sh/ruff/rules/line-too-long"
  },
  {
    "cell": null,
    "code": "E501",
    "end_location": {
      "column": 92,
      "row": 90
    },
    "filename": "C:\\Users\\pc01\\source\\repos\\image-downloader\\src\\image_downloader\\plugins\\builtin.py",
    "fix": null,
    "location": {
      "column": 80,
      "row": 90
    },
    "message": "Line too long (91 > 79)",
    "name": "line-too-long",
    "noqa_row": 90,
    "severity": "error",
    "url": "https://docs.astral.sh/ruff/rules/line-too-long"
  },
  {
    "cell": null,
    "code": "E501",
    "end_location": {
      "column": 99,
      "row": 93
    },
    "filename": "C:\\Users\\pc01\\source\\repos\\image-downloader\\src\\image_downloader\\plugins\\builtin.py",
    "fix": null,
    "location": {
      "column": 80,
      "row": 93
    },
    "message": "Line too long (98 > 79)",
    "name": "line-too-long",
    "noqa_row": 93,
    "severity": "error",
    "url": "https://docs.astral.sh/ruff/rules/line-too-long"
  },
  {
    "cell": null,
    "code": "E501",
    "end_location": {
      "column": 85,
      "row": 96
    },
    "filename": "C:\\Users\\pc01\\source\\repos\\image-downloader\\src\\image_downloader\\plugins\\builtin.py",
    "fix": null,
    "location": {
      "column": 80,
      "row": 96
    },
    "message": "Line too long (84 > 79)",
    "name": "line-too-long",
    "noqa_row": 96,
    "severity": "error",
    "url": "https://docs.astral.sh/ruff/rules/line-too-long"
  },
  {
    "cell": null,
    "code": "E501",
    "end_location": {
      "column": 104,
      "row": 104
    },
    "filename": "C:\\Users\\pc01\\source\\repos\\image-downloader\\src\\image_downloader\\plugins\\builtin.py",
    "fix": null,
    "location": {
      "column": 80,
      "row": 104
    },
    "message": "Line too long (103 > 79)",
    "name": "line-too-long",
    "noqa_row": 104,
    "severity": "error",
    "url": "https://docs.astral.sh/ruff/rules/line-too-long"
  },
  {
    "cell": null,
    "code": "E501",
    "end_location": {
      "column": 96,
      "row": 106
    },
    "filename": "C:\\Users\\pc01\\source\\repos\\image-downloader\\src\\image_downloader\\plugins\\builtin.py",
    "fix": null,
    "location": {
      "column": 80,
      "row": 106
    },
    "message": "Line too long (95 > 79)",
    "name": "line-too-long",
    "noqa_row": 106,
    "severity": "error",
    "url": "https://docs.astral.sh/ruff/rules/line-too-long"
  },
  {
    "cell": null,
    "code": "E501",
    "end_location": {
      "column": 81,
      "row": 109
    },
    "filename": "C:\\Users\\pc01\\source\\repos\\image-downloader\\src\\image_downloader\\plugins\\builtin.py",
    "fix": null,
    "location": {
      "column": 80,
      "row": 109
    },
    "message": "Line too long (80 > 79)",
    "name": "line-too-long",
    "noqa_row": 109,
    "severity": "error",
    "url": "https://docs.astral.sh/ruff/rules/line-too-long"
  },
  {
    "cell": null,
    "code": "E501",
    "end_location": {
      "column": 115,
      "row": 113
    },
    "filename": "C:\\Users\\pc01\\source\\repos\\image-downloader\\src\\image_downloader\\plugins\\builtin.py",
    "fix": null,
    "location": {
      "column": 80,
      "row": 113
    },
    "message": "Line too long (114 > 79)",
    "name": "line-too-long",
    "noqa_row": 113,
    "severity": "error",
    "url": "https://docs.astral.sh/ruff/rules/line-too-long"
  },
  {
    "cell": null,
    "code": "E501",
    "end_location": {
      "column": 97,
      "row": 114
    },
    "filename": "C:\\Users\\pc01\\source\\repos\\image-downloader\\src\\image_downloader\\plugins\\builtin.py",
    "fix": null,
    "location": {
      "column": 80,
      "row": 114
    },
    "message": "Line too long (96 > 79)",
    "name": "line-too-long",
    "noqa_row": 114,
    "severity": "error",
    "url": "https://docs.astral.sh/ruff/rules/line-too-long"
  },
  {
    "cell": null,
    "code": "E501",
    "end_location": {
      "column": 98,
      "row": 115
    },
    "filename": "C:\\Users\\pc01\\source\\repos\\image-downloader\\src\\image_downloader\\plugins\\builtin.py",
    "fix": null,
    "location": {
      "column": 80,
      "row": 115
    },
    "message": "Line too long (97 > 79)",
    "name": "line-too-long",
    "noqa_row": 115,
    "severity": "error",
    "url": "https://docs.astral.sh/ruff/rules/line-too-long"
  },
  {
    "cell": null,
    "code": "E501",
    "end_location": {
      "column": 112,
      "row": 117
    },
    "filename": "C:\\Users\\pc01\\source\\repos\\image-downloader\\src\\image_downloader\\plugins\\builtin.py",
    "fix": null,
    "location": {
      "column": 80,
      "row": 117
    },
    "message": "Line too long (111 > 79)",
    "name": "line-too-long",
    "noqa_row": 117,
    "severity": "error",
    "url": "https://docs.astral.sh/ruff/rules/line-too-long"
  },
  {
    "cell": null,
    "code": "E501",
    "end_location": {
      "column": 84,
      "row": 118
    },
    "filename": "C:\\Users\\pc01\\source\\repos\\image-downloader\\src\\image_downloader\\plugins\\builtin.py",
    "fix": null,
    "location": {
      "column": 80,
      "row": 118
    },
    "message": "Line too long (83 > 79)",
    "name": "line-too-long",
    "noqa_row": 118,
    "severity": "error",
    "url": "https://docs.astral.sh/ruff/rules/line-too-long"
  },
  {
    "cell": null,
    "code": "E501",
    "end_location": {
      "column": 116,
      "row": 121
    },
    "filename": "C:\\Users\\pc01\\source\\repos\\image-downloader\\src\\image_downloader\\plugins\\builtin.py",
    "fix": null,
    "location": {
      "column": 80,
      "row": 121
    },
    "message": "Line too long (115 > 79)",
    "name": "line-too-long",
    "noqa_row": 121,
    "severity": "error",
    "url": "https://docs.astral.sh/ruff/rules/line-too-long"
  },
  {
    "cell": null,
    "code": "E501",
    "end_location": {
      "column": 106,
      "row": 128
    },
    "filename": "C:\\Users\\pc01\\source\\repos\\image-downloader\\src\\image_downloader\\plugins\\builtin.py",
    "fix": null,
    "location": {
      "column": 80,
      "row": 128
    },
    "message": "Line too long (105 > 79)",
    "name": "line-too-long",
    "noqa_row": 128,
    "severity": "error",
    "url": "https://docs.astral.sh/ruff/rules/line-too-long"
  },
  {
    "cell": null,
    "code": "E501",
    "end_location": {
      "column": 81,
      "row": 30
    },
    "filename": "C:\\Users\\pc01\\source\\repos\\image-downloader\\src\\image_downloader\\plugins\\format_values.py",
    "fix": null,
    "location": {
      "column": 80,
      "row": 30
    },
    "message": "Line too long (80 > 79)",
    "name": "line-too-long",
    "noqa_row": 30,
    "severity": "error",
    "url": "https://docs.astral.sh/ruff/rules/line-too-long"
  },
  {
    "cell": null,
    "code": "E501",
    "end_location": {
      "column": 84,
      "row": 35
    },
    "filename": "C:\\Users\\pc01\\source\\repos\\image-downloader\\src\\image_downloader\\plugins\\format_values.py",
    "fix": null,
    "location": {
      "column": 80,
      "row": 35
    },
    "message": "Line too long (83 > 79)",
    "name": "line-too-long",
    "noqa_row": 35,
    "severity": "error",
    "url": "https://docs.astral.sh/ruff/rules/line-too-long"
  },
  {
    "cell": null,
    "code": "E501",
    "end_location": {
      "column": 107,
      "row": 36
    },
    "filename": "C:\\Users\\pc01\\source\\repos\\image-downloader\\src\\image_downloader\\plugins\\format_values.py",
    "fix": null,
    "location": {
      "column": 80,
      "row": 36
    },
    "message": "Line too long (106 > 79)",
    "name": "line-too-long",
    "noqa_row": 36,
    "severity": "error",
    "url": "https://docs.astral.sh/ruff/rules/line-too-long"
  },
  {
    "cell": null,
    "code": "E501",
    "end_location": {
      "column": 106,
      "row": 46
    },
    "filename": "C:\\Users\\pc01\\source\\repos\\image-downloader\\src\\image_downloader\\plugins\\format_values.py",
    "fix": null,
    "location": {
      "column": 80,
      "row": 46
    },
    "message": "Line too long (105 > 79)",
    "name": "line-too-long",
    "noqa_row": 46,
    "severity": "error",
    "url": "https://docs.astral.sh/ruff/rules/line-too-long"
  },
  {
    "cell": null,
    "code": "E501",
    "end_location": {
      "column": 81,
      "row": 28
    },
    "filename": "C:\\Users\\pc01\\source\\repos\\image-downloader\\src\\image_downloader\\plugins\\html_encoding.py",
    "fix": null,
    "location": {
      "column": 80,
      "row": 28
    },
    "message": "Line too long (80 > 79)",
    "name": "line-too-long",
    "noqa_row": 28,
    "severity": "error",
    "url": "https://docs.astral.sh/ruff/rules/line-too-long"
  },
  {
    "cell": null,
    "code": "E501",
    "end_location": {
      "column": 84,
      "row": 29
    },
    "filename": "C:\\Users\\pc01\\source\\repos\\image-downloader\\src\\image_downloader\\plugins\\html_encoding.py",
    "fix": null,
    "location": {
      "column": 80,
      "row": 29
    },
    "message": "Line too long (83 > 79)",
    "name": "line-too-long",
    "noqa_row": 29,
    "severity": "error",
    "url": "https://docs.astral.sh/ruff/rules/line-too-long"
  },
  {
    "cell": null,
    "code": "E501",
    "end_location": {
      "column": 86,
      "row": 38
    },
    "filename": "C:\\Users\\pc01\\source\\repos\\image-downloader\\src\\image_downloader\\plugins\\html_encoding.py",
    "fix": null,
    "location": {
      "column": 80,
      "row": 38
    },
    "message": "Line too long (85 > 79)",
    "name": "line-too-long",
    "noqa_row": 38,
    "severity": "error",
    "url": "https://docs.astral.sh/ruff/rules/line-too-long"
  },
  {
    "cell": null,
    "code": "E501",
    "end_location": {
      "column": 115,
      "row": 50
    },
    "filename": "C:\\Users\\pc01\\source\\repos\\image-downloader\\src\\image_downloader\\plugins\\html_encoding.py",
    "fix": null,
    "location": {
      "column": 80,
      "row": 50
    },
    "message": "Line too long (114 > 79)",
    "name": "line-too-long",
    "noqa_row": 50,
    "severity": "error",
    "url": "https://docs.astral.sh/ruff/rules/line-too-long"
  },
  {
    "cell": null,
    "code": "E501",
    "end_location": {
      "column": 106,
      "row": 66
    },
    "filename": "C:\\Users\\pc01\\source\\repos\\image-downloader\\src\\image_downloader\\plugins\\html_encoding.py",
    "fix": null,
    "location": {
      "column": 80,
      "row": 66
    },
    "message": "Line too long (105 > 79)",
    "name": "line-too-long",
    "noqa_row": 66,
    "severity": "error",
    "url": "https://docs.astral.sh/ruff/rules/line-too-long"
  },
  {
    "cell": null,
    "code": "E501",
    "end_location": {
      "column": 106,
      "row": 74
    },
    "filename": "C:\\Users\\pc01\\source\\repos\\image-downloader\\src\\image_downloader\\plugins\\html_encoding.py",
    "fix": null,
    "location": {
      "column": 80,
      "row": 74
    },
    "message": "Line too long (105 > 79)",
    "name": "line-too-long",
    "noqa_row": 74,
    "severity": "error",
    "url": "https://docs.astral.sh/ruff/rules/line-too-long"
  },
  {
    "cell": null,
    "code": "E501",
    "end_location": {
      "column": 88,
      "row": 79
    },
    "filename": "C:\\Users\\pc01\\source\\repos\\image-downloader\\src\\image_downloader\\plugins\\html_encoding.py",
    "fix": null,
    "location": {
      "column": 80,
      "row": 79
    },
    "message": "Line too long (87 > 79)",
    "name": "line-too-long",
    "noqa_row": 79,
    "severity": "error",
    "url": "https://docs.astral.sh/ruff/rules/line-too-long"
  },
  {
    "cell": null,
    "code": "E501",
    "end_location": {
      "column": 83,
      "row": 19
    },
    "filename": "C:\\Users\\pc01\\source\\repos\\image-downloader\\src\\image_downloader\\plugins\\lifecycle.py",
    "fix": null,
    "location": {
      "column": 80,
      "row": 19
    },
    "message": "Line too long (82 > 79)",
    "name": "line-too-long",
    "noqa_row": 19,
    "severity": "error",
    "url": "https://docs.astral.sh/ruff/rules/line-too-long"
  },
  {
    "cell": null,
    "code": "E501",
    "end_location": {
      "column": 95,
      "row": 87
    },
    "filename": "C:\\Users\\pc01\\source\\repos\\image-downloader\\src\\image_downloader\\plugins\\lifecycle.py",
    "fix": null,
    "location": {
      "column": 80,
      "row": 87
    },
    "message": "Line too long (94 > 79)",
    "name": "line-too-long",
    "noqa_row": 87,
    "severity": "error",
    "url": "https://docs.astral.sh/ruff/rules/line-too-long"
  },
  {
    "cell": null,
    "code": "E501",
    "end_location": {
      "column": 110,
      "row": 96
    },
    "filename": "C:\\Users\\pc01\\source\\repos\\image-downloader\\src\\image_downloader\\plugins\\lifecycle.py",
    "fix": null,
    "location": {
      "column": 80,
      "row": 96
    },
    "message": "Line too long (109 > 79)",
    "name": "line-too-long",
    "noqa_row": 96,
    "severity": "error",
    "url": "https://docs.astral.sh/ruff/rules/line-too-long"
  },
  {
    "cell": null,
    "code": "E501",
    "end_location": {
      "column": 116,
      "row": 97
    },
    "filename": "C:\\Users\\pc01\\source\\repos\\image-downloader\\src\\image_downloader\\plugins\\lifecycle.py",
    "fix": null,
    "location": {
      "column": 80,
      "row": 97
    },
    "message": "Line too long (115 > 79)",
    "name": "line-too-long",
    "noqa_row": 97,
    "severity": "error",
    "url": "https://docs.astral.sh/ruff/rules/line-too-long"
  },
  {
    "cell": null,
    "code": "E501",
    "end_location": {
      "column": 91,
      "row": 103
    },
    "filename": "C:\\Users\\pc01\\source\\repos\\image-downloader\\src\\image_downloader\\plugins\\lifecycle.py",
    "fix": null,
    "location": {
      "column": 80,
      "row": 103
    },
    "message": "Line too long (90 > 79)",
    "name": "line-too-long",
    "noqa_row": 103,
    "severity": "error",
    "url": "https://docs.astral.sh/ruff/rules/line-too-long"
  },
  {
    "cell": null,
    "code": "E501",
    "end_location": {
      "column": 108,
      "row": 107
    },
    "filename": "C:\\Users\\pc01\\source\\repos\\image-downloader\\src\\image_downloader\\plugins\\lifecycle.py",
    "fix": null,
    "location": {
      "column": 80,
      "row": 107
    },
    "message": "Line too long (107 > 79)",
    "name": "line-too-long",
    "noqa_row": 107,
    "severity": "error",
    "url": "https://docs.astral.sh/ruff/rules/line-too-long"
  },
  {
    "cell": null,
    "code": "E501",
    "end_location": {
      "column": 98,
      "row": 117
    },
    "filename": "C:\\Users\\pc01\\source\\repos\\image-downloader\\src\\image_downloader\\plugins\\lifecycle.py",
    "fix": null,
    "location": {
      "column": 80,
      "row": 117
    },
    "message": "Line too long (97 > 79)",
    "name": "line-too-long",
    "noqa_row": 117,
    "severity": "error",
    "url": "https://docs.astral.sh/ruff/rules/line-too-long"
  },
  {
    "cell": null,
    "code": "E501",
    "end_location": {
      "column": 115,
      "row": 128
    },
    "filename": "C:\\Users\\pc01\\source\\repos\\image-downloader\\src\\image_downloader\\plugins\\lifecycle.py",
    "fix": null,
    "location": {
      "column": 80,
      "row": 128
    },
    "message": "Line too long (114 > 79)",
    "name": "line-too-long",
    "noqa_row": 128,
    "severity": "error",
    "url": "https://docs.astral.sh/ruff/rules/line-too-long"
  },
  {
    "cell": null,
    "code": "E501",
    "end_location": {
      "column": 114,
      "row": 133
    },
    "filename": "C:\\Users\\pc01\\source\\repos\\image-downloader\\src\\image_downloader\\plugins\\lifecycle.py",
    "fix": null,
    "location": {
      "column": 80,
      "row": 133
    },
    "message": "Line too long (113 > 79)",
    "name": "line-too-long",
    "noqa_row": 133,
    "severity": "error",
    "url": "https://docs.astral.sh/ruff/rules/line-too-long"
  },
  {
    "cell": null,
    "code": "E501",
    "end_location": {
      "column": 84,
      "row": 150
    },
    "filename": "C:\\Users\\pc01\\source\\repos\\image-downloader\\src\\image_downloader\\plugins\\lifecycle.py",
    "fix": null,
    "location": {
      "column": 80,
      "row": 150
    },
    "message": "Line too long (83 > 79)",
    "name": "line-too-long",
    "noqa_row": 150,
    "severity": "error",
    "url": "https://docs.astral.sh/ruff/rules/line-too-long"
  },
  {
    "cell": null,
    "code": "E501",
    "end_location": {
      "column": 84,
      "row": 154
    },
    "filename": "C:\\Users\\pc01\\source\\repos\\image-downloader\\src\\image_downloader\\plugins\\lifecycle.py",
    "fix": null,
    "location": {
      "column": 80,
      "row": 154
    },
    "message": "Line too long (83 > 79)",
    "name": "line-too-long",
    "noqa_row": 154,
    "severity": "error",
    "url": "https://docs.astral.sh/ruff/rules/line-too-long"
  },
  {
    "cell": null,
    "code": "E501",
    "end_location": {
      "column": 85,
      "row": 162
    },
    "filename": "C:\\Users\\pc01\\source\\repos\\image-downloader\\src\\image_downloader\\plugins\\lifecycle.py",
    "fix": null,
    "location": {
      "column": 80,
      "row": 162
    },
    "message": "Line too long (84 > 79)",
    "name": "line-too-long",
    "noqa_row": 162,
    "severity": "error",
    "url": "https://docs.astral.sh/ruff/rules/line-too-long"
  },
  {
    "cell": null,
    "code": "E501",
    "end_location": {
      "column": 98,
      "row": 163
    },
    "filename": "C:\\Users\\pc01\\source\\repos\\image-downloader\\src\\image_downloader\\plugins\\lifecycle.py",
    "fix": null,
    "location": {
      "column": 80,
      "row": 163
    },
    "message": "Line too long (97 > 79)",
    "name": "line-too-long",
    "noqa_row": 163,
    "severity": "error",
    "url": "https://docs.astral.sh/ruff/rules/line-too-long"
  },
  {
    "cell": null,
    "code": "E501",
    "end_location": {
      "column": 94,
      "row": 168
    },
    "filename": "C:\\Users\\pc01\\source\\repos\\image-downloader\\src\\image_downloader\\plugins\\lifecycle.py",
    "fix": null,
    "location": {
      "column": 80,
      "row": 168
    },
    "message": "Line too long (93 > 79)",
    "name": "line-too-long",
    "noqa_row": 168,
    "severity": "error",
    "url": "https://docs.astral.sh/ruff/rules/line-too-long"
  },
  {
    "cell": null,
    "code": "E501",
    "end_location": {
      "column": 106,
      "row": 170
    },
    "filename": "C:\\Users\\pc01\\source\\repos\\image-downloader\\src\\image_downloader\\plugins\\lifecycle.py",
    "fix": null,
    "location": {
      "column": 80,
      "row": 170
    },
    "message": "Line too long (105 > 79)",
    "name": "line-too-long",
    "noqa_row": 170,
    "severity": "error",
    "url": "https://docs.astral.sh/ruff/rules/line-too-long"
  },
  {
    "cell": null,
    "code": "E501",
    "end_location": {
      "column": 115,
      "row": 176
    },
    "filename": "C:\\Users\\pc01\\source\\repos\\image-downloader\\src\\image_downloader\\plugins\\lifecycle.py",
    "fix": null,
    "location": {
      "column": 80,
      "row": 176
    },
    "message": "Line too long (114 > 79)",
    "name": "line-too-long",
    "noqa_row": 176,
    "severity": "error",
    "url": "https://docs.astral.sh/ruff/rules/line-too-long"
  },
  {
    "cell": null,
    "code": "E501",
    "end_location": {
      "column": 85,
      "row": 191
    },
    "filename": "C:\\Users\\pc01\\source\\repos\\image-downloader\\src\\image_downloader\\plugins\\lifecycle.py",
    "fix": null,
    "location": {
      "column": 80,
      "row": 191
    },
    "message": "Line too long (84 > 79)",
    "name": "line-too-long",
    "noqa_row": 191,
    "severity": "error",
    "url": "https://docs.astral.sh/ruff/rules/line-too-long"
  },
  {
    "cell": null,
    "code": "E501",
    "end_location": {
      "column": 90,
      "row": 193
    },
    "filename": "C:\\Users\\pc01\\source\\repos\\image-downloader\\src\\image_downloader\\plugins\\lifecycle.py",
    "fix": null,
    "location": {
      "column": 80,
      "row": 193
    },
    "message": "Line too long (89 > 79)",
    "name": "line-too-long",
    "noqa_row": 193,
    "severity": "error",
    "url": "https://docs.astral.sh/ruff/rules/line-too-long"
  },
  {
    "cell": null,
    "code": "E501",
    "end_location": {
      "column": 93,
      "row": 204
    },
    "filename": "C:\\Users\\pc01\\source\\repos\\image-downloader\\src\\image_downloader\\plugins\\lifecycle.py",
    "fix": null,
    "location": {
      "column": 80,
      "row": 204
    },
    "message": "Line too long (92 > 79)",
    "name": "line-too-long",
    "noqa_row": 204,
    "severity": "error",
    "url": "https://docs.astral.sh/ruff/rules/line-too-long"
  },
  {
    "cell": null,
    "code": "E501",
    "end_location": {
      "column": 112,
      "row": 217
    },
    "filename": "C:\\Users\\pc01\\source\\repos\\image-downloader\\src\\image_downloader\\plugins\\lifecycle.py",
    "fix": null,
    "location": {
      "column": 80,
      "row": 217
    },
    "message": "Line too long (111 > 79)",
    "name": "line-too-long",
    "noqa_row": 217,
    "severity": "error",
    "url": "https://docs.astral.sh/ruff/rules/line-too-long"
  },
  {
    "cell": null,
    "code": "E501",
    "end_location": {
      "column": 86,
      "row": 247
    },
    "filename": "C:\\Users\\pc01\\source\\repos\\image-downloader\\src\\image_downloader\\plugins\\lifecycle.py",
    "fix": null,
    "location": {
      "column": 80,
      "row": 247
    },
    "message": "Line too long (85 > 79)",
    "name": "line-too-long",
    "noqa_row": 247,
    "severity": "error",
    "url": "https://docs.astral.sh/ruff/rules/line-too-long"
  },
  {
    "cell": null,
    "code": "E501",
    "end_location": {
      "column": 88,
      "row": 249
    },
    "filename": "C:\\Users\\pc01\\source\\repos\\image-downloader\\src\\image_downloader\\plugins\\lifecycle.py",
    "fix": null,
    "location": {
      "column": 80,
      "row": 249
    },
    "message": "Line too long (87 > 79)",
    "name": "line-too-long",
    "noqa_row": 249,
    "severity": "error",
    "url": "https://docs.astral.sh/ruff/rules/line-too-long"
  },
  {
    "cell": null,
    "code": "E501",
    "end_location": {
      "column": 83,
      "row": 250
    },
    "filename": "C:\\Users\\pc01\\source\\repos\\image-downloader\\src\\image_downloader\\plugins\\lifecycle.py",
    "fix": null,
    "location": {
      "column": 80,
      "row": 250
    },
    "message": "Line too long (82 > 79)",
    "name": "line-too-long",
    "noqa_row": 250,
    "severity": "error",
    "url": "https://docs.astral.sh/ruff/rules/line-too-long"
  },
  {
    "cell": null,
    "code": "E501",
    "end_location": {
      "column": 85,
      "row": 274
    },
    "filename": "C:\\Users\\pc01\\source\\repos\\image-downloader\\src\\image_downloader\\plugins\\lifecycle.py",
    "fix": null,
    "location": {
      "column": 80,
      "row": 274
    },
    "message": "Line too long (84 > 79)",
    "name": "line-too-long",
    "noqa_row": 274,
    "severity": "error",
    "url": "https://docs.astral.sh/ruff/rules/line-too-long"
  },
  {
    "cell": null,
    "code": "E501",
    "end_location": {
      "column": 116,
      "row": 276
    },
    "filename": "C:\\Users\\pc01\\source\\repos\\image-downloader\\src\\image_downloader\\plugins\\lifecycle.py",
    "fix": null,
    "location": {
      "column": 80,
      "row": 276
    },
    "message": "Line too long (115 > 79)",
    "name": "line-too-long",
    "noqa_row": 276,
    "severity": "error",
    "url": "https://docs.astral.sh/ruff/rules/line-too-long"
  },
  {
    "cell": null,
    "code": "E501",
    "end_location": {
      "column": 82,
      "row": 277
    },
    "filename": "C:\\Users\\pc01\\source\\repos\\image-downloader\\src\\image_downloader\\plugins\\lifecycle.py",
    "fix": null,
    "location": {
      "column": 80,
      "row": 277
    },
    "message": "Line too long (81 > 79)",
    "name": "line-too-long",
    "noqa_row": 277,
    "severity": "error",
    "url": "https://docs.astral.sh/ruff/rules/line-too-long"
  },
  {
    "cell": null,
    "code": "E501",
    "end_location": {
      "column": 84,
      "row": 279
    },
    "filename": "C:\\Users\\pc01\\source\\repos\\image-downloader\\src\\image_downloader\\plugins\\lifecycle.py",
    "fix": null,
    "location": {
      "column": 80,
      "row": 279
    },
    "message": "Line too long (83 > 79)",
    "name": "line-too-long",
    "noqa_row": 279,
    "severity": "error",
    "url": "https://docs.astral.sh/ruff/rules/line-too-long"
  },
  {
    "cell": null,
    "code": "E501",
    "end_location": {
      "column": 99,
      "row": 322
    },
    "filename": "C:\\Users\\pc01\\source\\repos\\image-downloader\\src\\image_downloader\\plugins\\lifecycle.py",
    "fix": null,
    "location": {
      "column": 80,
      "row": 322
    },
    "message": "Line too long (98 > 79)",
    "name": "line-too-long",
    "noqa_row": 322,
    "severity": "error",
    "url": "https://docs.astral.sh/ruff/rules/line-too-long"
  },
  {
    "cell": null,
    "code": "E501",
    "end_location": {
      "column": 106,
      "row": 323
    },
    "filename": "C:\\Users\\pc01\\source\\repos\\image-downloader\\src\\image_downloader\\plugins\\lifecycle.py",
    "fix": null,
    "location": {
      "column": 80,
      "row": 323
    },
    "message": "Line too long (105 > 79)",
    "name": "line-too-long",
    "noqa_row": 323,
    "severity": "error",
    "url": "https://docs.astral.sh/ruff/rules/line-too-long"
  },
  {
    "cell": null,
    "code": "E501",
    "end_location": {
      "column": 81,
      "row": 365
    },
    "filename": "C:\\Users\\pc01\\source\\repos\\image-downloader\\src\\image_downloader\\plugins\\lifecycle.py",
    "fix": null,
    "location": {
      "column": 80,
      "row": 365
    },
    "message": "Line too long (80 > 79)",
    "name": "line-too-long",
    "noqa_row": 365,
    "severity": "error",
    "url": "https://docs.astral.sh/ruff/rules/line-too-long"
  },
  {
    "cell": null,
    "code": "E501",
    "end_location": {
      "column": 81,
      "row": 373
    },
    "filename": "C:\\Users\\pc01\\source\\repos\\image-downloader\\src\\image_downloader\\plugins\\lifecycle.py",
    "fix": null,
    "location": {
      "column": 80,
      "row": 373
    },
    "message": "Line too long (80 > 79)",
    "name": "line-too-long",
    "noqa_row": 373,
    "severity": "error",
    "url": "https://docs.astral.sh/ruff/rules/line-too-long"
  },
  {
    "cell": null,
    "code": "E501",
    "end_location": {
      "column": 83,
      "row": 376
    },
    "filename": "C:\\Users\\pc01\\source\\repos\\image-downloader\\src\\image_downloader\\plugins\\lifecycle.py",
    "fix": null,
    "location": {
      "column": 80,
      "row": 376
    },
    "message": "Line too long (82 > 79)",
    "name": "line-too-long",
    "noqa_row": 376,
    "severity": "error",
    "url": "https://docs.astral.sh/ruff/rules/line-too-long"
  },
  {
    "cell": null,
    "code": "E501",
    "end_location": {
      "column": 84,
      "row": 82
    },
    "filename": "C:\\Users\\pc01\\source\\repos\\image-downloader\\src\\image_downloader\\plugins\\management.py",
    "fix": null,
    "location": {
      "column": 80,
      "row": 82
    },
    "message": "Line too long (83 > 79)",
    "name": "line-too-long",
    "noqa_row": 82,
    "severity": "error",
    "url": "https://docs.astral.sh/ruff/rules/line-too-long"
  },
  {
    "cell": null,
    "code": "E501",
    "end_location": {
      "column": 110,
      "row": 83
    },
    "filename": "C:\\Users\\pc01\\source\\repos\\image-downloader\\src\\image_downloader\\plugins\\management.py",
    "fix": null,
    "location": {
      "column": 80,
      "row": 83
    },
    "message": "Line too long (109 > 79)",
    "name": "line-too-long",
    "noqa_row": 83,
    "severity": "error",
    "url": "https://docs.astral.sh/ruff/rules/line-too-long"
  },
  {
    "cell": null,
    "code": "E501",
    "end_location": {
      "column": 119,
      "row": 97
    },
    "filename": "C:\\Users\\pc01\\source\\repos\\image-downloader\\src\\image_downloader\\plugins\\management.py",
    "fix": null,
    "location": {
      "column": 80,
      "row": 97
    },
    "message": "Line too long (118 > 79)",
    "name": "line-too-long",
    "noqa_row": 97,
    "severity": "error",
    "url": "https://docs.astral.sh/ruff/rules/line-too-long"
  },
  {
    "cell": null,
    "code": "E501",
    "end_location": {
      "column": 90,
      "row": 99
    },
    "filename": "C:\\Users\\pc01\\source\\repos\\image-downloader\\src\\image_downloader\\plugins\\management.py",
    "fix": null,
    "location": {
      "column": 80,
      "row": 99
    },
    "message": "Line too long (89 > 79)",
    "name": "line-too-long",
    "noqa_row": 99,
    "severity": "error",
    "url": "https://docs.astral.sh/ruff/rules/line-too-long"
  },
  {
    "cell": null,
    "code": "E501",
    "end_location": {
      "column": 121,
      "row": 123
    },
    "filename": "C:\\Users\\pc01\\source\\repos\\image-downloader\\src\\image_downloader\\plugins\\management.py",
    "fix": null,
    "location": {
      "column": 80,
      "row": 123
    },
    "message": "Line too long (120 > 79)",
    "name": "line-too-long",
    "noqa_row": 123,
    "severity": "error",
    "url": "https://docs.astral.sh/ruff/rules/line-too-long"
  },
  {
    "cell": null,
    "code": "E501",
    "end_location": {
      "column": 101,
      "row": 158
    },
    "filename": "C:\\Users\\pc01\\source\\repos\\image-downloader\\src\\image_downloader\\plugins\\management.py",
    "fix": null,
    "location": {
      "column": 80,
      "row": 158
    },
    "message": "Line too long (100 > 79)",
    "name": "line-too-long",
    "noqa_row": 158,
    "severity": "error",
    "url": "https://docs.astral.sh/ruff/rules/line-too-long"
  },
  {
    "cell": null,
    "code": "E501",
    "end_location": {
      "column": 98,
      "row": 159
    },
    "filename": "C:\\Users\\pc01\\source\\repos\\image-downloader\\src\\image_downloader\\plugins\\management.py",
    "fix": null,
    "location": {
      "column": 80,
      "row": 159
    },
    "message": "Line too long (97 > 79)",
    "name": "line-too-long",
    "noqa_row": 159,
    "severity": "error",
    "url": "https://docs.astral.sh/ruff/rules/line-too-long"
  },
  {
    "cell": null,
    "code": "E501",
    "end_location": {
      "column": 83,
      "row": 164
    },
    "filename": "C:\\Users\\pc01\\source\\repos\\image-downloader\\src\\image_downloader\\plugins\\management.py",
    "fix": null,
    "location": {
      "column": 80,
      "row": 164
    },
    "message": "Line too long (82 > 79)",
    "name": "line-too-long",
    "noqa_row": 164,
    "severity": "error",
    "url": "https://docs.astral.sh/ruff/rules/line-too-long"
  },
  {
    "cell": null,
    "code": "E501",
    "end_location": {
      "column": 83,
      "row": 175
    },
    "filename": "C:\\Users\\pc01\\source\\repos\\image-downloader\\src\\image_downloader\\plugins\\management.py",
    "fix": null,
    "location": {
      "column": 80,
      "row": 175
    },
    "message": "Line too long (82 > 79)",
    "name": "line-too-long",
    "noqa_row": 175,
    "severity": "error",
    "url": "https://docs.astral.sh/ruff/rules/line-too-long"
  },
  {
    "cell": null,
    "code": "E501",
    "end_location": {
      "column": 119,
      "row": 191
    },
    "filename": "C:\\Users\\pc01\\source\\repos\\image-downloader\\src\\image_downloader\\plugins\\management.py",
    "fix": null,
    "location": {
      "column": 80,
      "row": 191
    },
    "message": "Line too long (118 > 79)",
    "name": "line-too-long",
    "noqa_row": 191,
    "severity": "error",
    "url": "https://docs.astral.sh/ruff/rules/line-too-long"
  },
  {
    "cell": null,
    "code": "E501",
    "end_location": {
      "column": 92,
      "row": 201
    },
    "filename": "C:\\Users\\pc01\\source\\repos\\image-downloader\\src\\image_downloader\\plugins\\management.py",
    "fix": null,
    "location": {
      "column": 80,
      "row": 201
    },
    "message": "Line too long (91 > 79)",
    "name": "line-too-long",
    "noqa_row": 201,
    "severity": "error",
    "url": "https://docs.astral.sh/ruff/rules/line-too-long"
  },
  {
    "cell": null,
    "code": "E501",
    "end_location": {
      "column": 99,
      "row": 206
    },
    "filename": "C:\\Users\\pc01\\source\\repos\\image-downloader\\src\\image_downloader\\plugins\\management.py",
    "fix": null,
    "location": {
      "column": 80,
      "row": 206
    },
    "message": "Line too long (98 > 79)",
    "name": "line-too-long",
    "noqa_row": 206,
    "severity": "error",
    "url": "https://docs.astral.sh/ruff/rules/line-too-long"
  },
  {
    "cell": null,
    "code": "E501",
    "end_location": {
      "column": 85,
      "row": 226
    },
    "filename": "C:\\Users\\pc01\\source\\repos\\image-downloader\\src\\image_downloader\\plugins\\management.py",
    "fix": null,
    "location": {
      "column": 80,
      "row": 226
    },
    "message": "Line too long (84 > 79)",
    "name": "line-too-long",
    "noqa_row": 226,
    "severity": "error",
    "url": "https://docs.astral.sh/ruff/rules/line-too-long"
  },
  {
    "cell": null,
    "code": "E501",
    "end_location": {
      "column": 90,
      "row": 230
    },
    "filename": "C:\\Users\\pc01\\source\\repos\\image-downloader\\src\\image_downloader\\plugins\\management.py",
    "fix": null,
    "location": {
      "column": 80,
      "row": 230
    },
    "message": "Line too long (89 > 79)",
    "name": "line-too-long",
    "noqa_row": 230,
    "severity": "error",
    "url": "https://docs.astral.sh/ruff/rules/line-too-long"
  },
  {
    "cell": null,
    "code": "E501",
    "end_location": {
      "column": 89,
      "row": 234
    },
    "filename": "C:\\Users\\pc01\\source\\repos\\image-downloader\\src\\image_downloader\\plugins\\management.py",
    "fix": null,
    "location": {
      "column": 80,
      "row": 234
    },
    "message": "Line too long (88 > 79)",
    "name": "line-too-long",
    "noqa_row": 234,
    "severity": "error",
    "url": "https://docs.astral.sh/ruff/rules/line-too-long"
  },
  {
    "cell": null,
    "code": "E501",
    "end_location": {
      "column": 95,
      "row": 238
    },
    "filename": "C:\\Users\\pc01\\source\\repos\\image-downloader\\src\\image_downloader\\plugins\\management.py",
    "fix": null,
    "location": {
      "column": 80,
      "row": 238
    },
    "message": "Line too long (94 > 79)",
    "name": "line-too-long",
    "noqa_row": 238,
    "severity": "error",
    "url": "https://docs.astral.sh/ruff/rules/line-too-long"
  },
  {
    "cell": null,
    "code": "E501",
    "end_location": {
      "column": 92,
      "row": 247
    },
    "filename": "C:\\Users\\pc01\\source\\repos\\image-downloader\\src\\image_downloader\\plugins\\management.py",
    "fix": null,
    "location": {
      "column": 80,
      "row": 247
    },
    "message": "Line too long (91 > 79)",
    "name": "line-too-long",
    "noqa_row": 247,
    "severity": "error",
    "url": "https://docs.astral.sh/ruff/rules/line-too-long"
  },
  {
    "cell": null,
    "code": "E501",
    "end_location": {
      "column": 83,
      "row": 275
    },
    "filename": "C:\\Users\\pc01\\source\\repos\\image-downloader\\src\\image_downloader\\plugins\\management.py",
    "fix": null,
    "location": {
      "column": 80,
      "row": 275
    },
    "message": "Line too long (82 > 79)",
    "name": "line-too-long",
    "noqa_row": 275,
    "severity": "error",
    "url": "https://docs.astral.sh/ruff/rules/line-too-long"
  },
  {
    "cell": null,
    "code": "E501",
    "end_location": {
      "column": 82,
      "row": 288
    },
    "filename": "C:\\Users\\pc01\\source\\repos\\image-downloader\\src\\image_downloader\\plugins\\management.py",
    "fix": null,
    "location": {
      "column": 80,
      "row": 288
    },
    "message": "Line too long (81 > 79)",
    "name": "line-too-long",
    "noqa_row": 288,
    "severity": "error",
    "url": "https://docs.astral.sh/ruff/rules/line-too-long"
  },
  {
    "cell": null,
    "code": "E501",
    "end_location": {
      "column": 86,
      "row": 289
    },
    "filename": "C:\\Users\\pc01\\source\\repos\\image-downloader\\src\\image_downloader\\plugins\\management.py",
    "fix": null,
    "location": {
      "column": 80,
      "row": 289
    },
    "message": "Line too long (85 > 79)",
    "name": "line-too-long",
    "noqa_row": 289,
    "severity": "error",
    "url": "https://docs.astral.sh/ruff/rules/line-too-long"
  },
  {
    "cell": null,
    "code": "E501",
    "end_location": {
      "column": 99,
      "row": 295
    },
    "filename": "C:\\Users\\pc01\\source\\repos\\image-downloader\\src\\image_downloader\\plugins\\management.py",
    "fix": null,
    "location": {
      "column": 80,
      "row": 295
    },
    "message": "Line too long (98 > 79)",
    "name": "line-too-long",
    "noqa_row": 295,
    "severity": "error",
    "url": "https://docs.astral.sh/ruff/rules/line-too-long"
  },
  {
    "cell": null,
    "code": "E501",
    "end_location": {
      "column": 87,
      "row": 298
    },
    "filename": "C:\\Users\\pc01\\source\\repos\\image-downloader\\src\\image_downloader\\plugins\\management.py",
    "fix": null,
    "location": {
      "column": 80,
      "row": 298
    },
    "message": "Line too long (86 > 79)",
    "name": "line-too-long",
    "noqa_row": 298,
    "severity": "error",
    "url": "https://docs.astral.sh/ruff/rules/line-too-long"
  },
  {
    "cell": null,
    "code": "E501",
    "end_location": {
      "column": 104,
      "row": 305
    },
    "filename": "C:\\Users\\pc01\\source\\repos\\image-downloader\\src\\image_downloader\\plugins\\management.py",
    "fix": null,
    "location": {
      "column": 80,
      "row": 305
    },
    "message": "Line too long (103 > 79)",
    "name": "line-too-long",
    "noqa_row": 305,
    "severity": "error",
    "url": "https://docs.astral.sh/ruff/rules/line-too-long"
  },
  {
    "cell": null,
    "code": "E501",
    "end_location": {
      "column": 89,
      "row": 310
    },
    "filename": "C:\\Users\\pc01\\source\\repos\\image-downloader\\src\\image_downloader\\plugins\\management.py",
    "fix": null,
    "location": {
      "column": 80,
      "row": 310
    },
    "message": "Line too long (88 > 79)",
    "name": "line-too-long",
    "noqa_row": 310,
    "severity": "error",
    "url": "https://docs.astral.sh/ruff/rules/line-too-long"
  },
  {
    "cell": null,
    "code": "E501",
    "end_location": {
      "column": 86,
      "row": 316
    },
    "filename": "C:\\Users\\pc01\\source\\repos\\image-downloader\\src\\image_downloader\\plugins\\management.py",
    "fix": null,
    "location": {
      "column": 80,
      "row": 316
    },
    "message": "Line too long (85 > 79)",
    "name": "line-too-long",
    "noqa_row": 316,
    "severity": "error",
    "url": "https://docs.astral.sh/ruff/rules/line-too-long"
  },
  {
    "cell": null,
    "code": "E501",
    "end_location": {
      "column": 82,
      "row": 44
    },
    "filename": "C:\\Users\\pc01\\source\\repos\\image-downloader\\src\\image_downloader\\plugins\\plugin_invoker.py",
    "fix": null,
    "location": {
      "column": 80,
      "row": 44
    },
    "message": "Line too long (81 > 79)",
    "name": "line-too-long",
    "noqa_row": 44,
    "severity": "error",
    "url": "https://docs.astral.sh/ruff/rules/line-too-long"
  },
  {
    "cell": null,
    "code": "E501",
    "end_location": {
      "column": 86,
      "row": 46
    },
    "filename": "C:\\Users\\pc01\\source\\repos\\image-downloader\\src\\image_downloader\\plugins\\plugin_invoker.py",
    "fix": null,
    "location": {
      "column": 80,
      "row": 46
    },
    "message": "Line too long (85 > 79)",
    "name": "line-too-long",
    "noqa_row": 46,
    "severity": "error",
    "url": "https://docs.astral.sh/ruff/rules/line-too-long"
  },
  {
    "cell": null,
    "code": "E501",
    "end_location": {
      "column": 91,
      "row": 97
    },
    "filename": "C:\\Users\\pc01\\source\\repos\\image-downloader\\src\\image_downloader\\plugins\\plugin_invoker.py",
    "fix": null,
    "location": {
      "column": 80,
      "row": 97
    },
    "message": "Line too long (90 > 79)",
    "name": "line-too-long",
    "noqa_row": 97,
    "severity": "error",
    "url": "https://docs.astral.sh/ruff/rules/line-too-long"
  },
  {
    "cell": null,
    "code": "E501",
    "end_location": {
      "column": 108,
      "row": 119
    },
    "filename": "C:\\Users\\pc01\\source\\repos\\image-downloader\\src\\image_downloader\\plugins\\plugin_invoker.py",
    "fix": null,
    "location": {
      "column": 80,
      "row": 119
    },
    "message": "Line too long (107 > 79)",
    "name": "line-too-long",
    "noqa_row": 119,
    "severity": "error",
    "url": "https://docs.astral.sh/ruff/rules/line-too-long"
  },
  {
    "cell": null,
    "code": "E501",
    "end_location": {
      "column": 85,
      "row": 121
    },
    "filename": "C:\\Users\\pc01\\source\\repos\\image-downloader\\src\\image_downloader\\plugins\\plugin_invoker.py",
    "fix": null,
    "location": {
      "column": 80,
      "row": 121
    },
    "message": "Line too long (84 > 79)",
    "name": "line-too-long",
    "noqa_row": 121,
    "severity": "error",
    "url": "https://docs.astral.sh/ruff/rules/line-too-long"
  },
  {
    "cell": null,
    "code": "E501",
    "end_location": {
      "column": 103,
      "row": 123
    },
    "filename": "C:\\Users\\pc01\\source\\repos\\image-downloader\\src\\image_downloader\\plugins\\plugin_invoker.py",
    "fix": null,
    "location": {
      "column": 80,
      "row": 123
    },
    "message": "Line too long (102 > 79)",
    "name": "line-too-long",
    "noqa_row": 123,
    "severity": "error",
    "url": "https://docs.astral.sh/ruff/rules/line-too-long"
  },
  {
    "cell": null,
    "code": "E501",
    "end_location": {
      "column": 100,
      "row": 124
    },
    "filename": "C:\\Users\\pc01\\source\\repos\\image-downloader\\src\\image_downloader\\plugins\\plugin_invoker.py",
    "fix": null,
    "location": {
      "column": 80,
      "row": 124
    },
    "message": "Line too long (99 > 79)",
    "name": "line-too-long",
    "noqa_row": 124,
    "severity": "error",
    "url": "https://docs.astral.sh/ruff/rules/line-too-long"
  },
  {
    "cell": null,
    "code": "E501",
    "end_location": {
      "column": 90,
      "row": 133
    },
    "filename": "C:\\Users\\pc01\\source\\repos\\image-downloader\\src\\image_downloader\\plugins\\plugin_invoker.py",
    "fix": null,
    "location": {
      "column": 80,
      "row": 133
    },
    "message": "Line too long (89 > 79)",
    "name": "line-too-long",
    "noqa_row": 133,
    "severity": "error",
    "url": "https://docs.astral.sh/ruff/rules/line-too-long"
  },
  {
    "cell": null,
    "code": "E501",
    "end_location": {
      "column": 86,
      "row": 136
    },
    "filename": "C:\\Users\\pc01\\source\\repos\\image-downloader\\src\\image_downloader\\plugins\\plugin_invoker.py",
    "fix": null,
    "location": {
      "column": 80,
      "row": 136
    },
    "message": "Line too long (85 > 79)",
    "name": "line-too-long",
    "noqa_row": 136,
    "severity": "error",
    "url": "https://docs.astral.sh/ruff/rules/line-too-long"
  },
  {
    "cell": null,
    "code": "E501",
    "end_location": {
      "column": 88,
      "row": 137
    },
    "filename": "C:\\Users\\pc01\\source\\repos\\image-downloader\\src\\image_downloader\\plugins\\plugin_invoker.py",
    "fix": null,
    "location": {
      "column": 80,
      "row": 137
    },
    "message": "Line too long (87 > 79)",
    "name": "line-too-long",
    "noqa_row": 137,
    "severity": "error",
    "url": "https://docs.astral.sh/ruff/rules/line-too-long"
  },
  {
    "cell": null,
    "code": "E501",
    "end_location": {
      "column": 92,
      "row": 139
    },
    "filename": "C:\\Users\\pc01\\source\\repos\\image-downloader\\src\\image_downloader\\plugins\\plugin_invoker.py",
    "fix": null,
    "location": {
      "column": 80,
      "row": 139
    },
    "message": "Line too long (91 > 79)",
    "name": "line-too-long",
    "noqa_row": 139,
    "severity": "error",
    "url": "https://docs.astral.sh/ruff/rules/line-too-long"
  },
  {
    "cell": null,
    "code": "E501",
    "end_location": {
      "column": 109,
      "row": 153
    },
    "filename": "C:\\Users\\pc01\\source\\repos\\image-downloader\\src\\image_downloader\\plugins\\plugin_invoker.py",
    "fix": null,
    "location": {
      "column": 80,
      "row": 153
    },
    "message": "Line too long (108 > 79)",
    "name": "line-too-long",
    "noqa_row": 153,
    "severity": "error",
    "url": "https://docs.astral.sh/ruff/rules/line-too-long"
  },
  {
    "cell": null,
    "code": "E501",
    "end_location": {
      "column": 85,
      "row": 171
    },
    "filename": "C:\\Users\\pc01\\source\\repos\\image-downloader\\src\\image_downloader\\plugins\\plugin_invoker.py",
    "fix": null,
    "location": {
      "column": 80,
      "row": 171
    },
    "message": "Line too long (84 > 79)",
    "name": "line-too-long",
    "noqa_row": 171,
    "severity": "error",
    "url": "https://docs.astral.sh/ruff/rules/line-too-long"
  },
  {
    "cell": null,
    "code": "E501",
    "end_location": {
      "column": 91,
      "row": 184
    },
    "filename": "C:\\Users\\pc01\\source\\repos\\image-downloader\\src\\image_downloader\\plugins\\plugin_invoker.py",
    "fix": null,
    "location": {
      "column": 80,
      "row": 184
    },
    "message": "Line too long (90 > 79)",
    "name": "line-too-long",
    "noqa_row": 184,
    "severity": "error",
    "url": "https://docs.astral.sh/ruff/rules/line-too-long"
  },
  {
    "cell": null,
    "code": "E501",
    "end_location": {
      "column": 97,
      "row": 189
    },
    "filename": "C:\\Users\\pc01\\source\\repos\\image-downloader\\src\\image_downloader\\plugins\\plugin_invoker.py",
    "fix": null,
    "location": {
      "column": 80,
      "row": 189
    },
    "message": "Line too long (96 > 79)",
    "name": "line-too-long",
    "noqa_row": 189,
    "severity": "error",
    "url": "https://docs.astral.sh/ruff/rules/line-too-long"
  },
  {
    "cell": null,
    "code": "E501",
    "end_location": {
      "column": 100,
      "row": 204
    },
    "filename": "C:\\Users\\pc01\\source\\repos\\image-downloader\\src\\image_downloader\\plugins\\plugin_invoker.py",
    "fix": null,
    "location": {
      "column": 80,
      "row": 204
    },
    "message": "Line too long (99 > 79)",
    "name": "line-too-long",
    "noqa_row": 204,
    "severity": "error",
    "url": "https://docs.astral.sh/ruff/rules/line-too-long"
  },
  {
    "cell": null,
    "code": "E501",
    "end_location": {
      "column": 83,
      "row": 207
    },
    "filename": "C:\\Users\\pc01\\source\\repos\\image-downloader\\src\\image_downloader\\plugins\\plugin_invoker.py",
    "fix": null,
    "location": {
      "column": 80,
      "row": 207
    },
    "message": "Line too long (82 > 79)",
    "name": "line-too-long",
    "noqa_row": 207,
    "severity": "error",
    "url": "https://docs.astral.sh/ruff/rules/line-too-long"
  },
  {
    "cell": null,
    "code": "E501",
    "end_location": {
      "column": 84,
      "row": 223
    },
    "filename": "C:\\Users\\pc01\\source\\repos\\image-downloader\\src\\image_downloader\\plugins\\plugin_invoker.py",
    "fix": null,
    "location": {
      "column": 80,
      "row": 223
    },
    "message": "Line too long (83 > 79)",
    "name": "line-too-long",
    "noqa_row": 223,
    "severity": "error",
    "url": "https://docs.astral.sh/ruff/rules/line-too-long"
  },
  {
    "cell": null,
    "code": "E501",
    "end_location": {
      "column": 83,
      "row": 226
    },
    "filename": "C:\\Users\\pc01\\source\\repos\\image-downloader\\src\\image_downloader\\plugins\\plugin_invoker.py",
    "fix": null,
    "location": {
      "column": 80,
      "row": 226
    },
    "message": "Line too long (82 > 79)",
    "name": "line-too-long",
    "noqa_row": 226,
    "severity": "error",
    "url": "https://docs.astral.sh/ruff/rules/line-too-long"
  },
  {
    "cell": null,
    "code": "E501",
    "end_location": {
      "column": 89,
      "row": 227
    },
    "filename": "C:\\Users\\pc01\\source\\repos\\image-downloader\\src\\image_downloader\\plugins\\plugin_invoker.py",
    "fix": null,
    "location": {
      "column": 80,
      "row": 227
    },
    "message": "Line too long (88 > 79)",
    "name": "line-too-long",
    "noqa_row": 227,
    "severity": "error",
    "url": "https://docs.astral.sh/ruff/rules/line-too-long"
  },
  {
    "cell": null,
    "code": "E501",
    "end_location": {
      "column": 101,
      "row": 239
    },
    "filename": "C:\\Users\\pc01\\source\\repos\\image-downloader\\src\\image_downloader\\plugins\\plugin_invoker.py",
    "fix": null,
    "location": {
      "column": 80,
      "row": 239
    },
    "message": "Line too long (100 > 79)",
    "name": "line-too-long",
    "noqa_row": 239,
    "severity": "error",
    "url": "https://docs.astral.sh/ruff/rules/line-too-long"
  },
  {
    "cell": null,
    "code": "E501",
    "end_location": {
      "column": 98,
      "row": 240
    },
    "filename": "C:\\Users\\pc01\\source\\repos\\image-downloader\\src\\image_downloader\\plugins\\plugin_invoker.py",
    "fix": null,
    "location": {
      "column": 80,
      "row": 240
    },
    "message": "Line too long (97 > 79)",
    "name": "line-too-long",
    "noqa_row": 240,
    "severity": "error",
    "url": "https://docs.astral.sh/ruff/rules/line-too-long"
  },
  {
    "cell": null,
    "code": "E501",
    "end_location": {
      "column": 95,
      "row": 267
    },
    "filename": "C:\\Users\\pc01\\source\\repos\\image-downloader\\src\\image_downloader\\plugins\\plugin_invoker.py",
    "fix": null,
    "location": {
      "column": 80,
      "row": 267
    },
    "message": "Line too long (94 > 79)",
    "name": "line-too-long",
    "noqa_row": 267,
    "severity": "error",
    "url": "https://docs.astral.sh/ruff/rules/line-too-long"
  },
  {
    "cell": null,
    "code": "E501",
    "end_location": {
      "column": 89,
      "row": 280
    },
    "filename": "C:\\Users\\pc01\\source\\repos\\image-downloader\\src\\image_downloader\\plugins\\plugin_invoker.py",
    "fix": null,
    "location": {
      "column": 80,
      "row": 280
    },
    "message": "Line too long (88 > 79)",
    "name": "line-too-long",
    "noqa_row": 280,
    "severity": "error",
    "url": "https://docs.astral.sh/ruff/rules/line-too-long"
  },
  {
    "cell": null,
    "code": "E501",
    "end_location": {
      "column": 85,
      "row": 298
    },
    "filename": "C:\\Users\\pc01\\source\\repos\\image-downloader\\src\\image_downloader\\plugins\\plugin_invoker.py",
    "fix": null,
    "location": {
      "column": 80,
      "row": 298
    },
    "message": "Line too long (84 > 79)",
    "name": "line-too-long",
    "noqa_row": 298,
    "severity": "error",
    "url": "https://docs.astral.sh/ruff/rules/line-too-long"
  },
  {
    "cell": null,
    "code": "E501",
    "end_location": {
      "column": 87,
      "row": 312
    },
    "filename": "C:\\Users\\pc01\\source\\repos\\image-downloader\\src\\image_downloader\\plugins\\plugin_invoker.py",
    "fix": null,
    "location": {
      "column": 80,
      "row": 312
    },
    "message": "Line too long (86 > 79)",
    "name": "line-too-long",
    "noqa_row": 312,
    "severity": "error",
    "url": "https://docs.astral.sh/ruff/rules/line-too-long"
  },
  {
    "cell": null,
    "code": "E501",
    "end_location": {
      "column": 104,
      "row": 316
    },
    "filename": "C:\\Users\\pc01\\source\\repos\\image-downloader\\src\\image_downloader\\plugins\\plugin_invoker.py",
    "fix": null,
    "location": {
      "column": 80,
      "row": 316
    },
    "message": "Line too long (103 > 79)",
    "name": "line-too-long",
    "noqa_row": 316,
    "severity": "error",
    "url": "https://docs.astral.sh/ruff/rules/line-too-long"
  },
  {
    "cell": null,
    "code": "E501",
    "end_location": {
      "column": 89,
      "row": 318
    },
    "filename": "C:\\Users\\pc01\\source\\repos\\image-downloader\\src\\image_downloader\\plugins\\plugin_invoker.py",
    "fix": null,
    "location": {
      "column": 80,
      "row": 318
    },
    "message": "Line too long (88 > 79)",
    "name": "line-too-long",
    "noqa_row": 318,
    "severity": "error",
    "url": "https://docs.astral.sh/ruff/rules/line-too-long"
  },
  {
    "cell": null,
    "code": "E501",
    "end_location": {
      "column": 81,
      "row": 320
    },
    "filename": "C:\\Users\\pc01\\source\\repos\\image-downloader\\src\\image_downloader\\plugins\\plugin_invoker.py",
    "fix": null,
    "location": {
      "column": 80,
      "row": 320
    },
    "message": "Line too long (80 > 79)",
    "name": "line-too-long",
    "noqa_row": 320,
    "severity": "error",
    "url": "https://docs.astral.sh/ruff/rules/line-too-long"
  },
  {
    "cell": null,
    "code": "E501",
    "end_location": {
      "column": 87,
      "row": 328
    },
    "filename": "C:\\Users\\pc01\\source\\repos\\image-downloader\\src\\image_downloader\\plugins\\plugin_invoker.py",
    "fix": null,
    "location": {
      "column": 80,
      "row": 328
    },
    "message": "Line too long (86 > 79)",
    "name": "line-too-long",
    "noqa_row": 328,
    "severity": "error",
    "url": "https://docs.astral.sh/ruff/rules/line-too-long"
  },
  {
    "cell": null,
    "code": "E501",
    "end_location": {
      "column": 90,
      "row": 329
    },
    "filename": "C:\\Users\\pc01\\source\\repos\\image-downloader\\src\\image_downloader\\plugins\\plugin_invoker.py",
    "fix": null,
    "location": {
      "column": 80,
      "row": 329
    },
    "message": "Line too long (89 > 79)",
    "name": "line-too-long",
    "noqa_row": 329,
    "severity": "error",
    "url": "https://docs.astral.sh/ruff/rules/line-too-long"
  },
  {
    "cell": null,
    "code": "E501",
    "end_location": {
      "column": 82,
      "row": 330
    },
    "filename": "C:\\Users\\pc01\\source\\repos\\image-downloader\\src\\image_downloader\\plugins\\plugin_invoker.py",
    "fix": null,
    "location": {
      "column": 80,
      "row": 330
    },
    "message": "Line too long (81 > 79)",
    "name": "line-too-long",
    "noqa_row": 330,
    "severity": "error",
    "url": "https://docs.astral.sh/ruff/rules/line-too-long"
  },
  {
    "cell": null,
    "code": "E501",
    "end_location": {
      "column": 111,
      "row": 331
    },
    "filename": "C:\\Users\\pc01\\source\\repos\\image-downloader\\src\\image_downloader\\plugins\\plugin_invoker.py",
    "fix": null,
    "location": {
      "column": 80,
      "row": 331
    },
    "message": "Line too long (110 > 79)",
    "name": "line-too-long",
    "noqa_row": 331,
    "severity": "error",
    "url": "https://docs.astral.sh/ruff/rules/line-too-long"
  },
  {
    "cell": null,
    "code": "E501",
    "end_location": {
      "column": 82,
      "row": 332
    },
    "filename": "C:\\Users\\pc01\\source\\repos\\image-downloader\\src\\image_downloader\\plugins\\plugin_invoker.py",
    "fix": null,
    "location": {
      "column": 80,
      "row": 332
    },
    "message": "Line too long (81 > 79)",
    "name": "line-too-long",
    "noqa_row": 332,
    "severity": "error",
    "url": "https://docs.astral.sh/ruff/rules/line-too-long"
  },
  {
    "cell": null,
    "code": "E501",
    "end_location": {
      "column": 109,
      "row": 335
    },
    "filename": "C:\\Users\\pc01\\source\\repos\\image-downloader\\src\\image_downloader\\plugins\\plugin_invoker.py",
    "fix": null,
    "location": {
      "column": 80,
      "row": 335
    },
    "message": "Line too long (108 > 79)",
    "name": "line-too-long",
    "noqa_row": 335,
    "severity": "error",
    "url": "https://docs.astral.sh/ruff/rules/line-too-long"
  },
  {
    "cell": null,
    "code": "E501",
    "end_location": {
      "column": 90,
      "row": 338
    },
    "filename": "C:\\Users\\pc01\\source\\repos\\image-downloader\\src\\image_downloader\\plugins\\plugin_invoker.py",
    "fix": null,
    "location": {
      "column": 80,
      "row": 338
    },
    "message": "Line too long (89 > 79)",
    "name": "line-too-long",
    "noqa_row": 338,
    "severity": "error",
    "url": "https://docs.astral.sh/ruff/rules/line-too-long"
  },
  {
    "cell": null,
    "code": "E501",
    "end_location": {
      "column": 106,
      "row": 339
    },
    "filename": "C:\\Users\\pc01\\source\\repos\\image-downloader\\src\\image_downloader\\plugins\\plugin_invoker.py",
    "fix": null,
    "location": {
      "column": 80,
      "row": 339
    },
    "message": "Line too long (105 > 79)",
    "name": "line-too-long",
    "noqa_row": 339,
    "severity": "error",
    "url": "https://docs.astral.sh/ruff/rules/line-too-long"
  },
  {
    "cell": null,
    "code": "E501",
    "end_location": {
      "column": 112,
      "row": 340
    },
    "filename": "C:\\Users\\pc01\\source\\repos\\image-downloader\\src\\image_downloader\\plugins\\plugin_invoker.py",
    "fix": null,
    "location": {
      "column": 80,
      "row": 340
    },
    "message": "Line too long (111 > 79)",
    "name": "line-too-long",
    "noqa_row": 340,
    "severity": "error",
    "url": "https://docs.astral.sh/ruff/rules/line-too-long"
  },
  {
    "cell": null,
    "code": "E501",
    "end_location": {
      "column": 88,
      "row": 341
    },
    "filename": "C:\\Users\\pc01\\source\\repos\\image-downloader\\src\\image_downloader\\plugins\\plugin_invoker.py",
    "fix": null,
    "location": {
      "column": 80,
      "row": 341
    },
    "message": "Line too long (87 > 79)",
    "name": "line-too-long",
    "noqa_row": 341,
    "severity": "error",
    "url": "https://docs.astral.sh/ruff/rules/line-too-long"
  },
  {
    "cell": null,
    "code": "E501",
    "end_location": {
      "column": 107,
      "row": 342
    },
    "filename": "C:\\Users\\pc01\\source\\repos\\image-downloader\\src\\image_downloader\\plugins\\plugin_invoker.py",
    "fix": null,
    "location": {
      "column": 80,
      "row": 342
    },
    "message": "Line too long (106 > 79)",
    "name": "line-too-long",
    "noqa_row": 342,
    "severity": "error",
    "url": "https://docs.astral.sh/ruff/rules/line-too-long"
  },
  {
    "cell": null,
    "code": "E501",
    "end_location": {
      "column": 87,
      "row": 343
    },
    "filename": "C:\\Users\\pc01\\source\\repos\\image-downloader\\src\\image_downloader\\plugins\\plugin_invoker.py",
    "fix": null,
    "location": {
      "column": 80,
      "row": 343
    },
    "message": "Line too long (86 > 79)",
    "name": "line-too-long",
    "noqa_row": 343,
    "severity": "error",
    "url": "https://docs.astral.sh/ruff/rules/line-too-long"
  },
  {
    "cell": null,
    "code": "E501",
    "end_location": {
      "column": 108,
      "row": 344
    },
    "filename": "C:\\Users\\pc01\\source\\repos\\image-downloader\\src\\image_downloader\\plugins\\plugin_invoker.py",
    "fix": null,
    "location": {
      "column": 80,
      "row": 344
    },
    "message": "Line too long (107 > 79)",
    "name": "line-too-long",
    "noqa_row": 344,
    "severity": "error",
    "url": "https://docs.astral.sh/ruff/rules/line-too-long"
  },
  {
    "cell": null,
    "code": "E501",
    "end_location": {
      "column": 88,
      "row": 348
    },
    "filename": "C:\\Users\\pc01\\source\\repos\\image-downloader\\src\\image_downloader\\plugins\\plugin_invoker.py",
    "fix": null,
    "location": {
      "column": 80,
      "row": 348
    },
    "message": "Line too long (87 > 79)",
    "name": "line-too-long",
    "noqa_row": 348,
    "severity": "error",
    "url": "https://docs.astral.sh/ruff/rules/line-too-long"
  },
  {
    "cell": null,
    "code": "E501",
    "end_location": {
      "column": 110,
      "row": 351
    },
    "filename": "C:\\Users\\pc01\\source\\repos\\image-downloader\\src\\image_downloader\\plugins\\plugin_invoker.py",
    "fix": null,
    "location": {
      "column": 80,
      "row": 351
    },
    "message": "Line too long (109 > 79)",
    "name": "line-too-long",
    "noqa_row": 351,
    "severity": "error",
    "url": "https://docs.astral.sh/ruff/rules/line-too-long"
  },
  {
    "cell": null,
    "code": "E501",
    "end_location": {
      "column": 104,
      "row": 353
    },
    "filename": "C:\\Users\\pc01\\source\\repos\\image-downloader\\src\\image_downloader\\plugins\\plugin_invoker.py",
    "fix": null,
    "location": {
      "column": 80,
      "row": 353
    },
    "message": "Line too long (103 > 79)",
    "name": "line-too-long",
    "noqa_row": 353,
    "severity": "error",
    "url": "https://docs.astral.sh/ruff/rules/line-too-long"
  },
  {
    "cell": null,
    "code": "E501",
    "end_location": {
      "column": 97,
      "row": 354
    },
    "filename": "C:\\Users\\pc01\\source\\repos\\image-downloader\\src\\image_downloader\\plugins\\plugin_invoker.py",
    "fix": null,
    "location": {
      "column": 80,
      "row": 354
    },
    "message": "Line too long (96 > 79)",
    "name": "line-too-long",
    "noqa_row": 354,
    "severity": "error",
    "url": "https://docs.astral.sh/ruff/rules/line-too-long"
  },
  {
    "cell": null,
    "code": "E501",
    "end_location": {
      "column": 90,
      "row": 355
    },
    "filename": "C:\\Users\\pc01\\source\\repos\\image-downloader\\src\\image_downloader\\plugins\\plugin_invoker.py",
    "fix": null,
    "location": {
      "column": 80,
      "row": 355
    },
    "message": "Line too long (89 > 79)",
    "name": "line-too-long",
    "noqa_row": 355,
    "severity": "error",
    "url": "https://docs.astral.sh/ruff/rules/line-too-long"
  },
  {
    "cell": null,
    "code": "E501",
    "end_location": {
      "column": 107,
      "row": 357
    },
    "filename": "C:\\Users\\pc01\\source\\repos\\image-downloader\\src\\image_downloader\\plugins\\plugin_invoker.py",
    "fix": null,
    "location": {
      "column": 80,
      "row": 357
    },
    "message": "Line too long (106 > 79)",
    "name": "line-too-long",
    "noqa_row": 357,
    "severity": "error",
    "url": "https://docs.astral.sh/ruff/rules/line-too-long"
  },
  {
    "cell": null,
    "code": "E501",
    "end_location": {
      "column": 112,
      "row": 358
    },
    "filename": "C:\\Users\\pc01\\source\\repos\\image-downloader\\src\\image_downloader\\plugins\\plugin_invoker.py",
    "fix": null,
    "location": {
      "column": 80,
      "row": 358
    },
    "message": "Line too long (111 > 79)",
    "name": "line-too-long",
    "noqa_row": 358,
    "severity": "error",
    "url": "https://docs.astral.sh/ruff/rules/line-too-long"
  },
  {
    "cell": null,
    "code": "E501",
    "end_location": {
      "column": 114,
      "row": 359
    },
    "filename": "C:\\Users\\pc01\\source\\repos\\image-downloader\\src\\image_downloader\\plugins\\plugin_invoker.py",
    "fix": null,
    "location": {
      "column": 80,
      "row": 359
    },
    "message": "Line too long (113 > 79)",
    "name": "line-too-long",
    "noqa_row": 359,
    "severity": "error",
    "url": "https://docs.astral.sh/ruff/rules/line-too-long"
  },
  {
    "cell": null,
    "code": "E501",
    "end_location": {
      "column": 88,
      "row": 361
    },
    "filename": "C:\\Users\\pc01\\source\\repos\\image-downloader\\src\\image_downloader\\plugins\\plugin_invoker.py",
    "fix": null,
    "location": {
      "column": 80,
      "row": 361
    },
    "message": "Line too long (87 > 79)",
    "name": "line-too-long",
    "noqa_row": 361,
    "severity": "error",
    "url": "https://docs.astral.sh/ruff/rules/line-too-long"
  },
  {
    "cell": null,
    "code": "E501",
    "end_location": {
      "column": 87,
      "row": 364
    },
    "filename": "C:\\Users\\pc01\\source\\repos\\image-downloader\\src\\image_downloader\\plugins\\plugin_invoker.py",
    "fix": null,
    "location": {
      "column": 80,
      "row": 364
    },
    "message": "Line too long (86 > 79)",
    "name": "line-too-long",
    "noqa_row": 364,
    "severity": "error",
    "url": "https://docs.astral.sh/ruff/rules/line-too-long"
  },
  {
    "cell": null,
    "code": "E501",
    "end_location": {
      "column": 96,
      "row": 371
    },
    "filename": "C:\\Users\\pc01\\source\\repos\\image-downloader\\src\\image_downloader\\plugins\\plugin_invoker.py",
    "fix": null,
    "location": {
      "column": 80,
      "row": 371
    },
    "message": "Line too long (95 > 79)",
    "name": "line-too-long",
    "noqa_row": 371,
    "severity": "error",
    "url": "https://docs.astral.sh/ruff/rules/line-too-long"
  },
  {
    "cell": null,
    "code": "E501",
    "end_location": {
      "column": 104,
      "row": 376
    },
    "filename": "C:\\Users\\pc01\\source\\repos\\image-downloader\\src\\image_downloader\\plugins\\plugin_invoker.py",
    "fix": null,
    "location": {
      "column": 80,
      "row": 376
    },
    "message": "Line too long (103 > 79)",
    "name": "line-too-long",
    "noqa_row": 376,
    "severity": "error",
    "url": "https://docs.astral.sh/ruff/rules/line-too-long"
  },
  {
    "cell": null,
    "code": "E501",
    "end_location": {
      "column": 90,
      "row": 378
    },
    "filename": "C:\\Users\\pc01\\source\\repos\\image-downloader\\src\\image_downloader\\plugins\\plugin_invoker.py",
    "fix": null,
    "location": {
      "column": 80,
      "row": 378
    },
    "message": "Line too long (89 > 79)",
    "name": "line-too-long",
    "noqa_row": 378,
    "severity": "error",
    "url": "https://docs.astral.sh/ruff/rules/line-too-long"
  },
  {
    "cell": null,
    "code": "E501",
    "end_location": {
      "column": 111,
      "row": 381
    },
    "filename": "C:\\Users\\pc01\\source\\repos\\image-downloader\\src\\image_downloader\\plugins\\plugin_invoker.py",
    "fix": null,
    "location": {
      "column": 80,
      "row": 381
    },
    "message": "Line too long (110 > 79)",
    "name": "line-too-long",
    "noqa_row": 381,
    "severity": "error",
    "url": "https://docs.astral.sh/ruff/rules/line-too-long"
  },
  {
    "cell": null,
    "code": "E501",
    "end_location": {
      "column": 91,
      "row": 385
    },
    "filename": "C:\\Users\\pc01\\source\\repos\\image-downloader\\src\\image_downloader\\plugins\\plugin_invoker.py",
    "fix": null,
    "location": {
      "column": 80,
      "row": 385
    },
    "message": "Line too long (90 > 79)",
    "name": "line-too-long",
    "noqa_row": 385,
    "severity": "error",
    "url": "https://docs.astral.sh/ruff/rules/line-too-long"
  },
  {
    "cell": null,
    "code": "E501",
    "end_location": {
      "column": 95,
      "row": 387
    },
    "filename": "C:\\Users\\pc01\\source\\repos\\image-downloader\\src\\image_downloader\\plugins\\plugin_invoker.py",
    "fix": null,
    "location": {
      "column": 80,
      "row": 387
    },
    "message": "Line too long (94 > 79)",
    "name": "line-too-long",
    "noqa_row": 387,
    "severity": "error",
    "url": "https://docs.astral.sh/ruff/rules/line-too-long"
  },
  {
    "cell": null,
    "code": "E501",
    "end_location": {
      "column": 112,
      "row": 388
    },
    "filename": "C:\\Users\\pc01\\source\\repos\\image-downloader\\src\\image_downloader\\plugins\\plugin_invoker.py",
    "fix": null,
    "location": {
      "column": 80,
      "row": 388
    },
    "message": "Line too long (111 > 79)",
    "name": "line-too-long",
    "noqa_row": 388,
    "severity": "error",
    "url": "https://docs.astral.sh/ruff/rules/line-too-long"
  },
  {
    "cell": null,
    "code": "E501",
    "end_location": {
      "column": 91,
      "row": 389
    },
    "filename": "C:\\Users\\pc01\\source\\repos\\image-downloader\\src\\image_downloader\\plugins\\plugin_invoker.py",
    "fix": null,
    "location": {
      "column": 80,
      "row": 389
    },
    "message": "Line too long (90 > 79)",
    "name": "line-too-long",
    "noqa_row": 389,
    "severity": "error",
    "url": "https://docs.astral.sh/ruff/rules/line-too-long"
  },
  {
    "cell": null,
    "code": "E501",
    "end_location": {
      "column": 110,
      "row": 390
    },
    "filename": "C:\\Users\\pc01\\source\\repos\\image-downloader\\src\\image_downloader\\plugins\\plugin_invoker.py",
    "fix": null,
    "location": {
      "column": 80,
      "row": 390
    },
    "message": "Line too long (109 > 79)",
    "name": "line-too-long",
    "noqa_row": 390,
    "severity": "error",
    "url": "https://docs.astral.sh/ruff/rules/line-too-long"
  },
  {
    "cell": null,
    "code": "E501",
    "end_location": {
      "column": 88,
      "row": 392
    },
    "filename": "C:\\Users\\pc01\\source\\repos\\image-downloader\\src\\image_downloader\\plugins\\plugin_invoker.py",
    "fix": null,
    "location": {
      "column": 80,
      "row": 392
    },
    "message": "Line too long (87 > 79)",
    "name": "line-too-long",
    "noqa_row": 392,
    "severity": "error",
    "url": "https://docs.astral.sh/ruff/rules/line-too-long"
  },
  {
    "cell": null,
    "code": "E501",
    "end_location": {
      "column": 92,
      "row": 398
    },
    "filename": "C:\\Users\\pc01\\source\\repos\\image-downloader\\src\\image_downloader\\plugins\\plugin_invoker.py",
    "fix": null,
    "location": {
      "column": 80,
      "row": 398
    },
    "message": "Line too long (91 > 79)",
    "name": "line-too-long",
    "noqa_row": 398,
    "severity": "error",
    "url": "https://docs.astral.sh/ruff/rules/line-too-long"
  },
  {
    "cell": null,
    "code": "E501",
    "end_location": {
      "column": 94,
      "row": 399
    },
    "filename": "C:\\Users\\pc01\\source\\repos\\image-downloader\\src\\image_downloader\\plugins\\plugin_invoker.py",
    "fix": null,
    "location": {
      "column": 80,
      "row": 399
    },
    "message": "Line too long (93 > 79)",
    "name": "line-too-long",
    "noqa_row": 399,
    "severity": "error",
    "url": "https://docs.astral.sh/ruff/rules/line-too-long"
  },
  {
    "cell": null,
    "code": "E501",
    "end_location": {
      "column": 103,
      "row": 401
    },
    "filename": "C:\\Users\\pc01\\source\\repos\\image-downloader\\src\\image_downloader\\plugins\\plugin_invoker.py",
    "fix": null,
    "location": {
      "column": 80,
      "row": 401
    },
    "message": "Line too long (102 > 79)",
    "name": "line-too-long",
    "noqa_row": 401,
    "severity": "error",
    "url": "https://docs.astral.sh/ruff/rules/line-too-long"
  },
  {
    "cell": null,
    "code": "E501",
    "end_location": {
      "column": 103,
      "row": 402
    },
    "filename": "C:\\Users\\pc01\\source\\repos\\image-downloader\\src\\image_downloader\\plugins\\plugin_invoker.py",
    "fix": null,
    "location": {
      "column": 80,
      "row": 402
    },
    "message": "Line too long (102 > 79)",
    "name": "line-too-long",
    "noqa_row": 402,
    "severity": "error",
    "url": "https://docs.astral.sh/ruff/rules/line-too-long"
  },
  {
    "cell": null,
    "code": "E501",
    "end_location": {
      "column": 99,
      "row": 403
    },
    "filename": "C:\\Users\\pc01\\source\\repos\\image-downloader\\src\\image_downloader\\plugins\\plugin_invoker.py",
    "fix": null,
    "location": {
      "column": 80,
      "row": 403
    },
    "message": "Line too long (98 > 79)",
    "name": "line-too-long",
    "noqa_row": 403,
    "severity": "error",
    "url": "https://docs.astral.sh/ruff/rules/line-too-long"
  },
  {
    "cell": null,
    "code": "E501",
    "end_location": {
      "column": 97,
      "row": 404
    },
    "filename": "C:\\Users\\pc01\\source\\repos\\image-downloader\\src\\image_downloader\\plugins\\plugin_invoker.py",
    "fix": null,
    "location": {
      "column": 80,
      "row": 404
    },
    "message": "Line too long (96 > 79)",
    "name": "line-too-long",
    "noqa_row": 404,
    "severity": "error",
    "url": "https://docs.astral.sh/ruff/rules/line-too-long"
  },
  {
    "cell": null,
    "code": "E501",
    "end_location": {
      "column": 96,
      "row": 406
    },
    "filename": "C:\\Users\\pc01\\source\\repos\\image-downloader\\src\\image_downloader\\plugins\\plugin_invoker.py",
    "fix": null,
    "location": {
      "column": 80,
      "row": 406
    },
    "message": "Line too long (95 > 79)",
    "name": "line-too-long",
    "noqa_row": 406,
    "severity": "error",
    "url": "https://docs.astral.sh/ruff/rules/line-too-long"
  },
  {
    "cell": null,
    "code": "E501",
    "end_location": {
      "column": 106,
      "row": 407
    },
    "filename": "C:\\Users\\pc01\\source\\repos\\image-downloader\\src\\image_downloader\\plugins\\plugin_invoker.py",
    "fix": null,
    "location": {
      "column": 80,
      "row": 407
    },
    "message": "Line too long (105 > 79)",
    "name": "line-too-long",
    "noqa_row": 407,
    "severity": "error",
    "url": "https://docs.astral.sh/ruff/rules/line-too-long"
  },
  {
    "cell": null,
    "code": "E501",
    "end_location": {
      "column": 100,
      "row": 410
    },
    "filename": "C:\\Users\\pc01\\source\\repos\\image-downloader\\src\\image_downloader\\plugins\\plugin_invoker.py",
    "fix": null,
    "location": {
      "column": 80,
      "row": 410
    },
    "message": "Line too long (99 > 79)",
    "name": "line-too-long",
    "noqa_row": 410,
    "severity": "error",
    "url": "https://docs.astral.sh/ruff/rules/line-too-long"
  },
  {
    "cell": null,
    "code": "E501",
    "end_location": {
      "column": 107,
      "row": 415
    },
    "filename": "C:\\Users\\pc01\\source\\repos\\image-downloader\\src\\image_downloader\\plugins\\plugin_invoker.py",
    "fix": null,
    "location": {
      "column": 80,
      "row": 415
    },
    "message": "Line too long (106 > 79)",
    "name": "line-too-long",
    "noqa_row": 415,
    "severity": "error",
    "url": "https://docs.astral.sh/ruff/rules/line-too-long"
  },
  {
    "cell": null,
    "code": "E501",
    "end_location": {
      "column": 115,
      "row": 420
    },
    "filename": "C:\\Users\\pc01\\source\\repos\\image-downloader\\src\\image_downloader\\plugins\\plugin_invoker.py",
    "fix": null,
    "location": {
      "column": 80,
      "row": 420
    },
    "message": "Line too long (114 > 79)",
    "name": "line-too-long",
    "noqa_row": 420,
    "severity": "error",
    "url": "https://docs.astral.sh/ruff/rules/line-too-long"
  },
  {
    "cell": null,
    "code": "E501",
    "end_location": {
      "column": 89,
      "row": 426
    },
    "filename": "C:\\Users\\pc01\\source\\repos\\image-downloader\\src\\image_downloader\\plugins\\plugin_invoker.py",
    "fix": null,
    "location": {
      "column": 80,
      "row": 426
    },
    "message": "Line too long (88 > 79)",
    "name": "line-too-long",
    "noqa_row": 426,
    "severity": "error",
    "url": "https://docs.astral.sh/ruff/rules/line-too-long"
  },
  {
    "cell": null,
    "code": "E501",
    "end_location": {
      "column": 101,
      "row": 428
    },
    "filename": "C:\\Users\\pc01\\source\\repos\\image-downloader\\src\\image_downloader\\plugins\\plugin_invoker.py",
    "fix": null,
    "location": {
      "column": 80,
      "row": 428
    },
    "message": "Line too long (100 > 79)",
    "name": "line-too-long",
    "noqa_row": 428,
    "severity": "error",
    "url": "https://docs.astral.sh/ruff/rules/line-too-long"
  },
  {
    "cell": null,
    "code": "E501",
    "end_location": {
      "column": 81,
      "row": 431
    },
    "filename": "C:\\Users\\pc01\\source\\repos\\image-downloader\\src\\image_downloader\\plugins\\plugin_invoker.py",
    "fix": null,
    "location": {
      "column": 80,
      "row": 431
    },
    "message": "Line too long (80 > 79)",
    "name": "line-too-long",
    "noqa_row": 431,
    "severity": "error",
    "url": "https://docs.astral.sh/ruff/rules/line-too-long"
  },
  {
    "cell": null,
    "code": "E501",
    "end_location": {
      "column": 93,
      "row": 436
    },
    "filename": "C:\\Users\\pc01\\source\\repos\\image-downloader\\src\\image_downloader\\plugins\\plugin_invoker.py",
    "fix": null,
    "location": {
      "column": 80,
      "row": 436
    },
    "message": "Line too long (92 > 79)",
    "name": "line-too-long",
    "noqa_row": 436,
    "severity": "error",
    "url": "https://docs.astral.sh/ruff/rules/line-too-long"
  },
  {
    "cell": null,
    "code": "E501",
    "end_location": {
      "column": 108,
      "row": 437
    },
    "filename": "C:\\Users\\pc01\\source\\repos\\image-downloader\\src\\image_downloader\\plugins\\plugin_invoker.py",
    "fix": null,
    "location": {
      "column": 80,
      "row": 437
    },
    "message": "Line too long (107 > 79)",
    "name": "line-too-long",
    "noqa_row": 437,
    "severity": "error",
    "url": "https://docs.astral.sh/ruff/rules/line-too-long"
  },
  {
    "cell": null,
    "code": "E501",
    "end_location": {
      "column": 88,
      "row": 438
    },
    "filename": "C:\\Users\\pc01\\source\\repos\\image-downloader\\src\\image_downloader\\plugins\\plugin_invoker.py",
    "fix": null,
    "location": {
      "column": 80,
      "row": 438
    },
    "message": "Line too long (87 > 79)",
    "name": "line-too-long",
    "noqa_row": 438,
    "severity": "error",
    "url": "https://docs.astral.sh/ruff/rules/line-too-long"
  },
  {
    "cell": null,
    "code": "E501",
    "end_location": {
      "column": 87,
      "row": 440
    },
    "filename": "C:\\Users\\pc01\\source\\repos\\image-downloader\\src\\image_downloader\\plugins\\plugin_invoker.py",
    "fix": null,
    "location": {
      "column": 80,
      "row": 440
    },
    "message": "Line too long (86 > 79)",
    "name": "line-too-long",
    "noqa_row": 440,
    "severity": "error",
    "url": "https://docs.astral.sh/ruff/rules/line-too-long"
  },
  {
    "cell": null,
    "code": "E501",
    "end_location": {
      "column": 88,
      "row": 443
    },
    "filename": "C:\\Users\\pc01\\source\\repos\\image-downloader\\src\\image_downloader\\plugins\\plugin_invoker.py",
    "fix": null,
    "location": {
      "column": 80,
      "row": 443
    },
    "message": "Line too long (87 > 79)",
    "name": "line-too-long",
    "noqa_row": 443,
    "severity": "error",
    "url": "https://docs.astral.sh/ruff/rules/line-too-long"
  },
  {
    "cell": null,
    "code": "E501",
    "end_location": {
      "column": 88,
      "row": 448
    },
    "filename": "C:\\Users\\pc01\\source\\repos\\image-downloader\\src\\image_downloader\\plugins\\plugin_invoker.py",
    "fix": null,
    "location": {
      "column": 80,
      "row": 448
    },
    "message": "Line too long (87 > 79)",
    "name": "line-too-long",
    "noqa_row": 448,
    "severity": "error",
    "url": "https://docs.astral.sh/ruff/rules/line-too-long"
  },
  {
    "cell": null,
    "code": "E501",
    "end_location": {
      "column": 109,
      "row": 467
    },
    "filename": "C:\\Users\\pc01\\source\\repos\\image-downloader\\src\\image_downloader\\plugins\\plugin_invoker.py",
    "fix": null,
    "location": {
      "column": 80,
      "row": 467
    },
    "message": "Line too long (108 > 79)",
    "name": "line-too-long",
    "noqa_row": 467,
    "severity": "error",
    "url": "https://docs.astral.sh/ruff/rules/line-too-long"
  },
  {
    "cell": null,
    "code": "E501",
    "end_location": {
      "column": 82,
      "row": 469
    },
    "filename": "C:\\Users\\pc01\\source\\repos\\image-downloader\\src\\image_downloader\\plugins\\plugin_invoker.py",
    "fix": null,
    "location": {
      "column": 80,
      "row": 469
    },
    "message": "Line too long (81 > 79)",
    "name": "line-too-long",
    "noqa_row": 469,
    "severity": "error",
    "url": "https://docs.astral.sh/ruff/rules/line-too-long"
  },
  {
    "cell": null,
    "code": "E501",
    "end_location": {
      "column": 81,
      "row": 476
    },
    "filename": "C:\\Users\\pc01\\source\\repos\\image-downloader\\src\\image_downloader\\plugins\\plugin_invoker.py",
    "fix": null,
    "location": {
      "column": 80,
      "row": 476
    },
    "message": "Line too long (80 > 79)",
    "name": "line-too-long",
    "noqa_row": 476,
    "severity": "error",
    "url": "https://docs.astral.sh/ruff/rules/line-too-long"
  },
  {
    "cell": null,
    "code": "E501",
    "end_location": {
      "column": 88,
      "row": 480
    },
    "filename": "C:\\Users\\pc01\\source\\repos\\image-downloader\\src\\image_downloader\\plugins\\plugin_invoker.py",
    "fix": null,
    "location": {
      "column": 80,
      "row": 480
    },
    "message": "Line too long (87 > 79)",
    "name": "line-too-long",
    "noqa_row": 480,
    "severity": "error",
    "url": "https://docs.astral.sh/ruff/rules/line-too-long"
  },
  {
    "cell": null,
    "code": "E501",
    "end_location": {
      "column": 102,
      "row": 483
    },
    "filename": "C:\\Users\\pc01\\source\\repos\\image-downloader\\src\\image_downloader\\plugins\\plugin_invoker.py",
    "fix": null,
    "location": {
      "column": 80,
      "row": 483
    },
    "message": "Line too long (101 > 79)",
    "name": "line-too-long",
    "noqa_row": 483,
    "severity": "error",
    "url": "https://docs.astral.sh/ruff/rules/line-too-long"
  },
  {
    "cell": null,
    "code": "E501",
    "end_location": {
      "column": 89,
      "row": 38
    },
    "filename": "C:\\Users\\pc01\\source\\repos\\image-downloader\\src\\image_downloader\\plugins\\plugin_manifest.py",
    "fix": null,
    "location": {
      "column": 80,
      "row": 38
    },
    "message": "Line too long (88 > 79)",
    "name": "line-too-long",
    "noqa_row": 38,
    "severity": "error",
    "url": "https://docs.astral.sh/ruff/rules/line-too-long"
  },
  {
    "cell": null,
    "code": "E501",
    "end_location": {
      "column": 102,
      "row": 83
    },
    "filename": "C:\\Users\\pc01\\source\\repos\\image-downloader\\src\\image_downloader\\plugins\\plugin_manifest.py",
    "fix": null,
    "location": {
      "column": 80,
      "row": 83
    },
    "message": "Line too long (101 > 79)",
    "name": "line-too-long",
    "noqa_row": 83,
    "severity": "error",
    "url": "https://docs.astral.sh/ruff/rules/line-too-long"
  },
  {
    "cell": null,
    "code": "E501",
    "end_location": {
      "column": 101,
      "row": 101
    },
    "filename": "C:\\Users\\pc01\\source\\repos\\image-downloader\\src\\image_downloader\\plugins\\plugin_manifest.py",
    "fix": null,
    "location": {
      "column": 80,
      "row": 101
    },
    "message": "Line too long (100 > 79)",
    "name": "line-too-long",
    "noqa_row": 101,
    "severity": "error",
    "url": "https://docs.astral.sh/ruff/rules/line-too-long"
  },
  {
    "cell": null,
    "code": "E501",
    "end_location": {
      "column": 99,
      "row": 115
    },
    "filename": "C:\\Users\\pc01\\source\\repos\\image-downloader\\src\\image_downloader\\plugins\\plugin_manifest.py",
    "fix": null,
    "location": {
      "column": 80,
      "row": 115
    },
    "message": "Line too long (98 > 79)",
    "name": "line-too-long",
    "noqa_row": 115,
    "severity": "error",
    "url": "https://docs.astral.sh/ruff/rules/line-too-long"
  },
  {
    "cell": null,
    "code": "E501",
    "end_location": {
      "column": 85,
      "row": 210
    },
    "filename": "C:\\Users\\pc01\\source\\repos\\image-downloader\\src\\image_downloader\\plugins\\plugin_manifest.py",
    "fix": null,
    "location": {
      "column": 80,
      "row": 210
    },
    "message": "Line too long (84 > 79)",
    "name": "line-too-long",
    "noqa_row": 210,
    "severity": "error",
    "url": "https://docs.astral.sh/ruff/rules/line-too-long"
  },
  {
    "cell": null,
    "code": "E501",
    "end_location": {
      "column": 120,
      "row": 228
    },
    "filename": "C:\\Users\\pc01\\source\\repos\\image-downloader\\src\\image_downloader\\plugins\\plugin_manifest.py",
    "fix": null,
    "location": {
      "column": 80,
      "row": 228
    },
    "message": "Line too long (119 > 79)",
    "name": "line-too-long",
    "noqa_row": 228,
    "severity": "error",
    "url": "https://docs.astral.sh/ruff/rules/line-too-long"
  },
  {
    "cell": null,
    "code": "E501",
    "end_location": {
      "column": 82,
      "row": 251
    },
    "filename": "C:\\Users\\pc01\\source\\repos\\image-downloader\\src\\image_downloader\\plugins\\plugin_manifest.py",
    "fix": null,
    "location": {
      "column": 80,
      "row": 251
    },
    "message": "Line too long (81 > 79)",
    "name": "line-too-long",
    "noqa_row": 251,
    "severity": "error",
    "url": "https://docs.astral.sh/ruff/rules/line-too-long"
  },
  {
    "cell": null,
    "code": "E501",
    "end_location": {
      "column": 116,
      "row": 256
    },
    "filename": "C:\\Users\\pc01\\source\\repos\\image-downloader\\src\\image_downloader\\plugins\\plugin_manifest.py",
    "fix": null,
    "location": {
      "column": 80,
      "row": 256
    },
    "message": "Line too long (115 > 79)",
    "name": "line-too-long",
    "noqa_row": 256,
    "severity": "error",
    "url": "https://docs.astral.sh/ruff/rules/line-too-long"
  },
  {
    "cell": null,
    "code": "E501",
    "end_location": {
      "column": 81,
      "row": 259
    },
    "filename": "C:\\Users\\pc01\\source\\repos\\image-downloader\\src\\image_downloader\\plugins\\plugin_manifest.py",
    "fix": null,
    "location": {
      "column": 80,
      "row": 259
    },
    "message": "Line too long (80 > 79)",
    "name": "line-too-long",
    "noqa_row": 259,
    "severity": "error",
    "url": "https://docs.astral.sh/ruff/rules/line-too-long"
  },
  {
    "cell": null,
    "code": "E501",
    "end_location": {
      "column": 86,
      "row": 294
    },
    "filename": "C:\\Users\\pc01\\source\\repos\\image-downloader\\src\\image_downloader\\plugins\\plugin_manifest.py",
    "fix": null,
    "location": {
      "column": 80,
      "row": 294
    },
    "message": "Line too long (85 > 79)",
    "name": "line-too-long",
    "noqa_row": 294,
    "severity": "error",
    "url": "https://docs.astral.sh/ruff/rules/line-too-long"
  },
  {
    "cell": null,
    "code": "E501",
    "end_location": {
      "column": 101,
      "row": 297
    },
    "filename": "C:\\Users\\pc01\\source\\repos\\image-downloader\\src\\image_downloader\\plugins\\plugin_manifest.py",
    "fix": null,
    "location": {
      "column": 80,
      "row": 297
    },
    "message": "Line too long (100 > 79)",
    "name": "line-too-long",
    "noqa_row": 297,
    "severity": "error",
    "url": "https://docs.astral.sh/ruff/rules/line-too-long"
  },
  {
    "cell": null,
    "code": "E501",
    "end_location": {
      "column": 91,
      "row": 300
    },
    "filename": "C:\\Users\\pc01\\source\\repos\\image-downloader\\src\\image_downloader\\plugins\\plugin_manifest.py",
    "fix": null,
    "location": {
      "column": 80,
      "row": 300
    },
    "message": "Line too long (90 > 79)",
    "name": "line-too-long",
    "noqa_row": 300,
    "severity": "error",
    "url": "https://docs.astral.sh/ruff/rules/line-too-long"
  },
  {
    "cell": null,
    "code": "E501",
    "end_location": {
      "column": 105,
      "row": 321
    },
    "filename": "C:\\Users\\pc01\\source\\repos\\image-downloader\\src\\image_downloader\\plugins\\plugin_manifest.py",
    "fix": null,
    "location": {
      "column": 80,
      "row": 321
    },
    "message": "Line too long (104 > 79)",
    "name": "line-too-long",
    "noqa_row": 321,
    "severity": "error",
    "url": "https://docs.astral.sh/ruff/rules/line-too-long"
  },
  {
    "cell": null,
    "code": "E501",
    "end_location": {
      "column": 98,
      "row": 324
    },
    "filename": "C:\\Users\\pc01\\source\\repos\\image-downloader\\src\\image_downloader\\plugins\\plugin_manifest.py",
    "fix": null,
    "location": {
      "column": 80,
      "row": 324
    },
    "message": "Line too long (97 > 79)",
    "name": "line-too-long",
    "noqa_row": 324,
    "severity": "error",
    "url": "https://docs.astral.sh/ruff/rules/line-too-long"
  },
  {
    "cell": null,
    "code": "E501",
    "end_location": {
      "column": 92,
      "row": 340
    },
    "filename": "C:\\Users\\pc01\\source\\repos\\image-downloader\\src\\image_downloader\\plugins\\plugin_manifest.py",
    "fix": null,
    "location": {
      "column": 80,
      "row": 340
    },
    "message": "Line too long (91 > 79)",
    "name": "line-too-long",
    "noqa_row": 340,
    "severity": "error",
    "url": "https://docs.astral.sh/ruff/rules/line-too-long"
  },
  {
    "cell": null,
    "code": "E501",
    "end_location": {
      "column": 112,
      "row": 342
    },
    "filename": "C:\\Users\\pc01\\source\\repos\\image-downloader\\src\\image_downloader\\plugins\\plugin_manifest.py",
    "fix": null,
    "location": {
      "column": 80,
      "row": 342
    },
    "message": "Line too long (111 > 79)",
    "name": "line-too-long",
    "noqa_row": 342,
    "severity": "error",
    "url": "https://docs.astral.sh/ruff/rules/line-too-long"
  },
  {
    "cell": null,
    "code": "E501",
    "end_location": {
      "column": 83,
      "row": 351
    },
    "filename": "C:\\Users\\pc01\\source\\repos\\image-downloader\\src\\image_downloader\\plugins\\plugin_manifest.py",
    "fix": null,
    "location": {
      "column": 80,
      "row": 351
    },
    "message": "Line too long (82 > 79)",
    "name": "line-too-long",
    "noqa_row": 351,
    "severity": "error",
    "url": "https://docs.astral.sh/ruff/rules/line-too-long"
  },
  {
    "cell": null,
    "code": "E501",
    "end_location": {
      "column": 119,
      "row": 366
    },
    "filename": "C:\\Users\\pc01\\source\\repos\\image-downloader\\src\\image_downloader\\plugins\\plugin_manifest.py",
    "fix": null,
    "location": {
      "column": 80,
      "row": 366
    },
    "message": "Line too long (118 > 79)",
    "name": "line-too-long",
    "noqa_row": 366,
    "severity": "error",
    "url": "https://docs.astral.sh/ruff/rules/line-too-long"
  },
  {
    "cell": null,
    "code": "E501",
    "end_location": {
      "column": 89,
      "row": 368
    },
    "filename": "C:\\Users\\pc01\\source\\repos\\image-downloader\\src\\image_downloader\\plugins\\plugin_manifest.py",
    "fix": null,
    "location": {
      "column": 80,
      "row": 368
    },
    "message": "Line too long (88 > 79)",
    "name": "line-too-long",
    "noqa_row": 368,
    "severity": "error",
    "url": "https://docs.astral.sh/ruff/rules/line-too-long"
  },
  {
    "cell": null,
    "code": "E501",
    "end_location": {
      "column": 117,
      "row": 402
    },
    "filename": "C:\\Users\\pc01\\source\\repos\\image-downloader\\src\\image_downloader\\plugins\\plugin_manifest.py",
    "fix": null,
    "location": {
      "column": 80,
      "row": 402
    },
    "message": "Line too long (116 > 79)",
    "name": "line-too-long",
    "noqa_row": 402,
    "severity": "error",
    "url": "https://docs.astral.sh/ruff/rules/line-too-long"
  },
  {
    "cell": null,
    "code": "E501",
    "end_location": {
      "column": 82,
      "row": 418
    },
    "filename": "C:\\Users\\pc01\\source\\repos\\image-downloader\\src\\image_downloader\\plugins\\plugin_manifest.py",
    "fix": null,
    "location": {
      "column": 80,
      "row": 418
    },
    "message": "Line too long (81 > 79)",
    "name": "line-too-long",
    "noqa_row": 418,
    "severity": "error",
    "url": "https://docs.astral.sh/ruff/rules/line-too-long"
  },
  {
    "cell": null,
    "code": "E501",
    "end_location": {
      "column": 93,
      "row": 436
    },
    "filename": "C:\\Users\\pc01\\source\\repos\\image-downloader\\src\\image_downloader\\plugins\\plugin_manifest.py",
    "fix": null,
    "location": {
      "column": 80,
      "row": 436
    },
    "message": "Line too long (92 > 79)",
    "name": "line-too-long",
    "noqa_row": 436,
    "severity": "error",
    "url": "https://docs.astral.sh/ruff/rules/line-too-long"
  },
  {
    "cell": null,
    "code": "E501",
    "end_location": {
      "column": 98,
      "row": 465
    },
    "filename": "C:\\Users\\pc01\\source\\repos\\image-downloader\\src\\image_downloader\\plugins\\plugin_manifest.py",
    "fix": null,
    "location": {
      "column": 80,
      "row": 465
    },
    "message": "Line too long (97 > 79)",
    "name": "line-too-long",
    "noqa_row": 465,
    "severity": "error",
    "url": "https://docs.astral.sh/ruff/rules/line-too-long"
  },
  {
    "cell": null,
    "code": "E501",
    "end_location": {
      "column": 85,
      "row": 467
    },
    "filename": "C:\\Users\\pc01\\source\\repos\\image-downloader\\src\\image_downloader\\plugins\\plugin_manifest.py",
    "fix": null,
    "location": {
      "column": 80,
      "row": 467
    },
    "message": "Line too long (84 > 79)",
    "name": "line-too-long",
    "noqa_row": 467,
    "severity": "error",
    "url": "https://docs.astral.sh/ruff/rules/line-too-long"
  },
  {
    "cell": null,
    "code": "E501",
    "end_location": {
      "column": 85,
      "row": 481
    },
    "filename": "C:\\Users\\pc01\\source\\repos\\image-downloader\\src\\image_downloader\\plugins\\plugin_manifest.py",
    "fix": null,
    "location": {
      "column": 80,
      "row": 481
    },
    "message": "Line too long (84 > 79)",
    "name": "line-too-long",
    "noqa_row": 481,
    "severity": "error",
    "url": "https://docs.astral.sh/ruff/rules/line-too-long"
  },
  {
    "cell": null,
    "code": "E501",
    "end_location": {
      "column": 82,
      "row": 488
    },
    "filename": "C:\\Users\\pc01\\source\\repos\\image-downloader\\src\\image_downloader\\plugins\\plugin_manifest.py",
    "fix": null,
    "location": {
      "column": 80,
      "row": 488
    },
    "message": "Line too long (81 > 79)",
    "name": "line-too-long",
    "noqa_row": 488,
    "severity": "error",
    "url": "https://docs.astral.sh/ruff/rules/line-too-long"
  },
  {
    "cell": null,
    "code": "E501",
    "end_location": {
      "column": 82,
      "row": 492
    },
    "filename": "C:\\Users\\pc01\\source\\repos\\image-downloader\\src\\image_downloader\\plugins\\plugin_manifest.py",
    "fix": null,
    "location": {
      "column": 80,
      "row": 492
    },
    "message": "Line too long (81 > 79)",
    "name": "line-too-long",
    "noqa_row": 492,
    "severity": "error",
    "url": "https://docs.astral.sh/ruff/rules/line-too-long"
  },
  {
    "cell": null,
    "code": "E501",
    "end_location": {
      "column": 83,
      "row": 493
    },
    "filename": "C:\\Users\\pc01\\source\\repos\\image-downloader\\src\\image_downloader\\plugins\\plugin_manifest.py",
    "fix": null,
    "location": {
      "column": 80,
      "row": 493
    },
    "message": "Line too long (82 > 79)",
    "name": "line-too-long",
    "noqa_row": 493,
    "severity": "error",
    "url": "https://docs.astral.sh/ruff/rules/line-too-long"
  },
  {
    "cell": null,
    "code": "E501",
    "end_location": {
      "column": 93,
      "row": 496
    },
    "filename": "C:\\Users\\pc01\\source\\repos\\image-downloader\\src\\image_downloader\\plugins\\plugin_manifest.py",
    "fix": null,
    "location": {
      "column": 80,
      "row": 496
    },
    "message": "Line too long (92 > 79)",
    "name": "line-too-long",
    "noqa_row": 496,
    "severity": "error",
    "url": "https://docs.astral.sh/ruff/rules/line-too-long"
  },
  {
    "cell": null,
    "code": "E501",
    "end_location": {
      "column": 81,
      "row": 504
    },
    "filename": "C:\\Users\\pc01\\source\\repos\\image-downloader\\src\\image_downloader\\plugins\\plugin_manifest.py",
    "fix": null,
    "location": {
      "column": 80,
      "row": 504
    },
    "message": "Line too long (80 > 79)",
    "name": "line-too-long",
    "noqa_row": 504,
    "severity": "error",
    "url": "https://docs.astral.sh/ruff/rules/line-too-long"
  },
  {
    "cell": null,
    "code": "E501",
    "end_location": {
      "column": 87,
      "row": 508
    },
    "filename": "C:\\Users\\pc01\\source\\repos\\image-downloader\\src\\image_downloader\\plugins\\plugin_manifest.py",
    "fix": null,
    "location": {
      "column": 80,
      "row": 508
    },
    "message": "Line too long (86 > 79)",
    "name": "line-too-long",
    "noqa_row": 508,
    "severity": "error",
    "url": "https://docs.astral.sh/ruff/rules/line-too-long"
  },
  {
    "cell": null,
    "code": "E501",
    "end_location": {
      "column": 97,
      "row": 520
    },
    "filename": "C:\\Users\\pc01\\source\\repos\\image-downloader\\src\\image_downloader\\plugins\\plugin_manifest.py",
    "fix": null,
    "location": {
      "column": 80,
      "row": 520
    },
    "message": "Line too long (96 > 79)",
    "name": "line-too-long",
    "noqa_row": 520,
    "severity": "error",
    "url": "https://docs.astral.sh/ruff/rules/line-too-long"
  },
  {
    "cell": null,
    "code": "E501",
    "end_location": {
      "column": 81,
      "row": 521
    },
    "filename": "C:\\Users\\pc01\\source\\repos\\image-downloader\\src\\image_downloader\\plugins\\plugin_manifest.py",
    "fix": null,
    "location": {
      "column": 80,
      "row": 521
    },
    "message": "Line too long (80 > 79)",
    "name": "line-too-long",
    "noqa_row": 521,
    "severity": "error",
    "url": "https://docs.astral.sh/ruff/rules/line-too-long"
  },
  {
    "cell": null,
    "code": "E501",
    "end_location": {
      "column": 95,
      "row": 530
    },
    "filename": "C:\\Users\\pc01\\source\\repos\\image-downloader\\src\\image_downloader\\plugins\\plugin_manifest.py",
    "fix": null,
    "location": {
      "column": 80,
      "row": 530
    },
    "message": "Line too long (94 > 79)",
    "name": "line-too-long",
    "noqa_row": 530,
    "severity": "error",
    "url": "https://docs.astral.sh/ruff/rules/line-too-long"
  },
  {
    "cell": null,
    "code": "E501",
    "end_location": {
      "column": 88,
      "row": 542
    },
    "filename": "C:\\Users\\pc01\\source\\repos\\image-downloader\\src\\image_downloader\\plugins\\plugin_manifest.py",
    "fix": null,
    "location": {
      "column": 80,
      "row": 542
    },
    "message": "Line too long (87 > 79)",
    "name": "line-too-long",
    "noqa_row": 542,
    "severity": "error",
    "url": "https://docs.astral.sh/ruff/rules/line-too-long"
  },
  {
    "cell": null,
    "code": "E501",
    "end_location": {
      "column": 86,
      "row": 579
    },
    "filename": "C:\\Users\\pc01\\source\\repos\\image-downloader\\src\\image_downloader\\plugins\\plugin_manifest.py",
    "fix": null,
    "location": {
      "column": 80,
      "row": 579
    },
    "message": "Line too long (85 > 79)",
    "name": "line-too-long",
    "noqa_row": 579,
    "severity": "error",
    "url": "https://docs.astral.sh/ruff/rules/line-too-long"
  },
  {
    "cell": null,
    "code": "E501",
    "end_location": {
      "column": 82,
      "row": 599
    },
    "filename": "C:\\Users\\pc01\\source\\repos\\image-downloader\\src\\image_downloader\\plugins\\plugin_manifest.py",
    "fix": null,
    "location": {
      "column": 80,
      "row": 599
    },
    "message": "Line too long (81 > 79)",
    "name": "line-too-long",
    "noqa_row": 599,
    "severity": "error",
    "url": "https://docs.astral.sh/ruff/rules/line-too-long"
  },
  {
    "cell": null,
    "code": "E501",
    "end_location": {
      "column": 83,
      "row": 601
    },
    "filename": "C:\\Users\\pc01\\source\\repos\\image-downloader\\src\\image_downloader\\plugins\\plugin_manifest.py",
    "fix": null,
    "location": {
      "column": 80,
      "row": 601
    },
    "message": "Line too long (82 > 79)",
    "name": "line-too-long",
    "noqa_row": 601,
    "severity": "error",
    "url": "https://docs.astral.sh/ruff/rules/line-too-long"
  },
  {
    "cell": null,
    "code": "E501",
    "end_location": {
      "column": 105,
      "row": 606
    },
    "filename": "C:\\Users\\pc01\\source\\repos\\image-downloader\\src\\image_downloader\\plugins\\plugin_manifest.py",
    "fix": null,
    "location": {
      "column": 80,
      "row": 606
    },
    "message": "Line too long (104 > 79)",
    "name": "line-too-long",
    "noqa_row": 606,
    "severity": "error",
    "url": "https://docs.astral.sh/ruff/rules/line-too-long"
  },
  {
    "cell": null,
    "code": "E501",
    "end_location": {
      "column": 81,
      "row": 607
    },
    "filename": "C:\\Users\\pc01\\source\\repos\\image-downloader\\src\\image_downloader\\plugins\\plugin_manifest.py",
    "fix": null,
    "location": {
      "column": 80,
      "row": 607
    },
    "message": "Line too long (80 > 79)",
    "name": "line-too-long",
    "noqa_row": 607,
    "severity": "error",
    "url": "https://docs.astral.sh/ruff/rules/line-too-long"
  },
  {
    "cell": null,
    "code": "E501",
    "end_location": {
      "column": 83,
      "row": 11
    },
    "filename": "C:\\Users\\pc01\\source\\repos\\image-downloader\\src\\image_downloader\\plugins\\runtime.py",
    "fix": null,
    "location": {
      "column": 80,
      "row": 11
    },
    "message": "Line too long (82 > 79)",
    "name": "line-too-long",
    "noqa_row": 11,
    "severity": "error",
    "url": "https://docs.astral.sh/ruff/rules/line-too-long"
  },
  {
    "cell": null,
    "code": "E501",
    "end_location": {
      "column": 96,
      "row": 60
    },
    "filename": "C:\\Users\\pc01\\source\\repos\\image-downloader\\src\\image_downloader\\plugins\\runtime.py",
    "fix": null,
    "location": {
      "column": 80,
      "row": 60
    },
    "message": "Line too long (95 > 79)",
    "name": "line-too-long",
    "noqa_row": 60,
    "severity": "error",
    "url": "https://docs.astral.sh/ruff/rules/line-too-long"
  },
  {
    "cell": null,
    "code": "E501",
    "end_location": {
      "column": 101,
      "row": 84
    },
    "filename": "C:\\Users\\pc01\\source\\repos\\image-downloader\\src\\image_downloader\\plugins\\runtime.py",
    "fix": null,
    "location": {
      "column": 80,
      "row": 84
    },
    "message": "Line too long (100 > 79)",
    "name": "line-too-long",
    "noqa_row": 84,
    "severity": "error",
    "url": "https://docs.astral.sh/ruff/rules/line-too-long"
  },
  {
    "cell": null,
    "code": "E501",
    "end_location": {
      "column": 86,
      "row": 90
    },
    "filename": "C:\\Users\\pc01\\source\\repos\\image-downloader\\src\\image_downloader\\plugins\\runtime.py",
    "fix": null,
    "location": {
      "column": 80,
      "row": 90
    },
    "message": "Line too long (85 > 79)",
    "name": "line-too-long",
    "noqa_row": 90,
    "severity": "error",
    "url": "https://docs.astral.sh/ruff/rules/line-too-long"
  },
  {
    "cell": null,
    "code": "E501",
    "end_location": {
      "column": 90,
      "row": 99
    },
    "filename": "C:\\Users\\pc01\\source\\repos\\image-downloader\\src\\image_downloader\\plugins\\runtime.py",
    "fix": null,
    "location": {
      "column": 80,
      "row": 99
    },
    "message": "Line too long (89 > 79)",
    "name": "line-too-long",
    "noqa_row": 99,
    "severity": "error",
    "url": "https://docs.astral.sh/ruff/rules/line-too-long"
  },
  {
    "cell": null,
    "code": "E501",
    "end_location": {
      "column": 111,
      "row": 107
    },
    "filename": "C:\\Users\\pc01\\source\\repos\\image-downloader\\src\\image_downloader\\plugins\\runtime.py",
    "fix": null,
    "location": {
      "column": 80,
      "row": 107
    },
    "message": "Line too long (110 > 79)",
    "name": "line-too-long",
    "noqa_row": 107,
    "severity": "error",
    "url": "https://docs.astral.sh/ruff/rules/line-too-long"
  },
  {
    "cell": null,
    "code": "E501",
    "end_location": {
      "column": 89,
      "row": 110
    },
    "filename": "C:\\Users\\pc01\\source\\repos\\image-downloader\\src\\image_downloader\\plugins\\runtime.py",
    "fix": null,
    "location": {
      "column": 80,
      "row": 110
    },
    "message": "Line too long (88 > 79)",
    "name": "line-too-long",
    "noqa_row": 110,
    "severity": "error",
    "url": "https://docs.astral.sh/ruff/rules/line-too-long"
  },
  {
    "cell": null,
    "code": "E501",
    "end_location": {
      "column": 97,
      "row": 112
    },
    "filename": "C:\\Users\\pc01\\source\\repos\\image-downloader\\src\\image_downloader\\plugins\\runtime.py",
    "fix": null,
    "location": {
      "column": 80,
      "row": 112
    },
    "message": "Line too long (96 > 79)",
    "name": "line-too-long",
    "noqa_row": 112,
    "severity": "error",
    "url": "https://docs.astral.sh/ruff/rules/line-too-long"
  },
  {
    "cell": null,
    "code": "E501",
    "end_location": {
      "column": 100,
      "row": 116
    },
    "filename": "C:\\Users\\pc01\\source\\repos\\image-downloader\\src\\image_downloader\\plugins\\runtime.py",
    "fix": null,
    "location": {
      "column": 80,
      "row": 116
    },
    "message": "Line too long (99 > 79)",
    "name": "line-too-long",
    "noqa_row": 116,
    "severity": "error",
    "url": "https://docs.astral.sh/ruff/rules/line-too-long"
  },
  {
    "cell": null,
    "code": "E501",
    "end_location": {
      "column": 94,
      "row": 117
    },
    "filename": "C:\\Users\\pc01\\source\\repos\\image-downloader\\src\\image_downloader\\plugins\\runtime.py",
    "fix": null,
    "location": {
      "column": 80,
      "row": 117
    },
    "message": "Line too long (93 > 79)",
    "name": "line-too-long",
    "noqa_row": 117,
    "severity": "error",
    "url": "https://docs.astral.sh/ruff/rules/line-too-long"
  },
  {
    "cell": null,
    "code": "E501",
    "end_location": {
      "column": 101,
      "row": 118
    },
    "filename": "C:\\Users\\pc01\\source\\repos\\image-downloader\\src\\image_downloader\\plugins\\runtime.py",
    "fix": null,
    "location": {
      "column": 80,
      "row": 118
    },
    "message": "Line too long (100 > 79)",
    "name": "line-too-long",
    "noqa_row": 118,
    "severity": "error",
    "url": "https://docs.astral.sh/ruff/rules/line-too-long"
  },
  {
    "cell": null,
    "code": "E501",
    "end_location": {
      "column": 116,
      "row": 119
    },
    "filename": "C:\\Users\\pc01\\source\\repos\\image-downloader\\src\\image_downloader\\plugins\\runtime.py",
    "fix": null,
    "location": {
      "column": 80,
      "row": 119
    },
    "message": "Line too long (115 > 79)",
    "name": "line-too-long",
    "noqa_row": 119,
    "severity": "error",
    "url": "https://docs.astral.sh/ruff/rules/line-too-long"
  },
  {
    "cell": null,
    "code": "E501",
    "end_location": {
      "column": 98,
      "row": 123
    },
    "filename": "C:\\Users\\pc01\\source\\repos\\image-downloader\\src\\image_downloader\\plugins\\runtime.py",
    "fix": null,
    "location": {
      "column": 80,
      "row": 123
    },
    "message": "Line too long (97 > 79)",
    "name": "line-too-long",
    "noqa_row": 123,
    "severity": "error",
    "url": "https://docs.astral.sh/ruff/rules/line-too-long"
  },
  {
    "cell": null,
    "code": "E501",
    "end_location": {
      "column": 91,
      "row": 138
    },
    "filename": "C:\\Users\\pc01\\source\\repos\\image-downloader\\src\\image_downloader\\plugins\\runtime.py",
    "fix": null,
    "location": {
      "column": 80,
      "row": 138
    },
    "message": "Line too long (90 > 79)",
    "name": "line-too-long",
    "noqa_row": 138,
    "severity": "error",
    "url": "https://docs.astral.sh/ruff/rules/line-too-long"
  },
  {
    "cell": null,
    "code": "E501",
    "end_location": {
      "column": 103,
      "row": 140
    },
    "filename": "C:\\Users\\pc01\\source\\repos\\image-downloader\\src\\image_downloader\\plugins\\runtime.py",
    "fix": null,
    "location": {
      "column": 80,
      "row": 140
    },
    "message": "Line too long (102 > 79)",
    "name": "line-too-long",
    "noqa_row": 140,
    "severity": "error",
    "url": "https://docs.astral.sh/ruff/rules/line-too-long"
  },
  {
    "cell": null,
    "code": "E501",
    "end_location": {
      "column": 112,
      "row": 141
    },
    "filename": "C:\\Users\\pc01\\source\\repos\\image-downloader\\src\\image_downloader\\plugins\\runtime.py",
    "fix": null,
    "location": {
      "column": 80,
      "row": 141
    },
    "message": "Line too long (111 > 79)",
    "name": "line-too-long",
    "noqa_row": 141,
    "severity": "error",
    "url": "https://docs.astral.sh/ruff/rules/line-too-long"
  },
  {
    "cell": null,
    "code": "E501",
    "end_location": {
      "column": 93,
      "row": 143
    },
    "filename": "C:\\Users\\pc01\\source\\repos\\image-downloader\\src\\image_downloader\\plugins\\runtime.py",
    "fix": null,
    "location": {
      "column": 80,
      "row": 143
    },
    "message": "Line too long (92 > 79)",
    "name": "line-too-long",
    "noqa_row": 143,
    "severity": "error",
    "url": "https://docs.astral.sh/ruff/rules/line-too-long"
  },
  {
    "cell": null,
    "code": "E501",
    "end_location": {
      "column": 91,
      "row": 144
    },
    "filename": "C:\\Users\\pc01\\source\\repos\\image-downloader\\src\\image_downloader\\plugins\\runtime.py",
    "fix": null,
    "location": {
      "column": 80,
      "row": 144
    },
    "message": "Line too long (90 > 79)",
    "name": "line-too-long",
    "noqa_row": 144,
    "severity": "error",
    "url": "https://docs.astral.sh/ruff/rules/line-too-long"
  },
  {
    "cell": null,
    "code": "E501",
    "end_location": {
      "column": 98,
      "row": 167
    },
    "filename": "C:\\Users\\pc01\\source\\repos\\image-downloader\\src\\image_downloader\\plugins\\runtime.py",
    "fix": null,
    "location": {
      "column": 80,
      "row": 167
    },
    "message": "Line too long (97 > 79)",
    "name": "line-too-long",
    "noqa_row": 167,
    "severity": "error",
    "url": "https://docs.astral.sh/ruff/rules/line-too-long"
  },
  {
    "cell": null,
    "code": "E501",
    "end_location": {
      "column": 106,
      "row": 176
    },
    "filename": "C:\\Users\\pc01\\source\\repos\\image-downloader\\src\\image_downloader\\plugins\\runtime.py",
    "fix": null,
    "location": {
      "column": 80,
      "row": 176
    },
    "message": "Line too long (105 > 79)",
    "name": "line-too-long",
    "noqa_row": 176,
    "severity": "error",
    "url": "https://docs.astral.sh/ruff/rules/line-too-long"
  },
  {
    "cell": null,
    "code": "E501",
    "end_location": {
      "column": 90,
      "row": 178
    },
    "filename": "C:\\Users\\pc01\\source\\repos\\image-downloader\\src\\image_downloader\\plugins\\runtime.py",
    "fix": null,
    "location": {
      "column": 80,
      "row": 178
    },
    "message": "Line too long (89 > 79)",
    "name": "line-too-long",
    "noqa_row": 178,
    "severity": "error",
    "url": "https://docs.astral.sh/ruff/rules/line-too-long"
  },
  {
    "cell": null,
    "code": "E501",
    "end_location": {
      "column": 96,
      "row": 182
    },
    "filename": "C:\\Users\\pc01\\source\\repos\\image-downloader\\src\\image_downloader\\plugins\\runtime.py",
    "fix": null,
    "location": {
      "column": 80,
      "row": 182
    },
    "message": "Line too long (95 > 79)",
    "name": "line-too-long",
    "noqa_row": 182,
    "severity": "error",
    "url": "https://docs.astral.sh/ruff/rules/line-too-long"
  },
  {
    "cell": null,
    "code": "E501",
    "end_location": {
      "column": 96,
      "row": 185
    },
    "filename": "C:\\Users\\pc01\\source\\repos\\image-downloader\\src\\image_downloader\\plugins\\runtime.py",
    "fix": null,
    "location": {
      "column": 80,
      "row": 185
    },
    "message": "Line too long (95 > 79)",
    "name": "line-too-long",
    "noqa_row": 185,
    "severity": "error",
    "url": "https://docs.astral.sh/ruff/rules/line-too-long"
  },
  {
    "cell": null,
    "code": "E501",
    "end_location": {
      "column": 100,
      "row": 186
    },
    "filename": "C:\\Users\\pc01\\source\\repos\\image-downloader\\src\\image_downloader\\plugins\\runtime.py",
    "fix": null,
    "location": {
      "column": 80,
      "row": 186
    },
    "message": "Line too long (99 > 79)",
    "name": "line-too-long",
    "noqa_row": 186,
    "severity": "error",
    "url": "https://docs.astral.sh/ruff/rules/line-too-long"
  },
  {
    "cell": null,
    "code": "E501",
    "end_location": {
      "column": 102,
      "row": 187
    },
    "filename": "C:\\Users\\pc01\\source\\repos\\image-downloader\\src\\image_downloader\\plugins\\runtime.py",
    "fix": null,
    "location": {
      "column": 80,
      "row": 187
    },
    "message": "Line too long (101 > 79)",
    "name": "line-too-long",
    "noqa_row": 187,
    "severity": "error",
    "url": "https://docs.astral.sh/ruff/rules/line-too-long"
  },
  {
    "cell": null,
    "code": "E501",
    "end_location": {
      "column": 105,
      "row": 195
    },
    "filename": "C:\\Users\\pc01\\source\\repos\\image-downloader\\src\\image_downloader\\plugins\\runtime.py",
    "fix": null,
    "location": {
      "column": 80,
      "row": 195
    },
    "message": "Line too long (104 > 79)",
    "name": "line-too-long",
    "noqa_row": 195,
    "severity": "error",
    "url": "https://docs.astral.sh/ruff/rules/line-too-long"
  },
  {
    "cell": null,
    "code": "E501",
    "end_location": {
      "column": 105,
      "row": 198
    },
    "filename": "C:\\Users\\pc01\\source\\repos\\image-downloader\\src\\image_downloader\\plugins\\runtime.py",
    "fix": null,
    "location": {
      "column": 80,
      "row": 198
    },
    "message": "Line too long (104 > 79)",
    "name": "line-too-long",
    "noqa_row": 198,
    "severity": "error",
    "url": "https://docs.astral.sh/ruff/rules/line-too-long"
  },
  {
    "cell": null,
    "code": "E501",
    "end_location": {
      "column": 106,
      "row": 199
    },
    "filename": "C:\\Users\\pc01\\source\\repos\\image-downloader\\src\\image_downloader\\plugins\\runtime.py",
    "fix": null,
    "location": {
      "column": 80,
      "row": 199
    },
    "message": "Line too long (105 > 79)",
    "name": "line-too-long",
    "noqa_row": 199,
    "severity": "error",
    "url": "https://docs.astral.sh/ruff/rules/line-too-long"
  },
  {
    "cell": null,
    "code": "E501",
    "end_location": {
      "column": 87,
      "row": 211
    },
    "filename": "C:\\Users\\pc01\\source\\repos\\image-downloader\\src\\image_downloader\\plugins\\runtime.py",
    "fix": null,
    "location": {
      "column": 80,
      "row": 211
    },
    "message": "Line too long (86 > 79)",
    "name": "line-too-long",
    "noqa_row": 211,
    "severity": "error",
    "url": "https://docs.astral.sh/ruff/rules/line-too-long"
  },
  {
    "cell": null,
    "code": "E501",
    "end_location": {
      "column": 103,
      "row": 215
    },
    "filename": "C:\\Users\\pc01\\source\\repos\\image-downloader\\src\\image_downloader\\plugins\\runtime.py",
    "fix": null,
    "location": {
      "column": 80,
      "row": 215
    },
    "message": "Line too long (102 > 79)",
    "name": "line-too-long",
    "noqa_row": 215,
    "severity": "error",
    "url": "https://docs.astral.sh/ruff/rules/line-too-long"
  },
  {
    "cell": null,
    "code": "E501",
    "end_location": {
      "column": 83,
      "row": 225
    },
    "filename": "C:\\Users\\pc01\\source\\repos\\image-downloader\\src\\image_downloader\\plugins\\runtime.py",
    "fix": null,
    "location": {
      "column": 80,
      "row": 225
    },
    "message": "Line too long (82 > 79)",
    "name": "line-too-long",
    "noqa_row": 225,
    "severity": "error",
    "url": "https://docs.astral.sh/ruff/rules/line-too-long"
  },
  {
    "cell": null,
    "code": "E501",
    "end_location": {
      "column": 112,
      "row": 229
    },
    "filename": "C:\\Users\\pc01\\source\\repos\\image-downloader\\src\\image_downloader\\plugins\\runtime.py",
    "fix": null,
    "location": {
      "column": 80,
      "row": 229
    },
    "message": "Line too long (111 > 79)",
    "name": "line-too-long",
    "noqa_row": 229,
    "severity": "error",
    "url": "https://docs.astral.sh/ruff/rules/line-too-long"
  },
  {
    "cell": null,
    "code": "E501",
    "end_location": {
      "column": 110,
      "row": 234
    },
    "filename": "C:\\Users\\pc01\\source\\repos\\image-downloader\\src\\image_downloader\\plugins\\runtime.py",
    "fix": null,
    "location": {
      "column": 80,
      "row": 234
    },
    "message": "Line too long (109 > 79)",
    "name": "line-too-long",
    "noqa_row": 234,
    "severity": "error",
    "url": "https://docs.astral.sh/ruff/rules/line-too-long"
  },
  {
    "cell": null,
    "code": "E501",
    "end_location": {
      "column": 97,
      "row": 246
    },
    "filename": "C:\\Users\\pc01\\source\\repos\\image-downloader\\src\\image_downloader\\plugins\\runtime.py",
    "fix": null,
    "location": {
      "column": 80,
      "row": 246
    },
    "message": "Line too long (96 > 79)",
    "name": "line-too-long",
    "noqa_row": 246,
    "severity": "error",
    "url": "https://docs.astral.sh/ruff/rules/line-too-long"
  },
  {
    "cell": null,
    "code": "E501",
    "end_location": {
      "column": 91,
      "row": 249
    },
    "filename": "C:\\Users\\pc01\\source\\repos\\image-downloader\\src\\image_downloader\\plugins\\runtime.py",
    "fix": null,
    "location": {
      "column": 80,
      "row": 249
    },
    "message": "Line too long (90 > 79)",
    "name": "line-too-long",
    "noqa_row": 249,
    "severity": "error",
    "url": "https://docs.astral.sh/ruff/rules/line-too-long"
  },
  {
    "cell": null,
    "code": "E501",
    "end_location": {
      "column": 92,
      "row": 263
    },
    "filename": "C:\\Users\\pc01\\source\\repos\\image-downloader\\src\\image_downloader\\plugins\\runtime.py",
    "fix": null,
    "location": {
      "column": 80,
      "row": 263
    },
    "message": "Line too long (91 > 79)",
    "name": "line-too-long",
    "noqa_row": 263,
    "severity": "error",
    "url": "https://docs.astral.sh/ruff/rules/line-too-long"
  },
  {
    "cell": null,
    "code": "E501",
    "end_location": {
      "column": 117,
      "row": 267
    },
    "filename": "C:\\Users\\pc01\\source\\repos\\image-downloader\\src\\image_downloader\\plugins\\runtime.py",
    "fix": null,
    "location": {
      "column": 80,
      "row": 267
    },
    "message": "Line too long (116 > 79)",
    "name": "line-too-long",
    "noqa_row": 267,
    "severity": "error",
    "url": "https://docs.astral.sh/ruff/rules/line-too-long"
  },
  {
    "cell": null,
    "code": "E501",
    "end_location": {
      "column": 82,
      "row": 269
    },
    "filename": "C:\\Users\\pc01\\source\\repos\\image-downloader\\src\\image_downloader\\plugins\\runtime.py",
    "fix": null,
    "location": {
      "column": 80,
      "row": 269
    },
    "message": "Line too long (81 > 79)",
    "name": "line-too-long",
    "noqa_row": 269,
    "severity": "error",
    "url": "https://docs.astral.sh/ruff/rules/line-too-long"
  },
  {
    "cell": null,
    "code": "E501",
    "end_location": {
      "column": 93,
      "row": 271
    },
    "filename": "C:\\Users\\pc01\\source\\repos\\image-downloader\\src\\image_downloader\\plugins\\runtime.py",
    "fix": null,
    "location": {
      "column": 80,
      "row": 271
    },
    "message": "Line too long (92 > 79)",
    "name": "line-too-long",
    "noqa_row": 271,
    "severity": "error",
    "url": "https://docs.astral.sh/ruff/rules/line-too-long"
  },
  {
    "cell": null,
    "code": "E501",
    "end_location": {
      "column": 83,
      "row": 274
    },
    "filename": "C:\\Users\\pc01\\source\\repos\\image-downloader\\src\\image_downloader\\plugins\\runtime.py",
    "fix": null,
    "location": {
      "column": 80,
      "row": 274
    },
    "message": "Line too long (82 > 79)",
    "name": "line-too-long",
    "noqa_row": 277,
    "severity": "error",
    "url": "https://docs.astral.sh/ruff/rules/line-too-long"
  },
  {
    "cell": null,
    "code": "E501",
    "end_location": {
      "column": 81,
      "row": 275
    },
    "filename": "C:\\Users\\pc01\\source\\repos\\image-downloader\\src\\image_downloader\\plugins\\runtime.py",
    "fix": null,
    "location": {
      "column": 80,
      "row": 275
    },
    "message": "Line too long (80 > 79)",
    "name": "line-too-long",
    "noqa_row": 277,
    "severity": "error",
    "url": "https://docs.astral.sh/ruff/rules/line-too-long"
  },
  {
    "cell": null,
    "code": "E501",
    "end_location": {
      "column": 94,
      "row": 283
    },
    "filename": "C:\\Users\\pc01\\source\\repos\\image-downloader\\src\\image_downloader\\plugins\\runtime.py",
    "fix": null,
    "location": {
      "column": 80,
      "row": 283
    },
    "message": "Line too long (93 > 79)",
    "name": "line-too-long",
    "noqa_row": 283,
    "severity": "error",
    "url": "https://docs.astral.sh/ruff/rules/line-too-long"
  },
  {
    "cell": null,
    "code": "E501",
    "end_location": {
      "column": 92,
      "row": 288
    },
    "filename": "C:\\Users\\pc01\\source\\repos\\image-downloader\\src\\image_downloader\\plugins\\runtime.py",
    "fix": null,
    "location": {
      "column": 80,
      "row": 288
    },
    "message": "Line too long (91 > 79)",
    "name": "line-too-long",
    "noqa_row": 288,
    "severity": "error",
    "url": "https://docs.astral.sh/ruff/rules/line-too-long"
  },
  {
    "cell": null,
    "code": "E501",
    "end_location": {
      "column": 118,
      "row": 292
    },
    "filename": "C:\\Users\\pc01\\source\\repos\\image-downloader\\src\\image_downloader\\plugins\\runtime.py",
    "fix": null,
    "location": {
      "column": 80,
      "row": 292
    },
    "message": "Line too long (117 > 79)",
    "name": "line-too-long",
    "noqa_row": 292,
    "severity": "error",
    "url": "https://docs.astral.sh/ruff/rules/line-too-long"
  },
  {
    "cell": null,
    "code": "E501",
    "end_location": {
      "column": 82,
      "row": 294
    },
    "filename": "C:\\Users\\pc01\\source\\repos\\image-downloader\\src\\image_downloader\\plugins\\runtime.py",
    "fix": null,
    "location": {
      "column": 80,
      "row": 294
    },
    "message": "Line too long (81 > 79)",
    "name": "line-too-long",
    "noqa_row": 294,
    "severity": "error",
    "url": "https://docs.astral.sh/ruff/rules/line-too-long"
  },
  {
    "cell": null,
    "code": "E501",
    "end_location": {
      "column": 84,
      "row": 309
    },
    "filename": "C:\\Users\\pc01\\source\\repos\\image-downloader\\src\\image_downloader\\plugins\\runtime.py",
    "fix": null,
    "location": {
      "column": 80,
      "row": 309
    },
    "message": "Line too long (83 > 79)",
    "name": "line-too-long",
    "noqa_row": 309,
    "severity": "error",
    "url": "https://docs.astral.sh/ruff/rules/line-too-long"
  },
  {
    "cell": null,
    "code": "E501",
    "end_location": {
      "column": 89,
      "row": 317
    },
    "filename": "C:\\Users\\pc01\\source\\repos\\image-downloader\\src\\image_downloader\\plugins\\runtime.py",
    "fix": null,
    "location": {
      "column": 80,
      "row": 317
    },
    "message": "Line too long (88 > 79)",
    "name": "line-too-long",
    "noqa_row": 317,
    "severity": "error",
    "url": "https://docs.astral.sh/ruff/rules/line-too-long"
  },
  {
    "cell": null,
    "code": "E501",
    "end_location": {
      "column": 112,
      "row": 323
    },
    "filename": "C:\\Users\\pc01\\source\\repos\\image-downloader\\src\\image_downloader\\plugins\\runtime.py",
    "fix": null,
    "location": {
      "column": 80,
      "row": 323
    },
    "message": "Line too long (111 > 79)",
    "name": "line-too-long",
    "noqa_row": 323,
    "severity": "error",
    "url": "https://docs.astral.sh/ruff/rules/line-too-long"
  },
  {
    "cell": null,
    "code": "E501",
    "end_location": {
      "column": 112,
      "row": 326
    },
    "filename": "C:\\Users\\pc01\\source\\repos\\image-downloader\\src\\image_downloader\\plugins\\runtime.py",
    "fix": null,
    "location": {
      "column": 80,
      "row": 326
    },
    "message": "Line too long (111 > 79)",
    "name": "line-too-long",
    "noqa_row": 326,
    "severity": "error",
    "url": "https://docs.astral.sh/ruff/rules/line-too-long"
  },
  {
    "cell": null,
    "code": "E501",
    "end_location": {
      "column": 101,
      "row": 334
    },
    "filename": "C:\\Users\\pc01\\source\\repos\\image-downloader\\src\\image_downloader\\plugins\\runtime.py",
    "fix": null,
    "location": {
      "column": 80,
      "row": 334
    },
    "message": "Line too long (100 > 79)",
    "name": "line-too-long",
    "noqa_row": 334,
    "severity": "error",
    "url": "https://docs.astral.sh/ruff/rules/line-too-long"
  },
  {
    "cell": null,
    "code": "E501",
    "end_location": {
      "column": 119,
      "row": 337
    },
    "filename": "C:\\Users\\pc01\\source\\repos\\image-downloader\\src\\image_downloader\\plugins\\runtime.py",
    "fix": null,
    "location": {
      "column": 80,
      "row": 337
    },
    "message": "Line too long (118 > 79)",
    "name": "line-too-long",
    "noqa_row": 337,
    "severity": "error",
    "url": "https://docs.astral.sh/ruff/rules/line-too-long"
  },
  {
    "cell": null,
    "code": "E501",
    "end_location": {
      "column": 87,
      "row": 340
    },
    "filename": "C:\\Users\\pc01\\source\\repos\\image-downloader\\src\\image_downloader\\plugins\\runtime.py",
    "fix": null,
    "location": {
      "column": 80,
      "row": 340
    },
    "message": "Line too long (86 > 79)",
    "name": "line-too-long",
    "noqa_row": 340,
    "severity": "error",
    "url": "https://docs.astral.sh/ruff/rules/line-too-long"
  },
  {
    "cell": null,
    "code": "E501",
    "end_location": {
      "column": 81,
      "row": 341
    },
    "filename": "C:\\Users\\pc01\\source\\repos\\image-downloader\\src\\image_downloader\\plugins\\runtime.py",
    "fix": null,
    "location": {
      "column": 80,
      "row": 341
    },
    "message": "Line too long (80 > 79)",
    "name": "line-too-long",
    "noqa_row": 341,
    "severity": "error",
    "url": "https://docs.astral.sh/ruff/rules/line-too-long"
  },
  {
    "cell": null,
    "code": "E501",
    "end_location": {
      "column": 119,
      "row": 354
    },
    "filename": "C:\\Users\\pc01\\source\\repos\\image-downloader\\src\\image_downloader\\plugins\\runtime.py",
    "fix": null,
    "location": {
      "column": 80,
      "row": 354
    },
    "message": "Line too long (118 > 79)",
    "name": "line-too-long",
    "noqa_row": 354,
    "severity": "error",
    "url": "https://docs.astral.sh/ruff/rules/line-too-long"
  },
  {
    "cell": null,
    "code": "E501",
    "end_location": {
      "column": 84,
      "row": 357
    },
    "filename": "C:\\Users\\pc01\\source\\repos\\image-downloader\\src\\image_downloader\\plugins\\runtime.py",
    "fix": null,
    "location": {
      "column": 80,
      "row": 357
    },
    "message": "Line too long (83 > 79)",
    "name": "line-too-long",
    "noqa_row": 357,
    "severity": "error",
    "url": "https://docs.astral.sh/ruff/rules/line-too-long"
  },
  {
    "cell": null,
    "code": "E501",
    "end_location": {
      "column": 95,
      "row": 399
    },
    "filename": "C:\\Users\\pc01\\source\\repos\\image-downloader\\src\\image_downloader\\plugins\\runtime.py",
    "fix": null,
    "location": {
      "column": 80,
      "row": 399
    },
    "message": "Line too long (94 > 79)",
    "name": "line-too-long",
    "noqa_row": 399,
    "severity": "error",
    "url": "https://docs.astral.sh/ruff/rules/line-too-long"
  },
  {
    "cell": null,
    "code": "E501",
    "end_location": {
      "column": 89,
      "row": 403
    },
    "filename": "C:\\Users\\pc01\\source\\repos\\image-downloader\\src\\image_downloader\\plugins\\runtime.py",
    "fix": null,
    "location": {
      "column": 80,
      "row": 403
    },
    "message": "Line too long (88 > 79)",
    "name": "line-too-long",
    "noqa_row": 403,
    "severity": "error",
    "url": "https://docs.astral.sh/ruff/rules/line-too-long"
  },
  {
    "cell": null,
    "code": "E501",
    "end_location": {
      "column": 91,
      "row": 411
    },
    "filename": "C:\\Users\\pc01\\source\\repos\\image-downloader\\src\\image_downloader\\plugins\\runtime.py",
    "fix": null,
    "location": {
      "column": 80,
      "row": 411
    },
    "message": "Line too long (90 > 79)",
    "name": "line-too-long",
    "noqa_row": 411,
    "severity": "error",
    "url": "https://docs.astral.sh/ruff/rules/line-too-long"
  },
  {
    "cell": null,
    "code": "E501",
    "end_location": {
      "column": 109,
      "row": 416
    },
    "filename": "C:\\Users\\pc01\\source\\repos\\image-downloader\\src\\image_downloader\\plugins\\runtime.py",
    "fix": null,
    "location": {
      "column": 80,
      "row": 416
    },
    "message": "Line too long (108 > 79)",
    "name": "line-too-long",
    "noqa_row": 416,
    "severity": "error",
    "url": "https://docs.astral.sh/ruff/rules/line-too-long"
  },
  {
    "cell": null,
    "code": "E501",
    "end_location": {
      "column": 96,
      "row": 426
    },
    "filename": "C:\\Users\\pc01\\source\\repos\\image-downloader\\src\\image_downloader\\plugins\\runtime.py",
    "fix": null,
    "location": {
      "column": 80,
      "row": 426
    },
    "message": "Line too long (95 > 79)",
    "name": "line-too-long",
    "noqa_row": 426,
    "severity": "error",
    "url": "https://docs.astral.sh/ruff/rules/line-too-long"
  },
  {
    "cell": null,
    "code": "E501",
    "end_location": {
      "column": 82,
      "row": 440
    },
    "filename": "C:\\Users\\pc01\\source\\repos\\image-downloader\\src\\image_downloader\\plugins\\runtime.py",
    "fix": null,
    "location": {
      "column": 80,
      "row": 440
    },
    "message": "Line too long (81 > 79)",
    "name": "line-too-long",
    "noqa_row": 440,
    "severity": "error",
    "url": "https://docs.astral.sh/ruff/rules/line-too-long"
  },
  {
    "cell": null,
    "code": "E501",
    "end_location": {
      "column": 95,
      "row": 40
    },
    "filename": "C:\\Users\\pc01\\source\\repos\\image-downloader\\src\\image_downloader\\ports.py",
    "fix": null,
    "location": {
      "column": 80,
      "row": 40
    },
    "message": "Line too long (94 > 79)",
    "name": "line-too-long",
    "noqa_row": 40,
    "severity": "error",
    "url": "https://docs.astral.sh/ruff/rules/line-too-long"
  },
  {
    "cell": null,
    "code": "E501",
    "end_location": {
      "column": 84,
      "row": 54
    },
    "filename": "C:\\Users\\pc01\\source\\repos\\image-downloader\\src\\image_downloader\\ports.py",
    "fix": null,
    "location": {
      "column": 80,
      "row": 54
    },
    "message": "Line too long (83 > 79)",
    "name": "line-too-long",
    "noqa_row": 54,
    "severity": "error",
    "url": "https://docs.astral.sh/ruff/rules/line-too-long"
  },
  {
    "cell": null,
    "code": "E501",
    "end_location": {
      "column": 97,
      "row": 107
    },
    "filename": "C:\\Users\\pc01\\source\\repos\\image-downloader\\src\\image_downloader\\ports.py",
    "fix": null,
    "location": {
      "column": 80,
      "row": 107
    },
    "message": "Line too long (96 > 79)",
    "name": "line-too-long",
    "noqa_row": 107,
    "severity": "error",
    "url": "https://docs.astral.sh/ruff/rules/line-too-long"
  },
  {
    "cell": null,
    "code": "E501",
    "end_location": {
      "column": 89,
      "row": 108
    },
    "filename": "C:\\Users\\pc01\\source\\repos\\image-downloader\\src\\image_downloader\\ports.py",
    "fix": null,
    "location": {
      "column": 80,
      "row": 108
    },
    "message": "Line too long (88 > 79)",
    "name": "line-too-long",
    "noqa_row": 108,
    "severity": "error",
    "url": "https://docs.astral.sh/ruff/rules/line-too-long"
  },
  {
    "cell": null,
    "code": "E501",
    "end_location": {
      "column": 84,
      "row": 115
    },
    "filename": "C:\\Users\\pc01\\source\\repos\\image-downloader\\src\\image_downloader\\ports.py",
    "fix": null,
    "location": {
      "column": 80,
      "row": 115
    },
    "message": "Line too long (83 > 79)",
    "name": "line-too-long",
    "noqa_row": 115,
    "severity": "error",
    "url": "https://docs.astral.sh/ruff/rules/line-too-long"
  },
  {
    "cell": null,
    "code": "E501",
    "end_location": {
      "column": 82,
      "row": 153
    },
    "filename": "C:\\Users\\pc01\\source\\repos\\image-downloader\\src\\image_downloader\\ports.py",
    "fix": null,
    "location": {
      "column": 80,
      "row": 153
    },
    "message": "Line too long (81 > 79)",
    "name": "line-too-long",
    "noqa_row": 153,
    "severity": "error",
    "url": "https://docs.astral.sh/ruff/rules/line-too-long"
  },
  {
    "cell": null,
    "code": "E501",
    "end_location": {
      "column": 111,
      "row": 187
    },
    "filename": "C:\\Users\\pc01\\source\\repos\\image-downloader\\src\\image_downloader\\ports.py",
    "fix": null,
    "location": {
      "column": 80,
      "row": 187
    },
    "message": "Line too long (110 > 79)",
    "name": "line-too-long",
    "noqa_row": 187,
    "severity": "error",
    "url": "https://docs.astral.sh/ruff/rules/line-too-long"
  },
  {
    "cell": null,
    "code": "E501",
    "end_location": {
      "column": 106,
      "row": 188
    },
    "filename": "C:\\Users\\pc01\\source\\repos\\image-downloader\\src\\image_downloader\\ports.py",
    "fix": null,
    "location": {
      "column": 80,
      "row": 188
    },
    "message": "Line too long (105 > 79)",
    "name": "line-too-long",
    "noqa_row": 188,
    "severity": "error",
    "url": "https://docs.astral.sh/ruff/rules/line-too-long"
  },
  {
    "cell": null,
    "code": "E501",
    "end_location": {
      "column": 89,
      "row": 189
    },
    "filename": "C:\\Users\\pc01\\source\\repos\\image-downloader\\src\\image_downloader\\ports.py",
    "fix": null,
    "location": {
      "column": 80,
      "row": 189
    },
    "message": "Line too long (88 > 79)",
    "name": "line-too-long",
    "noqa_row": 189,
    "severity": "error",
    "url": "https://docs.astral.sh/ruff/rules/line-too-long"
  },
  {
    "cell": null,
    "code": "E501",
    "end_location": {
      "column": 84,
      "row": 194
    },
    "filename": "C:\\Users\\pc01\\source\\repos\\image-downloader\\src\\image_downloader\\ports.py",
    "fix": null,
    "location": {
      "column": 80,
      "row": 194
    },
    "message": "Line too long (83 > 79)",
    "name": "line-too-long",
    "noqa_row": 194,
    "severity": "error",
    "url": "https://docs.astral.sh/ruff/rules/line-too-long"
  },
  {
    "cell": null,
    "code": "E501",
    "end_location": {
      "column": 102,
      "row": 195
    },
    "filename": "C:\\Users\\pc01\\source\\repos\\image-downloader\\src\\image_downloader\\ports.py",
    "fix": null,
    "location": {
      "column": 80,
      "row": 195
    },
    "message": "Line too long (101 > 79)",
    "name": "line-too-long",
    "noqa_row": 195,
    "severity": "error",
    "url": "https://docs.astral.sh/ruff/rules/line-too-long"
  },
  {
    "cell": null,
    "code": "E501",
    "end_location": {
      "column": 99,
      "row": 196
    },
    "filename": "C:\\Users\\pc01\\source\\repos\\image-downloader\\src\\image_downloader\\ports.py",
    "fix": null,
    "location": {
      "column": 80,
      "row": 196
    },
    "message": "Line too long (98 > 79)",
    "name": "line-too-long",
    "noqa_row": 196,
    "severity": "error",
    "url": "https://docs.astral.sh/ruff/rules/line-too-long"
  },
  {
    "cell": null,
    "code": "E501",
    "end_location": {
      "column": 86,
      "row": 215
    },
    "filename": "C:\\Users\\pc01\\source\\repos\\image-downloader\\src\\image_downloader\\ports.py",
    "fix": null,
    "location": {
      "column": 80,
      "row": 215
    },
    "message": "Line too long (85 > 79)",
    "name": "line-too-long",
    "noqa_row": 215,
    "severity": "error",
    "url": "https://docs.astral.sh/ruff/rules/line-too-long"
  },
  {
    "cell": null,
    "code": "E501",
    "end_location": {
      "column": 92,
      "row": 257
    },
    "filename": "C:\\Users\\pc01\\source\\repos\\image-downloader\\src\\image_downloader\\ports.py",
    "fix": null,
    "location": {
      "column": 80,
      "row": 257
    },
    "message": "Line too long (91 > 79)",
    "name": "line-too-long",
    "noqa_row": 257,
    "severity": "error",
    "url": "https://docs.astral.sh/ruff/rules/line-too-long"
  },
  {
    "cell": null,
    "code": "E501",
    "end_location": {
      "column": 103,
      "row": 259
    },
    "filename": "C:\\Users\\pc01\\source\\repos\\image-downloader\\src\\image_downloader\\ports.py",
    "fix": null,
    "location": {
      "column": 80,
      "row": 259
    },
    "message": "Line too long (102 > 79)",
    "name": "line-too-long",
    "noqa_row": 259,
    "severity": "error",
    "url": "https://docs.astral.sh/ruff/rules/line-too-long"
  },
  {
    "cell": null,
    "code": "E501",
    "end_location": {
      "column": 84,
      "row": 264
    },
    "filename": "C:\\Users\\pc01\\source\\repos\\image-downloader\\src\\image_downloader\\ports.py",
    "fix": null,
    "location": {
      "column": 80,
      "row": 264
    },
    "message": "Line too long (83 > 79)",
    "name": "line-too-long",
    "noqa_row": 264,
    "severity": "error",
    "url": "https://docs.astral.sh/ruff/rules/line-too-long"
  },
  {
    "cell": null,
    "code": "E501",
    "end_location": {
      "column": 91,
      "row": 273
    },
    "filename": "C:\\Users\\pc01\\source\\repos\\image-downloader\\src\\image_downloader\\ports.py",
    "fix": null,
    "location": {
      "column": 80,
      "row": 273
    },
    "message": "Line too long (90 > 79)",
    "name": "line-too-long",
    "noqa_row": 273,
    "severity": "error",
    "url": "https://docs.astral.sh/ruff/rules/line-too-long"
  },
  {
    "cell": null,
    "code": "E501",
    "end_location": {
      "column": 109,
      "row": 278
    },
    "filename": "C:\\Users\\pc01\\source\\repos\\image-downloader\\src\\image_downloader\\ports.py",
    "fix": null,
    "location": {
      "column": 80,
      "row": 278
    },
    "message": "Line too long (108 > 79)",
    "name": "line-too-long",
    "noqa_row": 278,
    "severity": "error",
    "url": "https://docs.astral.sh/ruff/rules/line-too-long"
  },
  {
    "cell": null,
    "code": "E501",
    "end_location": {
      "column": 96,
      "row": 281
    },
    "filename": "C:\\Users\\pc01\\source\\repos\\image-downloader\\src\\image_downloader\\ports.py",
    "fix": null,
    "location": {
      "column": 80,
      "row": 281
    },
    "message": "Line too long (95 > 79)",
    "name": "line-too-long",
    "noqa_row": 281,
    "severity": "error",
    "url": "https://docs.astral.sh/ruff/rules/line-too-long"
  },
  {
    "cell": null,
    "code": "E501",
    "end_location": {
      "column": 116,
      "row": 286
    },
    "filename": "C:\\Users\\pc01\\source\\repos\\image-downloader\\src\\image_downloader\\ports.py",
    "fix": null,
    "location": {
      "column": 80,
      "row": 286
    },
    "message": "Line too long (115 > 79)",
    "name": "line-too-long",
    "noqa_row": 286,
    "severity": "error",
    "url": "https://docs.astral.sh/ruff/rules/line-too-long"
  },
  {
    "cell": null,
    "code": "E501",
    "end_location": {
      "column": 81,
      "row": 288
    },
    "filename": "C:\\Users\\pc01\\source\\repos\\image-downloader\\src\\image_downloader\\ports.py",
    "fix": null,
    "location": {
      "column": 80,
      "row": 288
    },
    "message": "Line too long (80 > 79)",
    "name": "line-too-long",
    "noqa_row": 288,
    "severity": "error",
    "url": "https://docs.astral.sh/ruff/rules/line-too-long"
  },
  {
    "cell": null,
    "code": "E501",
    "end_location": {
      "column": 110,
      "row": 289
    },
    "filename": "C:\\Users\\pc01\\source\\repos\\image-downloader\\src\\image_downloader\\ports.py",
    "fix": null,
    "location": {
      "column": 80,
      "row": 289
    },
    "message": "Line too long (109 > 79)",
    "name": "line-too-long",
    "noqa_row": 289,
    "severity": "error",
    "url": "https://docs.astral.sh/ruff/rules/line-too-long"
  },
  {
    "cell": null,
    "code": "E501",
    "end_location": {
      "column": 82,
      "row": 294
    },
    "filename": "C:\\Users\\pc01\\source\\repos\\image-downloader\\src\\image_downloader\\ports.py",
    "fix": null,
    "location": {
      "column": 80,
      "row": 294
    },
    "message": "Line too long (81 > 79)",
    "name": "line-too-long",
    "noqa_row": 299,
    "severity": "error",
    "url": "https://docs.astral.sh/ruff/rules/line-too-long"
  },
  {
    "cell": null,
    "code": "E501",
    "end_location": {
      "column": 89,
      "row": 302
    },
    "filename": "C:\\Users\\pc01\\source\\repos\\image-downloader\\src\\image_downloader\\ports.py",
    "fix": null,
    "location": {
      "column": 80,
      "row": 302
    },
    "message": "Line too long (88 > 79)",
    "name": "line-too-long",
    "noqa_row": 302,
    "severity": "error",
    "url": "https://docs.astral.sh/ruff/rules/line-too-long"
  },
  {
    "cell": null,
    "code": "E501",
    "end_location": {
      "column": 100,
      "row": 308
    },
    "filename": "C:\\Users\\pc01\\source\\repos\\image-downloader\\src\\image_downloader\\ports.py",
    "fix": null,
    "location": {
      "column": 80,
      "row": 308
    },
    "message": "Line too long (99 > 79)",
    "name": "line-too-long",
    "noqa_row": 308,
    "severity": "error",
    "url": "https://docs.astral.sh/ruff/rules/line-too-long"
  },
  {
    "cell": null,
    "code": "E501",
    "end_location": {
      "column": 119,
      "row": 315
    },
    "filename": "C:\\Users\\pc01\\source\\repos\\image-downloader\\src\\image_downloader\\ports.py",
    "fix": null,
    "location": {
      "column": 80,
      "row": 315
    },
    "message": "Line too long (118 > 79)",
    "name": "line-too-long",
    "noqa_row": 315,
    "severity": "error",
    "url": "https://docs.astral.sh/ruff/rules/line-too-long"
  },
  {
    "cell": null,
    "code": "E501",
    "end_location": {
      "column": 83,
      "row": 325
    },
    "filename": "C:\\Users\\pc01\\source\\repos\\image-downloader\\src\\image_downloader\\ports.py",
    "fix": null,
    "location": {
      "column": 80,
      "row": 325
    },
    "message": "Line too long (82 > 79)",
    "name": "line-too-long",
    "noqa_row": 325,
    "severity": "error",
    "url": "https://docs.astral.sh/ruff/rules/line-too-long"
  },
  {
    "cell": null,
    "code": "E501",
    "end_location": {
      "column": 109,
      "row": 338
    },
    "filename": "C:\\Users\\pc01\\source\\repos\\image-downloader\\src\\image_downloader\\ports.py",
    "fix": null,
    "location": {
      "column": 80,
      "row": 338
    },
    "message": "Line too long (108 > 79)",
    "name": "line-too-long",
    "noqa_row": 338,
    "severity": "error",
    "url": "https://docs.astral.sh/ruff/rules/line-too-long"
  },
  {
    "cell": null,
    "code": "E501",
    "end_location": {
      "column": 104,
      "row": 340
    },
    "filename": "C:\\Users\\pc01\\source\\repos\\image-downloader\\src\\image_downloader\\ports.py",
    "fix": null,
    "location": {
      "column": 80,
      "row": 340
    },
    "message": "Line too long (103 > 79)",
    "name": "line-too-long",
    "noqa_row": 340,
    "severity": "error",
    "url": "https://docs.astral.sh/ruff/rules/line-too-long"
  },
  {
    "cell": null,
    "code": "E501",
    "end_location": {
      "column": 84,
      "row": 347
    },
    "filename": "C:\\Users\\pc01\\source\\repos\\image-downloader\\src\\image_downloader\\ports.py",
    "fix": null,
    "location": {
      "column": 80,
      "row": 347
    },
    "message": "Line too long (83 > 79)",
    "name": "line-too-long",
    "noqa_row": 347,
    "severity": "error",
    "url": "https://docs.astral.sh/ruff/rules/line-too-long"
  },
  {
    "cell": null,
    "code": "E501",
    "end_location": {
      "column": 117,
      "row": 12
    },
    "filename": "C:\\Users\\pc01\\source\\repos\\image-downloader\\src\\image_downloader\\privacy\\log_safety.py",
    "fix": null,
    "location": {
      "column": 80,
      "row": 12
    },
    "message": "Line too long (116 > 79)",
    "name": "line-too-long",
    "noqa_row": 12,
    "severity": "error",
    "url": "https://docs.astral.sh/ruff/rules/line-too-long"
  },
  {
    "cell": null,
    "code": "E501",
    "end_location": {
      "column": 99,
      "row": 21
    },
    "filename": "C:\\Users\\pc01\\source\\repos\\image-downloader\\src\\image_downloader\\privacy\\log_safety.py",
    "fix": null,
    "location": {
      "column": 80,
      "row": 21
    },
    "message": "Line too long (98 > 79)",
    "name": "line-too-long",
    "noqa_row": 21,
    "severity": "error",
    "url": "https://docs.astral.sh/ruff/rules/line-too-long"
  },
  {
    "cell": null,
    "code": "E501",
    "end_location": {
      "column": 81,
      "row": 47
    },
    "filename": "C:\\Users\\pc01\\source\\repos\\image-downloader\\src\\image_downloader\\privacy\\log_safety.py",
    "fix": null,
    "location": {
      "column": 80,
      "row": 47
    },
    "message": "Line too long (80 > 79)",
    "name": "line-too-long",
    "noqa_row": 47,
    "severity": "error",
    "url": "https://docs.astral.sh/ruff/rules/line-too-long"
  },
  {
    "cell": null,
    "code": "E501",
    "end_location": {
      "column": 81,
      "row": 77
    },
    "filename": "C:\\Users\\pc01\\source\\repos\\image-downloader\\src\\image_downloader\\privacy\\log_safety.py",
    "fix": null,
    "location": {
      "column": 80,
      "row": 77
    },
    "message": "Line too long (80 > 79)",
    "name": "line-too-long",
    "noqa_row": 77,
    "severity": "error",
    "url": "https://docs.astral.sh/ruff/rules/line-too-long"
  },
  {
    "cell": null,
    "code": "E501",
    "end_location": {
      "column": 108,
      "row": 86
    },
    "filename": "C:\\Users\\pc01\\source\\repos\\image-downloader\\src\\image_downloader\\privacy\\log_safety.py",
    "fix": null,
    "location": {
      "column": 80,
      "row": 86
    },
    "message": "Line too long (107 > 79)",
    "name": "line-too-long",
    "noqa_row": 86,
    "severity": "error",
    "url": "https://docs.astral.sh/ruff/rules/line-too-long"
  },
  {
    "cell": null,
    "code": "E501",
    "end_location": {
      "column": 83,
      "row": 87
    },
    "filename": "C:\\Users\\pc01\\source\\repos\\image-downloader\\src\\image_downloader\\privacy\\log_safety.py",
    "fix": null,
    "location": {
      "column": 80,
      "row": 87
    },
    "message": "Line too long (82 > 79)",
    "name": "line-too-long",
    "noqa_row": 87,
    "severity": "error",
    "url": "https://docs.astral.sh/ruff/rules/line-too-long"
  },
  {
    "cell": null,
    "code": "E501",
    "end_location": {
      "column": 90,
      "row": 150
    },
    "filename": "C:\\Users\\pc01\\source\\repos\\image-downloader\\src\\image_downloader\\privacy\\log_safety.py",
    "fix": null,
    "location": {
      "column": 80,
      "row": 150
    },
    "message": "Line too long (89 > 79)",
    "name": "line-too-long",
    "noqa_row": 150,
    "severity": "error",
    "url": "https://docs.astral.sh/ruff/rules/line-too-long"
  },
  {
    "cell": null,
    "code": "E501",
    "end_location": {
      "column": 101,
      "row": 155
    },
    "filename": "C:\\Users\\pc01\\source\\repos\\image-downloader\\src\\image_downloader\\privacy\\log_safety.py",
    "fix": null,
    "location": {
      "column": 80,
      "row": 155
    },
    "message": "Line too long (100 > 79)",
    "name": "line-too-long",
    "noqa_row": 155,
    "severity": "error",
    "url": "https://docs.astral.sh/ruff/rules/line-too-long"
  },
  {
    "cell": null,
    "code": "E501",
    "end_location": {
      "column": 103,
      "row": 161
    },
    "filename": "C:\\Users\\pc01\\source\\repos\\image-downloader\\src\\image_downloader\\privacy\\log_safety.py",
    "fix": null,
    "location": {
      "column": 80,
      "row": 161
    },
    "message": "Line too long (102 > 79)",
    "name": "line-too-long",
    "noqa_row": 161,
    "severity": "error",
    "url": "https://docs.astral.sh/ruff/rules/line-too-long"
  },
  {
    "cell": null,
    "code": "E501",
    "end_location": {
      "column": 81,
      "row": 166
    },
    "filename": "C:\\Users\\pc01\\source\\repos\\image-downloader\\src\\image_downloader\\privacy\\log_safety.py",
    "fix": null,
    "location": {
      "column": 80,
      "row": 166
    },
    "message": "Line too long (80 > 79)",
    "name": "line-too-long",
    "noqa_row": 166,
    "severity": "error",
    "url": "https://docs.astral.sh/ruff/rules/line-too-long"
  },
  {
    "cell": null,
    "code": "E501",
    "end_location": {
      "column": 84,
      "row": 28
    },
    "filename": "C:\\Users\\pc01\\source\\repos\\image-downloader\\src\\image_downloader\\privacy\\sensitive_values.py",
    "fix": null,
    "location": {
      "column": 80,
      "row": 28
    },
    "message": "Line too long (83 > 79)",
    "name": "line-too-long",
    "noqa_row": 28,
    "severity": "error",
    "url": "https://docs.astral.sh/ruff/rules/line-too-long"
  },
  {
    "cell": null,
    "code": "E501",
    "end_location": {
      "column": 83,
      "row": 33
    },
    "filename": "C:\\Users\\pc01\\source\\repos\\image-downloader\\src\\image_downloader\\privacy\\sensitive_values.py",
    "fix": null,
    "location": {
      "column": 80,
      "row": 33
    },
    "message": "Line too long (82 > 79)",
    "name": "line-too-long",
    "noqa_row": 33,
    "severity": "error",
    "url": "https://docs.astral.sh/ruff/rules/line-too-long"
  },
  {
    "cell": null,
    "code": "E501",
    "end_location": {
      "column": 82,
      "row": 47
    },
    "filename": "C:\\Users\\pc01\\source\\repos\\image-downloader\\src\\image_downloader\\privacy\\sensitive_values.py",
    "fix": null,
    "location": {
      "column": 80,
      "row": 47
    },
    "message": "Line too long (81 > 79)",
    "name": "line-too-long",
    "noqa_row": 47,
    "severity": "error",
    "url": "https://docs.astral.sh/ruff/rules/line-too-long"
  },
  {
    "cell": null,
    "code": "E501",
    "end_location": {
      "column": 83,
      "row": 55
    },
    "filename": "C:\\Users\\pc01\\source\\repos\\image-downloader\\src\\image_downloader\\privacy\\sensitive_values.py",
    "fix": null,
    "location": {
      "column": 80,
      "row": 55
    },
    "message": "Line too long (82 > 79)",
    "name": "line-too-long",
    "noqa_row": 55,
    "severity": "error",
    "url": "https://docs.astral.sh/ruff/rules/line-too-long"
  },
  {
    "cell": null,
    "code": "E501",
    "end_location": {
      "column": 92,
      "row": 58
    },
    "filename": "C:\\Users\\pc01\\source\\repos\\image-downloader\\src\\image_downloader\\privacy\\sensitive_values.py",
    "fix": null,
    "location": {
      "column": 80,
      "row": 58
    },
    "message": "Line too long (91 > 79)",
    "name": "line-too-long",
    "noqa_row": 58,
    "severity": "error",
    "url": "https://docs.astral.sh/ruff/rules/line-too-long"
  },
  {
    "cell": null,
    "code": "E501",
    "end_location": {
      "column": 83,
      "row": 4
    },
    "filename": "C:\\Users\\pc01\\source\\repos\\image-downloader\\src\\image_downloader\\runtime.py",
    "fix": null,
    "location": {
      "column": 80,
      "row": 4
    },
    "message": "Line too long (82 > 79)",
    "name": "line-too-long",
    "noqa_row": 4,
    "severity": "error",
    "url": "https://docs.astral.sh/ruff/rules/line-too-long"
  },
  {
    "cell": null,
    "code": "E501",
    "end_location": {
      "column": 92,
      "row": 9
    },
    "filename": "C:\\Users\\pc01\\source\\repos\\image-downloader\\src\\image_downloader\\runtime.py",
    "fix": null,
    "location": {
      "column": 80,
      "row": 9
    },
    "message": "Line too long (91 > 79)",
    "name": "line-too-long",
    "noqa_row": 9,
    "severity": "error",
    "url": "https://docs.astral.sh/ruff/rules/line-too-long"
  },
  {
    "cell": null,
    "code": "E501",
    "end_location": {
      "column": 120,
      "row": 22
    },
    "filename": "C:\\Users\\pc01\\source\\repos\\image-downloader\\src\\image_downloader\\storage\\_path_limits.py",
    "fix": null,
    "location": {
      "column": 80,
      "row": 22
    },
    "message": "Line too long (119 > 79)",
    "name": "line-too-long",
    "noqa_row": 22,
    "severity": "error",
    "url": "https://docs.astral.sh/ruff/rules/line-too-long"
  },
  {
    "cell": null,
    "code": "E501",
    "end_location": {
      "column": 101,
      "row": 27
    },
    "filename": "C:\\Users\\pc01\\source\\repos\\image-downloader\\src\\image_downloader\\storage\\_path_limits.py",
    "fix": null,
    "location": {
      "column": 80,
      "row": 27
    },
    "message": "Line too long (100 > 79)",
    "name": "line-too-long",
    "noqa_row": 27,
    "severity": "error",
    "url": "https://docs.astral.sh/ruff/rules/line-too-long"
  },
  {
    "cell": null,
    "code": "E501",
    "end_location": {
      "column": 87,
      "row": 30
    },
    "filename": "C:\\Users\\pc01\\source\\repos\\image-downloader\\src\\image_downloader\\storage\\_path_limits.py",
    "fix": null,
    "location": {
      "column": 80,
      "row": 30
    },
    "message": "Line too long (86 > 79)",
    "name": "line-too-long",
    "noqa_row": 30,
    "severity": "error",
    "url": "https://docs.astral.sh/ruff/rules/line-too-long"
  },
  {
    "cell": null,
    "code": "E501",
    "end_location": {
      "column": 93,
      "row": 86
    },
    "filename": "C:\\Users\\pc01\\source\\repos\\image-downloader\\src\\image_downloader\\storage\\_path_limits.py",
    "fix": null,
    "location": {
      "column": 80,
      "row": 86
    },
    "message": "Line too long (92 > 79)",
    "name": "line-too-long",
    "noqa_row": 86,
    "severity": "error",
    "url": "https://docs.astral.sh/ruff/rules/line-too-long"
  },
  {
    "cell": null,
    "code": "E501",
    "end_location": {
      "column": 105,
      "row": 107
    },
    "filename": "C:\\Users\\pc01\\source\\repos\\image-downloader\\src\\image_downloader\\storage\\_path_limits.py",
    "fix": null,
    "location": {
      "column": 80,
      "row": 107
    },
    "message": "Line too long (104 > 79)",
    "name": "line-too-long",
    "noqa_row": 107,
    "severity": "error",
    "url": "https://docs.astral.sh/ruff/rules/line-too-long"
  },
  {
    "cell": null,
    "code": "E501",
    "end_location": {
      "column": 118,
      "row": 110
    },
    "filename": "C:\\Users\\pc01\\source\\repos\\image-downloader\\src\\image_downloader\\storage\\_path_limits.py",
    "fix": null,
    "location": {
      "column": 80,
      "row": 110
    },
    "message": "Line too long (117 > 79)",
    "name": "line-too-long",
    "noqa_row": 110,
    "severity": "error",
    "url": "https://docs.astral.sh/ruff/rules/line-too-long"
  },
  {
    "cell": null,
    "code": "E501",
    "end_location": {
      "column": 85,
      "row": 112
    },
    "filename": "C:\\Users\\pc01\\source\\repos\\image-downloader\\src\\image_downloader\\storage\\_path_limits.py",
    "fix": null,
    "location": {
      "column": 80,
      "row": 112
    },
    "message": "Line too long (84 > 79)",
    "name": "line-too-long",
    "noqa_row": 112,
    "severity": "error",
    "url": "https://docs.astral.sh/ruff/rules/line-too-long"
  },
  {
    "cell": null,
    "code": "E501",
    "end_location": {
      "column": 110,
      "row": 118
    },
    "filename": "C:\\Users\\pc01\\source\\repos\\image-downloader\\src\\image_downloader\\storage\\_path_limits.py",
    "fix": null,
    "location": {
      "column": 80,
      "row": 118
    },
    "message": "Line too long (109 > 79)",
    "name": "line-too-long",
    "noqa_row": 118,
    "severity": "error",
    "url": "https://docs.astral.sh/ruff/rules/line-too-long"
  },
  {
    "cell": null,
    "code": "E501",
    "end_location": {
      "column": 114,
      "row": 122
    },
    "filename": "C:\\Users\\pc01\\source\\repos\\image-downloader\\src\\image_downloader\\storage\\_path_limits.py",
    "fix": null,
    "location": {
      "column": 80,
      "row": 122
    },
    "message": "Line too long (113 > 79)",
    "name": "line-too-long",
    "noqa_row": 122,
    "severity": "error",
    "url": "https://docs.astral.sh/ruff/rules/line-too-long"
  },
  {
    "cell": null,
    "code": "E501",
    "end_location": {
      "column": 82,
      "row": 127
    },
    "filename": "C:\\Users\\pc01\\source\\repos\\image-downloader\\src\\image_downloader\\storage\\_path_limits.py",
    "fix": null,
    "location": {
      "column": 80,
      "row": 127
    },
    "message": "Line too long (81 > 79)",
    "name": "line-too-long",
    "noqa_row": 127,
    "severity": "error",
    "url": "https://docs.astral.sh/ruff/rules/line-too-long"
  },
  {
    "cell": null,
    "code": "E501",
    "end_location": {
      "column": 82,
      "row": 128
    },
    "filename": "C:\\Users\\pc01\\source\\repos\\image-downloader\\src\\image_downloader\\storage\\_path_limits.py",
    "fix": null,
    "location": {
      "column": 80,
      "row": 128
    },
    "message": "Line too long (81 > 79)",
    "name": "line-too-long",
    "noqa_row": 128,
    "severity": "error",
    "url": "https://docs.astral.sh/ruff/rules/line-too-long"
  },
  {
    "cell": null,
    "code": "E501",
    "end_location": {
      "column": 87,
      "row": 29
    },
    "filename": "C:\\Users\\pc01\\source\\repos\\image-downloader\\src\\image_downloader\\storage\\cookies.py",
    "fix": null,
    "location": {
      "column": 80,
      "row": 29
    },
    "message": "Line too long (86 > 79)",
    "name": "line-too-long",
    "noqa_row": 29,
    "severity": "error",
    "url": "https://docs.astral.sh/ruff/rules/line-too-long"
  },
  {
    "cell": null,
    "code": "E501",
    "end_location": {
      "column": 95,
      "row": 31
    },
    "filename": "C:\\Users\\pc01\\source\\repos\\image-downloader\\src\\image_downloader\\storage\\cookies.py",
    "fix": null,
    "location": {
      "column": 80,
      "row": 31
    },
    "message": "Line too long (94 > 79)",
    "name": "line-too-long",
    "noqa_row": 31,
    "severity": "error",
    "url": "https://docs.astral.sh/ruff/rules/line-too-long"
  },
  {
    "cell": null,
    "code": "E501",
    "end_location": {
      "column": 92,
      "row": 36
    },
    "filename": "C:\\Users\\pc01\\source\\repos\\image-downloader\\src\\image_downloader\\storage\\cookies.py",
    "fix": null,
    "location": {
      "column": 80,
      "row": 36
    },
    "message": "Line too long (91 > 79)",
    "name": "line-too-long",
    "noqa_row": 36,
    "severity": "error",
    "url": "https://docs.astral.sh/ruff/rules/line-too-long"
  },
  {
    "cell": null,
    "code": "E501",
    "end_location": {
      "column": 83,
      "row": 51
    },
    "filename": "C:\\Users\\pc01\\source\\repos\\image-downloader\\src\\image_downloader\\storage\\cookies.py",
    "fix": null,
    "location": {
      "column": 80,
      "row": 51
    },
    "message": "Line too long (82 > 79)",
    "name": "line-too-long",
    "noqa_row": 51,
    "severity": "error",
    "url": "https://docs.astral.sh/ruff/rules/line-too-long"
  },
  {
    "cell": null,
    "code": "E501",
    "end_location": {
      "column": 90,
      "row": 56
    },
    "filename": "C:\\Users\\pc01\\source\\repos\\image-downloader\\src\\image_downloader\\storage\\cookies.py",
    "fix": null,
    "location": {
      "column": 80,
      "row": 56
    },
    "message": "Line too long (89 > 79)",
    "name": "line-too-long",
    "noqa_row": 56,
    "severity": "error",
    "url": "https://docs.astral.sh/ruff/rules/line-too-long"
  },
  {
    "cell": null,
    "code": "E501",
    "end_location": {
      "column": 92,
      "row": 57
    },
    "filename": "C:\\Users\\pc01\\source\\repos\\image-downloader\\src\\image_downloader\\storage\\cookies.py",
    "fix": null,
    "location": {
      "column": 80,
      "row": 57
    },
    "message": "Line too long (91 > 79)",
    "name": "line-too-long",
    "noqa_row": 57,
    "severity": "error",
    "url": "https://docs.astral.sh/ruff/rules/line-too-long"
  },
  {
    "cell": null,
    "code": "E501",
    "end_location": {
      "column": 105,
      "row": 68
    },
    "filename": "C:\\Users\\pc01\\source\\repos\\image-downloader\\src\\image_downloader\\storage\\cookies.py",
    "fix": null,
    "location": {
      "column": 80,
      "row": 68
    },
    "message": "Line too long (104 > 79)",
    "name": "line-too-long",
    "noqa_row": 68,
    "severity": "error",
    "url": "https://docs.astral.sh/ruff/rules/line-too-long"
  },
  {
    "cell": null,
    "code": "E501",
    "end_location": {
      "column": 87,
      "row": 70
    },
    "filename": "C:\\Users\\pc01\\source\\repos\\image-downloader\\src\\image_downloader\\storage\\cookies.py",
    "fix": null,
    "location": {
      "column": 80,
      "row": 70
    },
    "message": "Line too long (86 > 79)",
    "name": "line-too-long",
    "noqa_row": 70,
    "severity": "error",
    "url": "https://docs.astral.sh/ruff/rules/line-too-long"
  },
  {
    "cell": null,
    "code": "E501",
    "end_location": {
      "column": 90,
      "row": 74
    },
    "filename": "C:\\Users\\pc01\\source\\repos\\image-downloader\\src\\image_downloader\\storage\\cookies.py",
    "fix": null,
    "location": {
      "column": 80,
      "row": 74
    },
    "message": "Line too long (89 > 79)",
    "name": "line-too-long",
    "noqa_row": 74,
    "severity": "error",
    "url": "https://docs.astral.sh/ruff/rules/line-too-long"
  },
  {
    "cell": null,
    "code": "E501",
    "end_location": {
      "column": 97,
      "row": 80
    },
    "filename": "C:\\Users\\pc01\\source\\repos\\image-downloader\\src\\image_downloader\\storage\\cookies.py",
    "fix": null,
    "location": {
      "column": 80,
      "row": 80
    },
    "message": "Line too long (96 > 79)",
    "name": "line-too-long",
    "noqa_row": 80,
    "severity": "error",
    "url": "https://docs.astral.sh/ruff/rules/line-too-long"
  },
  {
    "cell": null,
    "code": "E501",
    "end_location": {
      "column": 106,
      "row": 81
    },
    "filename": "C:\\Users\\pc01\\source\\repos\\image-downloader\\src\\image_downloader\\storage\\cookies.py",
    "fix": null,
    "location": {
      "column": 80,
      "row": 81
    },
    "message": "Line too long (105 > 79)",
    "name": "line-too-long",
    "noqa_row": 81,
    "severity": "error",
    "url": "https://docs.astral.sh/ruff/rules/line-too-long"
  },
  {
    "cell": null,
    "code": "E501",
    "end_location": {
      "column": 93,
      "row": 83
    },
    "filename": "C:\\Users\\pc01\\source\\repos\\image-downloader\\src\\image_downloader\\storage\\cookies.py",
    "fix": null,
    "location": {
      "column": 80,
      "row": 83
    },
    "message": "Line too long (92 > 79)",
    "name": "line-too-long",
    "noqa_row": 83,
    "severity": "error",
    "url": "https://docs.astral.sh/ruff/rules/line-too-long"
  },
  {
    "cell": null,
    "code": "E501",
    "end_location": {
      "column": 104,
      "row": 92
    },
    "filename": "C:\\Users\\pc01\\source\\repos\\image-downloader\\src\\image_downloader\\storage\\cookies.py",
    "fix": null,
    "location": {
      "column": 80,
      "row": 92
    },
    "message": "Line too long (103 > 79)",
    "name": "line-too-long",
    "noqa_row": 92,
    "severity": "error",
    "url": "https://docs.astral.sh/ruff/rules/line-too-long"
  },
  {
    "cell": null,
    "code": "E501",
    "end_location": {
      "column": 120,
      "row": 94
    },
    "filename": "C:\\Users\\pc01\\source\\repos\\image-downloader\\src\\image_downloader\\storage\\cookies.py",
    "fix": null,
    "location": {
      "column": 80,
      "row": 94
    },
    "message": "Line too long (119 > 79)",
    "name": "line-too-long",
    "noqa_row": 94,
    "severity": "error",
    "url": "https://docs.astral.sh/ruff/rules/line-too-long"
  },
  {
    "cell": null,
    "code": "E501",
    "end_location": {
      "column": 100,
      "row": 95
    },
    "filename": "C:\\Users\\pc01\\source\\repos\\image-downloader\\src\\image_downloader\\storage\\cookies.py",
    "fix": null,
    "location": {
      "column": 80,
      "row": 95
    },
    "message": "Line too long (99 > 79)",
    "name": "line-too-long",
    "noqa_row": 95,
    "severity": "error",
    "url": "https://docs.astral.sh/ruff/rules/line-too-long"
  },
  {
    "cell": null,
    "code": "E501",
    "end_location": {
      "column": 84,
      "row": 96
    },
    "filename": "C:\\Users\\pc01\\source\\repos\\image-downloader\\src\\image_downloader\\storage\\cookies.py",
    "fix": null,
    "location": {
      "column": 80,
      "row": 96
    },
    "message": "Line too long (83 > 79)",
    "name": "line-too-long",
    "noqa_row": 96,
    "severity": "error",
    "url": "https://docs.astral.sh/ruff/rules/line-too-long"
  },
  {
    "cell": null,
    "code": "E501",
    "end_location": {
      "column": 97,
      "row": 113
    },
    "filename": "C:\\Users\\pc01\\source\\repos\\image-downloader\\src\\image_downloader\\storage\\cookies.py",
    "fix": null,
    "location": {
      "column": 80,
      "row": 113
    },
    "message": "Line too long (96 > 79)",
    "name": "line-too-long",
    "noqa_row": 113,
    "severity": "error",
    "url": "https://docs.astral.sh/ruff/rules/line-too-long"
  },
  {
    "cell": null,
    "code": "E501",
    "end_location": {
      "column": 89,
      "row": 121
    },
    "filename": "C:\\Users\\pc01\\source\\repos\\image-downloader\\src\\image_downloader\\storage\\cookies.py",
    "fix": null,
    "location": {
      "column": 80,
      "row": 121
    },
    "message": "Line too long (88 > 79)",
    "name": "line-too-long",
    "noqa_row": 121,
    "severity": "error",
    "url": "https://docs.astral.sh/ruff/rules/line-too-long"
  },
  {
    "cell": null,
    "code": "E501",
    "end_location": {
      "column": 87,
      "row": 126
    },
    "filename": "C:\\Users\\pc01\\source\\repos\\image-downloader\\src\\image_downloader\\storage\\cookies.py",
    "fix": null,
    "location": {
      "column": 80,
      "row": 126
    },
    "message": "Line too long (86 > 79)",
    "name": "line-too-long",
    "noqa_row": 126,
    "severity": "error",
    "url": "https://docs.astral.sh/ruff/rules/line-too-long"
  },
  {
    "cell": null,
    "code": "E501",
    "end_location": {
      "column": 83,
      "row": 131
    },
    "filename": "C:\\Users\\pc01\\source\\repos\\image-downloader\\src\\image_downloader\\storage\\cookies.py",
    "fix": null,
    "location": {
      "column": 80,
      "row": 131
    },
    "message": "Line too long (82 > 79)",
    "name": "line-too-long",
    "noqa_row": 131,
    "severity": "error",
    "url": "https://docs.astral.sh/ruff/rules/line-too-long"
  },
  {
    "cell": null,
    "code": "E501",
    "end_location": {
      "column": 90,
      "row": 143
    },
    "filename": "C:\\Users\\pc01\\source\\repos\\image-downloader\\src\\image_downloader\\storage\\cookies.py",
    "fix": null,
    "location": {
      "column": 80,
      "row": 143
    },
    "message": "Line too long (89 > 79)",
    "name": "line-too-long",
    "noqa_row": 143,
    "severity": "error",
    "url": "https://docs.astral.sh/ruff/rules/line-too-long"
  },
  {
    "cell": null,
    "code": "E501",
    "end_location": {
      "column": 92,
      "row": 144
    },
    "filename": "C:\\Users\\pc01\\source\\repos\\image-downloader\\src\\image_downloader\\storage\\cookies.py",
    "fix": null,
    "location": {
      "column": 80,
      "row": 144
    },
    "message": "Line too long (91 > 79)",
    "name": "line-too-long",
    "noqa_row": 144,
    "severity": "error",
    "url": "https://docs.astral.sh/ruff/rules/line-too-long"
  },
  {
    "cell": null,
    "code": "E501",
    "end_location": {
      "column": 82,
      "row": 177
    },
    "filename": "C:\\Users\\pc01\\source\\repos\\image-downloader\\src\\image_downloader\\storage\\cookies.py",
    "fix": null,
    "location": {
      "column": 80,
      "row": 177
    },
    "message": "Line too long (81 > 79)",
    "name": "line-too-long",
    "noqa_row": 177,
    "severity": "error",
    "url": "https://docs.astral.sh/ruff/rules/line-too-long"
  },
  {
    "cell": null,
    "code": "E501",
    "end_location": {
      "column": 121,
      "row": 179
    },
    "filename": "C:\\Users\\pc01\\source\\repos\\image-downloader\\src\\image_downloader\\storage\\cookies.py",
    "fix": null,
    "location": {
      "column": 80,
      "row": 179
    },
    "message": "Line too long (120 > 79)",
    "name": "line-too-long",
    "noqa_row": 179,
    "severity": "error",
    "url": "https://docs.astral.sh/ruff/rules/line-too-long"
  },
  {
    "cell": null,
    "code": "E501",
    "end_location": {
      "column": 116,
      "row": 194
    },
    "filename": "C:\\Users\\pc01\\source\\repos\\image-downloader\\src\\image_downloader\\storage\\cookies.py",
    "fix": null,
    "location": {
      "column": 80,
      "row": 194
    },
    "message": "Line too long (115 > 79)",
    "name": "line-too-long",
    "noqa_row": 194,
    "severity": "error",
    "url": "https://docs.astral.sh/ruff/rules/line-too-long"
  },
  {
    "cell": null,
    "code": "E501",
    "end_location": {
      "column": 100,
      "row": 212
    },
    "filename": "C:\\Users\\pc01\\source\\repos\\image-downloader\\src\\image_downloader\\storage\\cookies.py",
    "fix": null,
    "location": {
      "column": 80,
      "row": 212
    },
    "message": "Line too long (99 > 79)",
    "name": "line-too-long",
    "noqa_row": 212,
    "severity": "error",
    "url": "https://docs.astral.sh/ruff/rules/line-too-long"
  },
  {
    "cell": null,
    "code": "E501",
    "end_location": {
      "column": 94,
      "row": 216
    },
    "filename": "C:\\Users\\pc01\\source\\repos\\image-downloader\\src\\image_downloader\\storage\\cookies.py",
    "fix": null,
    "location": {
      "column": 80,
      "row": 216
    },
    "message": "Line too long (93 > 79)",
    "name": "line-too-long",
    "noqa_row": 216,
    "severity": "error",
    "url": "https://docs.astral.sh/ruff/rules/line-too-long"
  },
  {
    "cell": null,
    "code": "E501",
    "end_location": {
      "column": 97,
      "row": 222
    },
    "filename": "C:\\Users\\pc01\\source\\repos\\image-downloader\\src\\image_downloader\\storage\\cookies.py",
    "fix": null,
    "location": {
      "column": 80,
      "row": 222
    },
    "message": "Line too long (96 > 79)",
    "name": "line-too-long",
    "noqa_row": 222,
    "severity": "error",
    "url": "https://docs.astral.sh/ruff/rules/line-too-long"
  },
  {
    "cell": null,
    "code": "E501",
    "end_location": {
      "column": 95,
      "row": 278
    },
    "filename": "C:\\Users\\pc01\\source\\repos\\image-downloader\\src\\image_downloader\\storage\\cookies.py",
    "fix": null,
    "location": {
      "column": 80,
      "row": 278
    },
    "message": "Line too long (94 > 79)",
    "name": "line-too-long",
    "noqa_row": 278,
    "severity": "error",
    "url": "https://docs.astral.sh/ruff/rules/line-too-long"
  },
  {
    "cell": null,
    "code": "E501",
    "end_location": {
      "column": 87,
      "row": 283
    },
    "filename": "C:\\Users\\pc01\\source\\repos\\image-downloader\\src\\image_downloader\\storage\\cookies.py",
    "fix": null,
    "location": {
      "column": 80,
      "row": 283
    },
    "message": "Line too long (86 > 79)",
    "name": "line-too-long",
    "noqa_row": 283,
    "severity": "error",
    "url": "https://docs.astral.sh/ruff/rules/line-too-long"
  },
  {
    "cell": null,
    "code": "E501",
    "end_location": {
      "column": 102,
      "row": 32
    },
    "filename": "C:\\Users\\pc01\\source\\repos\\image-downloader\\src\\image_downloader\\storage\\filesystem.py",
    "fix": null,
    "location": {
      "column": 80,
      "row": 32
    },
    "message": "Line too long (101 > 79)",
    "name": "line-too-long",
    "noqa_row": 32,
    "severity": "error",
    "url": "https://docs.astral.sh/ruff/rules/line-too-long"
  },
  {
    "cell": null,
    "code": "E501",
    "end_location": {
      "column": 87,
      "row": 34
    },
    "filename": "C:\\Users\\pc01\\source\\repos\\image-downloader\\src\\image_downloader\\storage\\filesystem.py",
    "fix": null,
    "location": {
      "column": 80,
      "row": 34
    },
    "message": "Line too long (86 > 79)",
    "name": "line-too-long",
    "noqa_row": 34,
    "severity": "error",
    "url": "https://docs.astral.sh/ruff/rules/line-too-long"
  },
  {
    "cell": null,
    "code": "E501",
    "end_location": {
      "column": 90,
      "row": 40
    },
    "filename": "C:\\Users\\pc01\\source\\repos\\image-downloader\\src\\image_downloader\\storage\\filesystem.py",
    "fix": null,
    "location": {
      "column": 80,
      "row": 40
    },
    "message": "Line too long (89 > 79)",
    "name": "line-too-long",
    "noqa_row": 40,
    "severity": "error",
    "url": "https://docs.astral.sh/ruff/rules/line-too-long"
  },
  {
    "cell": null,
    "code": "E501",
    "end_location": {
      "column": 85,
      "row": 51
    },
    "filename": "C:\\Users\\pc01\\source\\repos\\image-downloader\\src\\image_downloader\\storage\\filesystem.py",
    "fix": null,
    "location": {
      "column": 80,
      "row": 51
    },
    "message": "Line too long (84 > 79)",
    "name": "line-too-long",
    "noqa_row": 53,
    "severity": "error",
    "url": "https://docs.astral.sh/ruff/rules/line-too-long"
  },
  {
    "cell": null,
    "code": "E501",
    "end_location": {
      "column": 96,
      "row": 92
    },
    "filename": "C:\\Users\\pc01\\source\\repos\\image-downloader\\src\\image_downloader\\storage\\filesystem.py",
    "fix": null,
    "location": {
      "column": 80,
      "row": 92
    },
    "message": "Line too long (95 > 79)",
    "name": "line-too-long",
    "noqa_row": 92,
    "severity": "error",
    "url": "https://docs.astral.sh/ruff/rules/line-too-long"
  },
  {
    "cell": null,
    "code": "E501",
    "end_location": {
      "column": 81,
      "row": 94
    },
    "filename": "C:\\Users\\pc01\\source\\repos\\image-downloader\\src\\image_downloader\\storage\\filesystem.py",
    "fix": null,
    "location": {
      "column": 80,
      "row": 94
    },
    "message": "Line too long (80 > 79)",
    "name": "line-too-long",
    "noqa_row": 94,
    "severity": "error",
    "url": "https://docs.astral.sh/ruff/rules/line-too-long"
  },
  {
    "cell": null,
    "code": "E501",
    "end_location": {
      "column": 94,
      "row": 95
    },
    "filename": "C:\\Users\\pc01\\source\\repos\\image-downloader\\src\\image_downloader\\storage\\filesystem.py",
    "fix": null,
    "location": {
      "column": 80,
      "row": 95
    },
    "message": "Line too long (93 > 79)",
    "name": "line-too-long",
    "noqa_row": 95,
    "severity": "error",
    "url": "https://docs.astral.sh/ruff/rules/line-too-long"
  },
  {
    "cell": null,
    "code": "E501",
    "end_location": {
      "column": 109,
      "row": 100
    },
    "filename": "C:\\Users\\pc01\\source\\repos\\image-downloader\\src\\image_downloader\\storage\\filesystem.py",
    "fix": null,
    "location": {
      "column": 80,
      "row": 100
    },
    "message": "Line too long (108 > 79)",
    "name": "line-too-long",
    "noqa_row": 100,
    "severity": "error",
    "url": "https://docs.astral.sh/ruff/rules/line-too-long"
  },
  {
    "cell": null,
    "code": "E501",
    "end_location": {
      "column": 82,
      "row": 102
    },
    "filename": "C:\\Users\\pc01\\source\\repos\\image-downloader\\src\\image_downloader\\storage\\filesystem.py",
    "fix": null,
    "location": {
      "column": 80,
      "row": 102
    },
    "message": "Line too long (81 > 79)",
    "name": "line-too-long",
    "noqa_row": 102,
    "severity": "error",
    "url": "https://docs.astral.sh/ruff/rules/line-too-long"
  },
  {
    "cell": null,
    "code": "E501",
    "end_location": {
      "column": 90,
      "row": 121
    },
    "filename": "C:\\Users\\pc01\\source\\repos\\image-downloader\\src\\image_downloader\\storage\\filesystem.py",
    "fix": null,
    "location": {
      "column": 80,
      "row": 121
    },
    "message": "Line too long (89 > 79)",
    "name": "line-too-long",
    "noqa_row": 121,
    "severity": "error",
    "url": "https://docs.astral.sh/ruff/rules/line-too-long"
  },
  {
    "cell": null,
    "code": "E501",
    "end_location": {
      "column": 81,
      "row": 127
    },
    "filename": "C:\\Users\\pc01\\source\\repos\\image-downloader\\src\\image_downloader\\storage\\filesystem.py",
    "fix": null,
    "location": {
      "column": 80,
      "row": 127
    },
    "message": "Line too long (80 > 79)",
    "name": "line-too-long",
    "noqa_row": 127,
    "severity": "error",
    "url": "https://docs.astral.sh/ruff/rules/line-too-long"
  },
  {
    "cell": null,
    "code": "E501",
    "end_location": {
      "column": 82,
      "row": 128
    },
    "filename": "C:\\Users\\pc01\\source\\repos\\image-downloader\\src\\image_downloader\\storage\\filesystem.py",
    "fix": null,
    "location": {
      "column": 80,
      "row": 128
    },
    "message": "Line too long (81 > 79)",
    "name": "line-too-long",
    "noqa_row": 128,
    "severity": "error",
    "url": "https://docs.astral.sh/ruff/rules/line-too-long"
  },
  {
    "cell": null,
    "code": "E501",
    "end_location": {
      "column": 98,
      "row": 131
    },
    "filename": "C:\\Users\\pc01\\source\\repos\\image-downloader\\src\\image_downloader\\storage\\filesystem.py",
    "fix": null,
    "location": {
      "column": 80,
      "row": 131
    },
    "message": "Line too long (97 > 79)",
    "name": "line-too-long",
    "noqa_row": 131,
    "severity": "error",
    "url": "https://docs.astral.sh/ruff/rules/line-too-long"
  },
  {
    "cell": null,
    "code": "E501",
    "end_location": {
      "column": 111,
      "row": 165
    },
    "filename": "C:\\Users\\pc01\\source\\repos\\image-downloader\\src\\image_downloader\\storage\\filesystem.py",
    "fix": null,
    "location": {
      "column": 80,
      "row": 165
    },
    "message": "Line too long (110 > 79)",
    "name": "line-too-long",
    "noqa_row": 165,
    "severity": "error",
    "url": "https://docs.astral.sh/ruff/rules/line-too-long"
  },
  {
    "cell": null,
    "code": "E501",
    "end_location": {
      "column": 81,
      "row": 172
    },
    "filename": "C:\\Users\\pc01\\source\\repos\\image-downloader\\src\\image_downloader\\storage\\filesystem.py",
    "fix": null,
    "location": {
      "column": 80,
      "row": 172
    },
    "message": "Line too long (80 > 79)",
    "name": "line-too-long",
    "noqa_row": 172,
    "severity": "error",
    "url": "https://docs.astral.sh/ruff/rules/line-too-long"
  },
  {
    "cell": null,
    "code": "E501",
    "end_location": {
      "column": 101,
      "row": 179
    },
    "filename": "C:\\Users\\pc01\\source\\repos\\image-downloader\\src\\image_downloader\\storage\\filesystem.py",
    "fix": null,
    "location": {
      "column": 80,
      "row": 179
    },
    "message": "Line too long (100 > 79)",
    "name": "line-too-long",
    "noqa_row": 179,
    "severity": "error",
    "url": "https://docs.astral.sh/ruff/rules/line-too-long"
  },
  {
    "cell": null,
    "code": "E501",
    "end_location": {
      "column": 82,
      "row": 181
    },
    "filename": "C:\\Users\\pc01\\source\\repos\\image-downloader\\src\\image_downloader\\storage\\filesystem.py",
    "fix": null,
    "location": {
      "column": 80,
      "row": 181
    },
    "message": "Line too long (81 > 79)",
    "name": "line-too-long",
    "noqa_row": 181,
    "severity": "error",
    "url": "https://docs.astral.sh/ruff/rules/line-too-long"
  },
  {
    "cell": null,
    "code": "E501",
    "end_location": {
      "column": 83,
      "row": 186
    },
    "filename": "C:\\Users\\pc01\\source\\repos\\image-downloader\\src\\image_downloader\\storage\\filesystem.py",
    "fix": null,
    "location": {
      "column": 80,
      "row": 186
    },
    "message": "Line too long (82 > 79)",
    "name": "line-too-long",
    "noqa_row": 186,
    "severity": "error",
    "url": "https://docs.astral.sh/ruff/rules/line-too-long"
  },
  {
    "cell": null,
    "code": "E501",
    "end_location": {
      "column": 93,
      "row": 195
    },
    "filename": "C:\\Users\\pc01\\source\\repos\\image-downloader\\src\\image_downloader\\storage\\filesystem.py",
    "fix": null,
    "location": {
      "column": 80,
      "row": 195
    },
    "message": "Line too long (92 > 79)",
    "name": "line-too-long",
    "noqa_row": 195,
    "severity": "error",
    "url": "https://docs.astral.sh/ruff/rules/line-too-long"
  },
  {
    "cell": null,
    "code": "E501",
    "end_location": {
      "column": 96,
      "row": 197
    },
    "filename": "C:\\Users\\pc01\\source\\repos\\image-downloader\\src\\image_downloader\\storage\\filesystem.py",
    "fix": null,
    "location": {
      "column": 80,
      "row": 197
    },
    "message": "Line too long (95 > 79)",
    "name": "line-too-long",
    "noqa_row": 197,
    "severity": "error",
    "url": "https://docs.astral.sh/ruff/rules/line-too-long"
  },
  {
    "cell": null,
    "code": "E501",
    "end_location": {
      "column": 91,
      "row": 199
    },
    "filename": "C:\\Users\\pc01\\source\\repos\\image-downloader\\src\\image_downloader\\storage\\filesystem.py",
    "fix": null,
    "location": {
      "column": 80,
      "row": 199
    },
    "message": "Line too long (90 > 79)",
    "name": "line-too-long",
    "noqa_row": 199,
    "severity": "error",
    "url": "https://docs.astral.sh/ruff/rules/line-too-long"
  },
  {
    "cell": null,
    "code": "E501",
    "end_location": {
      "column": 87,
      "row": 202
    },
    "filename": "C:\\Users\\pc01\\source\\repos\\image-downloader\\src\\image_downloader\\storage\\filesystem.py",
    "fix": null,
    "location": {
      "column": 80,
      "row": 202
    },
    "message": "Line too long (86 > 79)",
    "name": "line-too-long",
    "noqa_row": 202,
    "severity": "error",
    "url": "https://docs.astral.sh/ruff/rules/line-too-long"
  },
  {
    "cell": null,
    "code": "E501",
    "end_location": {
      "column": 86,
      "row": 205
    },
    "filename": "C:\\Users\\pc01\\source\\repos\\image-downloader\\src\\image_downloader\\storage\\filesystem.py",
    "fix": null,
    "location": {
      "column": 80,
      "row": 205
    },
    "message": "Line too long (85 > 79)",
    "name": "line-too-long",
    "noqa_row": 205,
    "severity": "error",
    "url": "https://docs.astral.sh/ruff/rules/line-too-long"
  },
  {
    "cell": null,
    "code": "E501",
    "end_location": {
      "column": 87,
      "row": 228
    },
    "filename": "C:\\Users\\pc01\\source\\repos\\image-downloader\\src\\image_downloader\\storage\\filesystem.py",
    "fix": null,
    "location": {
      "column": 80,
      "row": 228
    },
    "message": "Line too long (86 > 79)",
    "name": "line-too-long",
    "noqa_row": 228,
    "severity": "error",
    "url": "https://docs.astral.sh/ruff/rules/line-too-long"
  },
  {
    "cell": null,
    "code": "E501",
    "end_location": {
      "column": 108,
      "row": 232
    },
    "filename": "C:\\Users\\pc01\\source\\repos\\image-downloader\\src\\image_downloader\\storage\\filesystem.py",
    "fix": null,
    "location": {
      "column": 80,
      "row": 232
    },
    "message": "Line too long (107 > 79)",
    "name": "line-too-long",
    "noqa_row": 232,
    "severity": "error",
    "url": "https://docs.astral.sh/ruff/rules/line-too-long"
  },
  {
    "cell": null,
    "code": "E501",
    "end_location": {
      "column": 103,
      "row": 246
    },
    "filename": "C:\\Users\\pc01\\source\\repos\\image-downloader\\src\\image_downloader\\storage\\filesystem.py",
    "fix": null,
    "location": {
      "column": 80,
      "row": 246
    },
    "message": "Line too long (102 > 79)",
    "name": "line-too-long",
    "noqa_row": 246,
    "severity": "error",
    "url": "https://docs.astral.sh/ruff/rules/line-too-long"
  },
  {
    "cell": null,
    "code": "E501",
    "end_location": {
      "column": 99,
      "row": 251
    },
    "filename": "C:\\Users\\pc01\\source\\repos\\image-downloader\\src\\image_downloader\\storage\\filesystem.py",
    "fix": null,
    "location": {
      "column": 80,
      "row": 251
    },
    "message": "Line too long (98 > 79)",
    "name": "line-too-long",
    "noqa_row": 251,
    "severity": "error",
    "url": "https://docs.astral.sh/ruff/rules/line-too-long"
  },
  {
    "cell": null,
    "code": "E501",
    "end_location": {
      "column": 90,
      "row": 36
    },
    "filename": "C:\\Users\\pc01\\source\\repos\\image-downloader\\src\\image_downloader\\storage\\interprocess_lock.py",
    "fix": null,
    "location": {
      "column": 80,
      "row": 36
    },
    "message": "Line too long (89 > 79)",
    "name": "line-too-long",
    "noqa_row": 36,
    "severity": "error",
    "url": "https://docs.astral.sh/ruff/rules/line-too-long"
  },
  {
    "cell": null,
    "code": "E501",
    "end_location": {
      "column": 85,
      "row": 78
    },
    "filename": "C:\\Users\\pc01\\source\\repos\\image-downloader\\src\\image_downloader\\storage\\interprocess_lock.py",
    "fix": null,
    "location": {
      "column": 80,
      "row": 78
    },
    "message": "Line too long (84 > 79)",
    "name": "line-too-long",
    "noqa_row": 78,
    "severity": "error",
    "url": "https://docs.astral.sh/ruff/rules/line-too-long"
  },
  {
    "cell": null,
    "code": "E501",
    "end_location": {
      "column": 97,
      "row": 83
    },
    "filename": "C:\\Users\\pc01\\source\\repos\\image-downloader\\src\\image_downloader\\storage\\interprocess_lock.py",
    "fix": null,
    "location": {
      "column": 80,
      "row": 83
    },
    "message": "Line too long (96 > 79)",
    "name": "line-too-long",
    "noqa_row": 83,
    "severity": "error",
    "url": "https://docs.astral.sh/ruff/rules/line-too-long"
  },
  {
    "cell": null,
    "code": "E501",
    "end_location": {
      "column": 104,
      "row": 88
    },
    "filename": "C:\\Users\\pc01\\source\\repos\\image-downloader\\src\\image_downloader\\storage\\interprocess_lock.py",
    "fix": null,
    "location": {
      "column": 80,
      "row": 88
    },
    "message": "Line too long (103 > 79)",
    "name": "line-too-long",
    "noqa_row": 88,
    "severity": "error",
    "url": "https://docs.astral.sh/ruff/rules/line-too-long"
  },
  {
    "cell": null,
    "code": "E501",
    "end_location": {
      "column": 87,
      "row": 93
    },
    "filename": "C:\\Users\\pc01\\source\\repos\\image-downloader\\src\\image_downloader\\storage\\interprocess_lock.py",
    "fix": null,
    "location": {
      "column": 80,
      "row": 93
    },
    "message": "Line too long (86 > 79)",
    "name": "line-too-long",
    "noqa_row": 93,
    "severity": "error",
    "url": "https://docs.astral.sh/ruff/rules/line-too-long"
  },
  {
    "cell": null,
    "code": "E501",
    "end_location": {
      "column": 109,
      "row": 102
    },
    "filename": "C:\\Users\\pc01\\source\\repos\\image-downloader\\src\\image_downloader\\storage\\interprocess_lock.py",
    "fix": null,
    "location": {
      "column": 80,
      "row": 102
    },
    "message": "Line too long (108 > 79)",
    "name": "line-too-long",
    "noqa_row": 102,
    "severity": "error",
    "url": "https://docs.astral.sh/ruff/rules/line-too-long"
  },
  {
    "cell": null,
    "code": "E501",
    "end_location": {
      "column": 105,
      "row": 112
    },
    "filename": "C:\\Users\\pc01\\source\\repos\\image-downloader\\src\\image_downloader\\storage\\interprocess_lock.py",
    "fix": null,
    "location": {
      "column": 80,
      "row": 112
    },
    "message": "Line too long (104 > 79)",
    "name": "line-too-long",
    "noqa_row": 112,
    "severity": "error",
    "url": "https://docs.astral.sh/ruff/rules/line-too-long"
  },
  {
    "cell": null,
    "code": "E501",
    "end_location": {
      "column": 87,
      "row": 117
    },
    "filename": "C:\\Users\\pc01\\source\\repos\\image-downloader\\src\\image_downloader\\storage\\interprocess_lock.py",
    "fix": null,
    "location": {
      "column": 80,
      "row": 117
    },
    "message": "Line too long (86 > 79)",
    "name": "line-too-long",
    "noqa_row": 117,
    "severity": "error",
    "url": "https://docs.astral.sh/ruff/rules/line-too-long"
  },
  {
    "cell": null,
    "code": "E501",
    "end_location": {
      "column": 109,
      "row": 126
    },
    "filename": "C:\\Users\\pc01\\source\\repos\\image-downloader\\src\\image_downloader\\storage\\interprocess_lock.py",
    "fix": null,
    "location": {
      "column": 80,
      "row": 126
    },
    "message": "Line too long (108 > 79)",
    "name": "line-too-long",
    "noqa_row": 126,
    "severity": "error",
    "url": "https://docs.astral.sh/ruff/rules/line-too-long"
  },
  {
    "cell": null,
    "code": "E501",
    "end_location": {
      "column": 109,
      "row": 133
    },
    "filename": "C:\\Users\\pc01\\source\\repos\\image-downloader\\src\\image_downloader\\storage\\interprocess_lock.py",
    "fix": null,
    "location": {
      "column": 80,
      "row": 133
    },
    "message": "Line too long (108 > 79)",
    "name": "line-too-long",
    "noqa_row": 133,
    "severity": "error",
    "url": "https://docs.astral.sh/ruff/rules/line-too-long"
  },
  {
    "cell": null,
    "code": "E501",
    "end_location": {
      "column": 105,
      "row": 144
    },
    "filename": "C:\\Users\\pc01\\source\\repos\\image-downloader\\src\\image_downloader\\storage\\interprocess_lock.py",
    "fix": null,
    "location": {
      "column": 80,
      "row": 144
    },
    "message": "Line too long (104 > 79)",
    "name": "line-too-long",
    "noqa_row": 144,
    "severity": "error",
    "url": "https://docs.astral.sh/ruff/rules/line-too-long"
  },
  {
    "cell": null,
    "code": "E501",
    "end_location": {
      "column": 82,
      "row": 5
    },
    "filename": "C:\\Users\\pc01\\source\\repos\\image-downloader\\src\\image_downloader\\storage\\path_safety.py",
    "fix": null,
    "location": {
      "column": 80,
      "row": 5
    },
    "message": "Line too long (81 > 79)",
    "name": "line-too-long",
    "noqa_row": 7,
    "severity": "error",
    "url": "https://docs.astral.sh/ruff/rules/line-too-long"
  },
  {
    "cell": null,
    "code": "E501",
    "end_location": {
      "column": 88,
      "row": 18
    },
    "filename": "C:\\Users\\pc01\\source\\repos\\image-downloader\\src\\image_downloader\\storage\\path_safety.py",
    "fix": null,
    "location": {
      "column": 80,
      "row": 18
    },
    "message": "Line too long (87 > 79)",
    "name": "line-too-long",
    "noqa_row": 18,
    "severity": "error",
    "url": "https://docs.astral.sh/ruff/rules/line-too-long"
  },
  {
    "cell": null,
    "code": "E501",
    "end_location": {
      "column": 99,
      "row": 21
    },
    "filename": "C:\\Users\\pc01\\source\\repos\\image-downloader\\src\\image_downloader\\storage\\path_safety.py",
    "fix": null,
    "location": {
      "column": 80,
      "row": 21
    },
    "message": "Line too long (98 > 79)",
    "name": "line-too-long",
    "noqa_row": 21,
    "severity": "error",
    "url": "https://docs.astral.sh/ruff/rules/line-too-long"
  },
  {
    "cell": null,
    "code": "E501",
    "end_location": {
      "column": 87,
      "row": 26
    },
    "filename": "C:\\Users\\pc01\\source\\repos\\image-downloader\\src\\image_downloader\\storage\\path_safety.py",
    "fix": null,
    "location": {
      "column": 80,
      "row": 26
    },
    "message": "Line too long (86 > 79)",
    "name": "line-too-long",
    "noqa_row": 31,
    "severity": "error",
    "url": "https://docs.astral.sh/ruff/rules/line-too-long"
  },
  {
    "cell": null,
    "code": "E501",
    "end_location": {
      "column": 99,
      "row": 37
    },
    "filename": "C:\\Users\\pc01\\source\\repos\\image-downloader\\src\\image_downloader\\storage\\path_safety.py",
    "fix": null,
    "location": {
      "column": 80,
      "row": 37
    },
    "message": "Line too long (98 > 79)",
    "name": "line-too-long",
    "noqa_row": 37,
    "severity": "error",
    "url": "https://docs.astral.sh/ruff/rules/line-too-long"
  },
  {
    "cell": null,
    "code": "E501",
    "end_location": {
      "column": 84,
      "row": 44
    },
    "filename": "C:\\Users\\pc01\\source\\repos\\image-downloader\\src\\image_downloader\\storage\\path_safety.py",
    "fix": null,
    "location": {
      "column": 80,
      "row": 44
    },
    "message": "Line too long (83 > 79)",
    "name": "line-too-long",
    "noqa_row": 44,
    "severity": "error",
    "url": "https://docs.astral.sh/ruff/rules/line-too-long"
  },
  {
    "cell": null,
    "code": "E501",
    "end_location": {
      "column": 103,
      "row": 46
    },
    "filename": "C:\\Users\\pc01\\source\\repos\\image-downloader\\src\\image_downloader\\storage\\path_safety.py",
    "fix": null,
    "location": {
      "column": 80,
      "row": 46
    },
    "message": "Line too long (102 > 79)",
    "name": "line-too-long",
    "noqa_row": 46,
    "severity": "error",
    "url": "https://docs.astral.sh/ruff/rules/line-too-long"
  },
  {
    "cell": null,
    "code": "E501",
    "end_location": {
      "column": 110,
      "row": 48
    },
    "filename": "C:\\Users\\pc01\\source\\repos\\image-downloader\\src\\image_downloader\\storage\\path_safety.py",
    "fix": null,
    "location": {
      "column": 80,
      "row": 48
    },
    "message": "Line too long (109 > 79)",
    "name": "line-too-long",
    "noqa_row": 48,
    "severity": "error",
    "url": "https://docs.astral.sh/ruff/rules/line-too-long"
  },
  {
    "cell": null,
    "code": "E501",
    "end_location": {
      "column": 85,
      "row": 52
    },
    "filename": "C:\\Users\\pc01\\source\\repos\\image-downloader\\src\\image_downloader\\storage\\path_safety.py",
    "fix": null,
    "location": {
      "column": 80,
      "row": 52
    },
    "message": "Line too long (84 > 79)",
    "name": "line-too-long",
    "noqa_row": 52,
    "severity": "error",
    "url": "https://docs.astral.sh/ruff/rules/line-too-long"
  },
  {
    "cell": null,
    "code": "E501",
    "end_location": {
      "column": 89,
      "row": 53
    },
    "filename": "C:\\Users\\pc01\\source\\repos\\image-downloader\\src\\image_downloader\\storage\\path_safety.py",
    "fix": null,
    "location": {
      "column": 80,
      "row": 53
    },
    "message": "Line too long (88 > 79)",
    "name": "line-too-long",
    "noqa_row": 53,
    "severity": "error",
    "url": "https://docs.astral.sh/ruff/rules/line-too-long"
  },
  {
    "cell": null,
    "code": "E501",
    "end_location": {
      "column": 85,
      "row": 64
    },
    "filename": "C:\\Users\\pc01\\source\\repos\\image-downloader\\src\\image_downloader\\storage\\path_safety.py",
    "fix": null,
    "location": {
      "column": 80,
      "row": 64
    },
    "message": "Line too long (84 > 79)",
    "name": "line-too-long",
    "noqa_row": 64,
    "severity": "error",
    "url": "https://docs.astral.sh/ruff/rules/line-too-long"
  },
  {
    "cell": null,
    "code": "E501",
    "end_location": {
      "column": 83,
      "row": 68
    },
    "filename": "C:\\Users\\pc01\\source\\repos\\image-downloader\\src\\image_downloader\\storage\\path_safety.py",
    "fix": null,
    "location": {
      "column": 80,
      "row": 68
    },
    "message": "Line too long (82 > 79)",
    "name": "line-too-long",
    "noqa_row": 68,
    "severity": "error",
    "url": "https://docs.astral.sh/ruff/rules/line-too-long"
  },
  {
    "cell": null,
    "code": "E501",
    "end_location": {
      "column": 91,
      "row": 69
    },
    "filename": "C:\\Users\\pc01\\source\\repos\\image-downloader\\src\\image_downloader\\storage\\path_safety.py",
    "fix": null,
    "location": {
      "column": 80,
      "row": 69
    },
    "message": "Line too long (90 > 79)",
    "name": "line-too-long",
    "noqa_row": 69,
    "severity": "error",
    "url": "https://docs.astral.sh/ruff/rules/line-too-long"
  },
  {
    "cell": null,
    "code": "E501",
    "end_location": {
      "column": 105,
      "row": 80
    },
    "filename": "C:\\Users\\pc01\\source\\repos\\image-downloader\\src\\image_downloader\\storage\\path_safety.py",
    "fix": null,
    "location": {
      "column": 80,
      "row": 80
    },
    "message": "Line too long (104 > 79)",
    "name": "line-too-long",
    "noqa_row": 80,
    "severity": "error",
    "url": "https://docs.astral.sh/ruff/rules/line-too-long"
  },
  {
    "cell": null,
    "code": "E501",
    "end_location": {
      "column": 85,
      "row": 15
    },
    "filename": "C:\\Users\\pc01\\source\\repos\\image-downloader\\src\\image_downloader\\storage\\state.py",
    "fix": null,
    "location": {
      "column": 80,
      "row": 15
    },
    "message": "Line too long (84 > 79)",
    "name": "line-too-long",
    "noqa_row": 15,
    "severity": "error",
    "url": "https://docs.astral.sh/ruff/rules/line-too-long"
  },
  {
    "cell": null,
    "code": "E501",
    "end_location": {
      "column": 81,
      "row": 31
    },
    "filename": "C:\\Users\\pc01\\source\\repos\\image-downloader\\src\\image_downloader\\storage\\state.py",
    "fix": null,
    "location": {
      "column": 80,
      "row": 31
    },
    "message": "Line too long (80 > 79)",
    "name": "line-too-long",
    "noqa_row": 31,
    "severity": "error",
    "url": "https://docs.astral.sh/ruff/rules/line-too-long"
  },
  {
    "cell": null,
    "code": "E501",
    "end_location": {
      "column": 95,
      "row": 36
    },
    "filename": "C:\\Users\\pc01\\source\\repos\\image-downloader\\src\\image_downloader\\storage\\state.py",
    "fix": null,
    "location": {
      "column": 80,
      "row": 36
    },
    "message": "Line too long (94 > 79)",
    "name": "line-too-long",
    "noqa_row": 36,
    "severity": "error",
    "url": "https://docs.astral.sh/ruff/rules/line-too-long"
  },
  {
    "cell": null,
    "code": "E501",
    "end_location": {
      "column": 89,
      "row": 59
    },
    "filename": "C:\\Users\\pc01\\source\\repos\\image-downloader\\src\\image_downloader\\storage\\state.py",
    "fix": null,
    "location": {
      "column": 80,
      "row": 59
    },
    "message": "Line too long (88 > 79)",
    "name": "line-too-long",
    "noqa_row": 59,
    "severity": "error",
    "url": "https://docs.astral.sh/ruff/rules/line-too-long"
  },
  {
    "cell": null,
    "code": "E501",
    "end_location": {
      "column": 82,
      "row": 61
    },
    "filename": "C:\\Users\\pc01\\source\\repos\\image-downloader\\src\\image_downloader\\storage\\state.py",
    "fix": null,
    "location": {
      "column": 80,
      "row": 61
    },
    "message": "Line too long (81 > 79)",
    "name": "line-too-long",
    "noqa_row": 61,
    "severity": "error",
    "url": "https://docs.astral.sh/ruff/rules/line-too-long"
  },
  {
    "cell": null,
    "code": "E501",
    "end_location": {
      "column": 94,
      "row": 69
    },
    "filename": "C:\\Users\\pc01\\source\\repos\\image-downloader\\src\\image_downloader\\storage\\state.py",
    "fix": null,
    "location": {
      "column": 80,
      "row": 69
    },
    "message": "Line too long (93 > 79)",
    "name": "line-too-long",
    "noqa_row": 69,
    "severity": "error",
    "url": "https://docs.astral.sh/ruff/rules/line-too-long"
  },
  {
    "cell": null,
    "code": "E501",
    "end_location": {
      "column": 108,
      "row": 70
    },
    "filename": "C:\\Users\\pc01\\source\\repos\\image-downloader\\src\\image_downloader\\storage\\state.py",
    "fix": null,
    "location": {
      "column": 80,
      "row": 70
    },
    "message": "Line too long (107 > 79)",
    "name": "line-too-long",
    "noqa_row": 70,
    "severity": "error",
    "url": "https://docs.astral.sh/ruff/rules/line-too-long"
  },
  {
    "cell": null,
    "code": "E501",
    "end_location": {
      "column": 91,
      "row": 98
    },
    "filename": "C:\\Users\\pc01\\source\\repos\\image-downloader\\src\\image_downloader\\storage\\state.py",
    "fix": null,
    "location": {
      "column": 80,
      "row": 98
    },
    "message": "Line too long (90 > 79)",
    "name": "line-too-long",
    "noqa_row": 98,
    "severity": "error",
    "url": "https://docs.astral.sh/ruff/rules/line-too-long"
  },
  {
    "cell": null,
    "code": "E501",
    "end_location": {
      "column": 88,
      "row": 101
    },
    "filename": "C:\\Users\\pc01\\source\\repos\\image-downloader\\src\\image_downloader\\storage\\state.py",
    "fix": null,
    "location": {
      "column": 80,
      "row": 101
    },
    "message": "Line too long (87 > 79)",
    "name": "line-too-long",
    "noqa_row": 101,
    "severity": "error",
    "url": "https://docs.astral.sh/ruff/rules/line-too-long"
  },
  {
    "cell": null,
    "code": "E501",
    "end_location": {
      "column": 114,
      "row": 104
    },
    "filename": "C:\\Users\\pc01\\source\\repos\\image-downloader\\src\\image_downloader\\storage\\state.py",
    "fix": null,
    "location": {
      "column": 80,
      "row": 104
    },
    "message": "Line too long (113 > 79)",
    "name": "line-too-long",
    "noqa_row": 104,
    "severity": "error",
    "url": "https://docs.astral.sh/ruff/rules/line-too-long"
  },
  {
    "cell": null,
    "code": "E501",
    "end_location": {
      "column": 87,
      "row": 106
    },
    "filename": "C:\\Users\\pc01\\source\\repos\\image-downloader\\src\\image_downloader\\storage\\state.py",
    "fix": null,
    "location": {
      "column": 80,
      "row": 106
    },
    "message": "Line too long (86 > 79)",
    "name": "line-too-long",
    "noqa_row": 106,
    "severity": "error",
    "url": "https://docs.astral.sh/ruff/rules/line-too-long"
  },
  {
    "cell": null,
    "code": "E501",
    "end_location": {
      "column": 116,
      "row": 108
    },
    "filename": "C:\\Users\\pc01\\source\\repos\\image-downloader\\src\\image_downloader\\storage\\state.py",
    "fix": null,
    "location": {
      "column": 80,
      "row": 108
    },
    "message": "Line too long (115 > 79)",
    "name": "line-too-long",
    "noqa_row": 108,
    "severity": "error",
    "url": "https://docs.astral.sh/ruff/rules/line-too-long"
  },
  {
    "cell": null,
    "code": "E501",
    "end_location": {
      "column": 95,
      "row": 125
    },
    "filename": "C:\\Users\\pc01\\source\\repos\\image-downloader\\src\\image_downloader\\storage\\state.py",
    "fix": null,
    "location": {
      "column": 80,
      "row": 125
    },
    "message": "Line too long (94 > 79)",
    "name": "line-too-long",
    "noqa_row": 125,
    "severity": "error",
    "url": "https://docs.astral.sh/ruff/rules/line-too-long"
  },
  {
    "cell": null,
    "code": "E501",
    "end_location": {
      "column": 96,
      "row": 136
    },
    "filename": "C:\\Users\\pc01\\source\\repos\\image-downloader\\src\\image_downloader\\storage\\state.py",
    "fix": null,
    "location": {
      "column": 80,
      "row": 136
    },
    "message": "Line too long (95 > 79)",
    "name": "line-too-long",
    "noqa_row": 136,
    "severity": "error",
    "url": "https://docs.astral.sh/ruff/rules/line-too-long"
  },
  {
    "cell": null,
    "code": "E501",
    "end_location": {
      "column": 121,
      "row": 137
    },
    "filename": "C:\\Users\\pc01\\source\\repos\\image-downloader\\src\\image_downloader\\storage\\state.py",
    "fix": null,
    "location": {
      "column": 80,
      "row": 137
    },
    "message": "Line too long (120 > 79)",
    "name": "line-too-long",
    "noqa_row": 137,
    "severity": "error",
    "url": "https://docs.astral.sh/ruff/rules/line-too-long"
  },
  {
    "cell": null,
    "code": "E501",
    "end_location": {
      "column": 117,
      "row": 150
    },
    "filename": "C:\\Users\\pc01\\source\\repos\\image-downloader\\src\\image_downloader\\storage\\state.py",
    "fix": null,
    "location": {
      "column": 80,
      "row": 150
    },
    "message": "Line too long (116 > 79)",
    "name": "line-too-long",
    "noqa_row": 150,
    "severity": "error",
    "url": "https://docs.astral.sh/ruff/rules/line-too-long"
  },
  {
    "cell": null,
    "code": "E501",
    "end_location": {
      "column": 106,
      "row": 153
    },
    "filename": "C:\\Users\\pc01\\source\\repos\\image-downloader\\src\\image_downloader\\storage\\state.py",
    "fix": null,
    "location": {
      "column": 80,
      "row": 153
    },
    "message": "Line too long (105 > 79)",
    "name": "line-too-long",
    "noqa_row": 153,
    "severity": "error",
    "url": "https://docs.astral.sh/ruff/rules/line-too-long"
  },
  {
    "cell": null,
    "code": "E501",
    "end_location": {
      "column": 81,
      "row": 168
    },
    "filename": "C:\\Users\\pc01\\source\\repos\\image-downloader\\src\\image_downloader\\storage\\state.py",
    "fix": null,
    "location": {
      "column": 80,
      "row": 168
    },
    "message": "Line too long (80 > 79)",
    "name": "line-too-long",
    "noqa_row": 168,
    "severity": "error",
    "url": "https://docs.astral.sh/ruff/rules/line-too-long"
  },
  {
    "cell": null,
    "code": "E501",
    "end_location": {
      "column": 94,
      "row": 170
    },
    "filename": "C:\\Users\\pc01\\source\\repos\\image-downloader\\src\\image_downloader\\storage\\state.py",
    "fix": null,
    "location": {
      "column": 80,
      "row": 170
    },
    "message": "Line too long (93 > 79)",
    "name": "line-too-long",
    "noqa_row": 170,
    "severity": "error",
    "url": "https://docs.astral.sh/ruff/rules/line-too-long"
  },
  {
    "cell": null,
    "code": "E501",
    "end_location": {
      "column": 86,
      "row": 177
    },
    "filename": "C:\\Users\\pc01\\source\\repos\\image-downloader\\src\\image_downloader\\storage\\state.py",
    "fix": null,
    "location": {
      "column": 80,
      "row": 177
    },
    "message": "Line too long (85 > 79)",
    "name": "line-too-long",
    "noqa_row": 177,
    "severity": "error",
    "url": "https://docs.astral.sh/ruff/rules/line-too-long"
  },
  {
    "cell": null,
    "code": "E501",
    "end_location": {
      "column": 90,
      "row": 181
    },
    "filename": "C:\\Users\\pc01\\source\\repos\\image-downloader\\src\\image_downloader\\storage\\state.py",
    "fix": null,
    "location": {
      "column": 80,
      "row": 181
    },
    "message": "Line too long (89 > 79)",
    "name": "line-too-long",
    "noqa_row": 181,
    "severity": "error",
    "url": "https://docs.astral.sh/ruff/rules/line-too-long"
  },
  {
    "cell": null,
    "code": "E501",
    "end_location": {
      "column": 81,
      "row": 182
    },
    "filename": "C:\\Users\\pc01\\source\\repos\\image-downloader\\src\\image_downloader\\storage\\state.py",
    "fix": null,
    "location": {
      "column": 80,
      "row": 182
    },
    "message": "Line too long (80 > 79)",
    "name": "line-too-long",
    "noqa_row": 182,
    "severity": "error",
    "url": "https://docs.astral.sh/ruff/rules/line-too-long"
  },
  {
    "cell": null,
    "code": "E501",
    "end_location": {
      "column": 81,
      "row": 185
    },
    "filename": "C:\\Users\\pc01\\source\\repos\\image-downloader\\src\\image_downloader\\storage\\state.py",
    "fix": null,
    "location": {
      "column": 80,
      "row": 185
    },
    "message": "Line too long (80 > 79)",
    "name": "line-too-long",
    "noqa_row": 185,
    "severity": "error",
    "url": "https://docs.astral.sh/ruff/rules/line-too-long"
  },
  {
    "cell": null,
    "code": "E501",
    "end_location": {
      "column": 91,
      "row": 201
    },
    "filename": "C:\\Users\\pc01\\source\\repos\\image-downloader\\src\\image_downloader\\storage\\state.py",
    "fix": null,
    "location": {
      "column": 80,
      "row": 201
    },
    "message": "Line too long (90 > 79)",
    "name": "line-too-long",
    "noqa_row": 201,
    "severity": "error",
    "url": "https://docs.astral.sh/ruff/rules/line-too-long"
  },
  {
    "cell": null,
    "code": "E501",
    "end_location": {
      "column": 96,
      "row": 202
    },
    "filename": "C:\\Users\\pc01\\source\\repos\\image-downloader\\src\\image_downloader\\storage\\state.py",
    "fix": null,
    "location": {
      "column": 80,
      "row": 202
    },
    "message": "Line too long (95 > 79)",
    "name": "line-too-long",
    "noqa_row": 202,
    "severity": "error",
    "url": "https://docs.astral.sh/ruff/rules/line-too-long"
  },
  {
    "cell": null,
    "code": "E501",
    "end_location": {
      "column": 89,
      "row": 210
    },
    "filename": "C:\\Users\\pc01\\source\\repos\\image-downloader\\src\\image_downloader\\storage\\state.py",
    "fix": null,
    "location": {
      "column": 80,
      "row": 210
    },
    "message": "Line too long (88 > 79)",
    "name": "line-too-long",
    "noqa_row": 210,
    "severity": "error",
    "url": "https://docs.astral.sh/ruff/rules/line-too-long"
  },
  {
    "cell": null,
    "code": "E501",
    "end_location": {
      "column": 95,
      "row": 36
    },
    "filename": "C:\\Users\\pc01\\source\\repos\\image-downloader\\src\\image_downloader\\storage\\workflow.py",
    "fix": null,
    "location": {
      "column": 80,
      "row": 36
    },
    "message": "Line too long (94 > 79)",
    "name": "line-too-long",
    "noqa_row": 36,
    "severity": "error",
    "url": "https://docs.astral.sh/ruff/rules/line-too-long"
  },
  {
    "cell": null,
    "code": "E501",
    "end_location": {
      "column": 111,
      "row": 44
    },
    "filename": "C:\\Users\\pc01\\source\\repos\\image-downloader\\src\\image_downloader\\storage\\workflow.py",
    "fix": null,
    "location": {
      "column": 80,
      "row": 44
    },
    "message": "Line too long (110 > 79)",
    "name": "line-too-long",
    "noqa_row": 44,
    "severity": "error",
    "url": "https://docs.astral.sh/ruff/rules/line-too-long"
  },
  {
    "cell": null,
    "code": "E501",
    "end_location": {
      "column": 86,
      "row": 56
    },
    "filename": "C:\\Users\\pc01\\source\\repos\\image-downloader\\src\\image_downloader\\storage\\workflow.py",
    "fix": null,
    "location": {
      "column": 80,
      "row": 56
    },
    "message": "Line too long (85 > 79)",
    "name": "line-too-long",
    "noqa_row": 56,
    "severity": "error",
    "url": "https://docs.astral.sh/ruff/rules/line-too-long"
  },
  {
    "cell": null,
    "code": "E501",
    "end_location": {
      "column": 102,
      "row": 57
    },
    "filename": "C:\\Users\\pc01\\source\\repos\\image-downloader\\src\\image_downloader\\storage\\workflow.py",
    "fix": null,
    "location": {
      "column": 80,
      "row": 57
    },
    "message": "Line too long (101 > 79)",
    "name": "line-too-long",
    "noqa_row": 57,
    "severity": "error",
    "url": "https://docs.astral.sh/ruff/rules/line-too-long"
  },
  {
    "cell": null,
    "code": "E501",
    "end_location": {
      "column": 120,
      "row": 62
    },
    "filename": "C:\\Users\\pc01\\source\\repos\\image-downloader\\src\\image_downloader\\storage\\workflow.py",
    "fix": null,
    "location": {
      "column": 80,
      "row": 62
    },
    "message": "Line too long (119 > 79)",
    "name": "line-too-long",
    "noqa_row": 62,
    "severity": "error",
    "url": "https://docs.astral.sh/ruff/rules/line-too-long"
  },
  {
    "cell": null,
    "code": "E501",
    "end_location": {
      "column": 117,
      "row": 86
    },
    "filename": "C:\\Users\\pc01\\source\\repos\\image-downloader\\src\\image_downloader\\storage\\workflow.py",
    "fix": null,
    "location": {
      "column": 80,
      "row": 86
    },
    "message": "Line too long (116 > 79)",
    "name": "line-too-long",
    "noqa_row": 86,
    "severity": "error",
    "url": "https://docs.astral.sh/ruff/rules/line-too-long"
  },
  {
    "cell": null,
    "code": "E501",
    "end_location": {
      "column": 104,
      "row": 89
    },
    "filename": "C:\\Users\\pc01\\source\\repos\\image-downloader\\src\\image_downloader\\storage\\workflow.py",
    "fix": null,
    "location": {
      "column": 80,
      "row": 89
    },
    "message": "Line too long (103 > 79)",
    "name": "line-too-long",
    "noqa_row": 89,
    "severity": "error",
    "url": "https://docs.astral.sh/ruff/rules/line-too-long"
  },
  {
    "cell": null,
    "code": "E501",
    "end_location": {
      "column": 90,
      "row": 95
    },
    "filename": "C:\\Users\\pc01\\source\\repos\\image-downloader\\src\\image_downloader\\storage\\workflow.py",
    "fix": null,
    "location": {
      "column": 80,
      "row": 95
    },
    "message": "Line too long (89 > 79)",
    "name": "line-too-long",
    "noqa_row": 95,
    "severity": "error",
    "url": "https://docs.astral.sh/ruff/rules/line-too-long"
  },
  {
    "cell": null,
    "code": "E501",
    "end_location": {
      "column": 86,
      "row": 107
    },
    "filename": "C:\\Users\\pc01\\source\\repos\\image-downloader\\src\\image_downloader\\storage\\workflow.py",
    "fix": null,
    "location": {
      "column": 80,
      "row": 107
    },
    "message": "Line too long (85 > 79)",
    "name": "line-too-long",
    "noqa_row": 107,
    "severity": "error",
    "url": "https://docs.astral.sh/ruff/rules/line-too-long"
  },
  {
    "cell": null,
    "code": "E501",
    "end_location": {
      "column": 100,
      "row": 108
    },
    "filename": "C:\\Users\\pc01\\source\\repos\\image-downloader\\src\\image_downloader\\storage\\workflow.py",
    "fix": null,
    "location": {
      "column": 80,
      "row": 108
    },
    "message": "Line too long (99 > 79)",
    "name": "line-too-long",
    "noqa_row": 108,
    "severity": "error",
    "url": "https://docs.astral.sh/ruff/rules/line-too-long"
  },
  {
    "cell": null,
    "code": "E501",
    "end_location": {
      "column": 82,
      "row": 127
    },
    "filename": "C:\\Users\\pc01\\source\\repos\\image-downloader\\src\\image_downloader\\storage\\workflow.py",
    "fix": null,
    "location": {
      "column": 80,
      "row": 127
    },
    "message": "Line too long (81 > 79)",
    "name": "line-too-long",
    "noqa_row": 127,
    "severity": "error",
    "url": "https://docs.astral.sh/ruff/rules/line-too-long"
  },
  {
    "cell": null,
    "code": "E501",
    "end_location": {
      "column": 101,
      "row": 130
    },
    "filename": "C:\\Users\\pc01\\source\\repos\\image-downloader\\src\\image_downloader\\storage\\workflow.py",
    "fix": null,
    "location": {
      "column": 80,
      "row": 130
    },
    "message": "Line too long (100 > 79)",
    "name": "line-too-long",
    "noqa_row": 130,
    "severity": "error",
    "url": "https://docs.astral.sh/ruff/rules/line-too-long"
  },
  {
    "cell": null,
    "code": "E501",
    "end_location": {
      "column": 116,
      "row": 137
    },
    "filename": "C:\\Users\\pc01\\source\\repos\\image-downloader\\src\\image_downloader\\storage\\workflow.py",
    "fix": null,
    "location": {
      "column": 80,
      "row": 137
    },
    "message": "Line too long (115 > 79)",
    "name": "line-too-long",
    "noqa_row": 137,
    "severity": "error",
    "url": "https://docs.astral.sh/ruff/rules/line-too-long"
  },
  {
    "cell": null,
    "code": "E501",
    "end_location": {
      "column": 82,
      "row": 142
    },
    "filename": "C:\\Users\\pc01\\source\\repos\\image-downloader\\src\\image_downloader\\storage\\workflow.py",
    "fix": null,
    "location": {
      "column": 80,
      "row": 142
    },
    "message": "Line too long (81 > 79)",
    "name": "line-too-long",
    "noqa_row": 142,
    "severity": "error",
    "url": "https://docs.astral.sh/ruff/rules/line-too-long"
  },
  {
    "cell": null,
    "code": "E501",
    "end_location": {
      "column": 87,
      "row": 150
    },
    "filename": "C:\\Users\\pc01\\source\\repos\\image-downloader\\src\\image_downloader\\storage\\workflow.py",
    "fix": null,
    "location": {
      "column": 80,
      "row": 150
    },
    "message": "Line too long (86 > 79)",
    "name": "line-too-long",
    "noqa_row": 150,
    "severity": "error",
    "url": "https://docs.astral.sh/ruff/rules/line-too-long"
  },
  {
    "cell": null,
    "code": "E501",
    "end_location": {
      "column": 102,
      "row": 152
    },
    "filename": "C:\\Users\\pc01\\source\\repos\\image-downloader\\src\\image_downloader\\storage\\workflow.py",
    "fix": null,
    "location": {
      "column": 80,
      "row": 152
    },
    "message": "Line too long (101 > 79)",
    "name": "line-too-long",
    "noqa_row": 152,
    "severity": "error",
    "url": "https://docs.astral.sh/ruff/rules/line-too-long"
  },
  {
    "cell": null,
    "code": "E501",
    "end_location": {
      "column": 84,
      "row": 153
    },
    "filename": "C:\\Users\\pc01\\source\\repos\\image-downloader\\src\\image_downloader\\storage\\workflow.py",
    "fix": null,
    "location": {
      "column": 80,
      "row": 153
    },
    "message": "Line too long (83 > 79)",
    "name": "line-too-long",
    "noqa_row": 153,
    "severity": "error",
    "url": "https://docs.astral.sh/ruff/rules/line-too-long"
  },
  {
    "cell": null,
    "code": "E501",
    "end_location": {
      "column": 112,
      "row": 156
    },
    "filename": "C:\\Users\\pc01\\source\\repos\\image-downloader\\src\\image_downloader\\storage\\workflow.py",
    "fix": null,
    "location": {
      "column": 80,
      "row": 156
    },
    "message": "Line too long (111 > 79)",
    "name": "line-too-long",
    "noqa_row": 156,
    "severity": "error",
    "url": "https://docs.astral.sh/ruff/rules/line-too-long"
  },
  {
    "cell": null,
    "code": "E501",
    "end_location": {
      "column": 86,
      "row": 162
    },
    "filename": "C:\\Users\\pc01\\source\\repos\\image-downloader\\src\\image_downloader\\storage\\workflow.py",
    "fix": null,
    "location": {
      "column": 80,
      "row": 162
    },
    "message": "Line too long (85 > 79)",
    "name": "line-too-long",
    "noqa_row": 162,
    "severity": "error",
    "url": "https://docs.astral.sh/ruff/rules/line-too-long"
  },
  {
    "cell": null,
    "code": "E501",
    "end_location": {
      "column": 115,
      "row": 171
    },
    "filename": "C:\\Users\\pc01\\source\\repos\\image-downloader\\src\\image_downloader\\storage\\workflow.py",
    "fix": null,
    "location": {
      "column": 80,
      "row": 171
    },
    "message": "Line too long (114 > 79)",
    "name": "line-too-long",
    "noqa_row": 171,
    "severity": "error",
    "url": "https://docs.astral.sh/ruff/rules/line-too-long"
  },
  {
    "cell": null,
    "code": "E501",
    "end_location": {
      "column": 113,
      "row": 177
    },
    "filename": "C:\\Users\\pc01\\source\\repos\\image-downloader\\src\\image_downloader\\storage\\workflow.py",
    "fix": null,
    "location": {
      "column": 80,
      "row": 177
    },
    "message": "Line too long (112 > 79)",
    "name": "line-too-long",
    "noqa_row": 177,
    "severity": "error",
    "url": "https://docs.astral.sh/ruff/rules/line-too-long"
  },
  {
    "cell": null,
    "code": "E501",
    "end_location": {
      "column": 94,
      "row": 63
    },
    "filename": "C:\\Users\\pc01\\source\\repos\\image-downloader\\src\\image_downloader\\storage\\workflow_history.py",
    "fix": null,
    "location": {
      "column": 80,
      "row": 63
    },
    "message": "Line too long (93 > 79)",
    "name": "line-too-long",
    "noqa_row": 63,
    "severity": "error",
    "url": "https://docs.astral.sh/ruff/rules/line-too-long"
  },
  {
    "cell": null,
    "code": "E501",
    "end_location": {
      "column": 111,
      "row": 65
    },
    "filename": "C:\\Users\\pc01\\source\\repos\\image-downloader\\src\\image_downloader\\storage\\workflow_history.py",
    "fix": null,
    "location": {
      "column": 80,
      "row": 65
    },
    "message": "Line too long (110 > 79)",
    "name": "line-too-long",
    "noqa_row": 65,
    "severity": "error",
    "url": "https://docs.astral.sh/ruff/rules/line-too-long"
  },
  {
    "cell": null,
    "code": "E501",
    "end_location": {
      "column": 100,
      "row": 68
    },
    "filename": "C:\\Users\\pc01\\source\\repos\\image-downloader\\src\\image_downloader\\storage\\workflow_history.py",
    "fix": null,
    "location": {
      "column": 80,
      "row": 68
    },
    "message": "Line too long (99 > 79)",
    "name": "line-too-long",
    "noqa_row": 68,
    "severity": "error",
    "url": "https://docs.astral.sh/ruff/rules/line-too-long"
  },
  {
    "cell": null,
    "code": "E501",
    "end_location": {
      "column": 97,
      "row": 72
    },
    "filename": "C:\\Users\\pc01\\source\\repos\\image-downloader\\src\\image_downloader\\storage\\workflow_history.py",
    "fix": null,
    "location": {
      "column": 80,
      "row": 72
    },
    "message": "Line too long (96 > 79)",
    "name": "line-too-long",
    "noqa_row": 72,
    "severity": "error",
    "url": "https://docs.astral.sh/ruff/rules/line-too-long"
  },
  {
    "cell": null,
    "code": "E501",
    "end_location": {
      "column": 118,
      "row": 103
    },
    "filename": "C:\\Users\\pc01\\source\\repos\\image-downloader\\src\\image_downloader\\storage\\workflow_history.py",
    "fix": null,
    "location": {
      "column": 80,
      "row": 103
    },
    "message": "Line too long (117 > 79)",
    "name": "line-too-long",
    "noqa_row": 103,
    "severity": "error",
    "url": "https://docs.astral.sh/ruff/rules/line-too-long"
  },
  {
    "cell": null,
    "code": "E501",
    "end_location": {
      "column": 111,
      "row": 112
    },
    "filename": "C:\\Users\\pc01\\source\\repos\\image-downloader\\src\\image_downloader\\storage\\workflow_history.py",
    "fix": null,
    "location": {
      "column": 80,
      "row": 112
    },
    "message": "Line too long (110 > 79)",
    "name": "line-too-long",
    "noqa_row": 112,
    "severity": "error",
    "url": "https://docs.astral.sh/ruff/rules/line-too-long"
  },
  {
    "cell": null,
    "code": "E501",
    "end_location": {
      "column": 115,
      "row": 119
    },
    "filename": "C:\\Users\\pc01\\source\\repos\\image-downloader\\src\\image_downloader\\storage\\workflow_history.py",
    "fix": null,
    "location": {
      "column": 80,
      "row": 119
    },
    "message": "Line too long (114 > 79)",
    "name": "line-too-long",
    "noqa_row": 119,
    "severity": "error",
    "url": "https://docs.astral.sh/ruff/rules/line-too-long"
  },
  {
    "cell": null,
    "code": "E501",
    "end_location": {
      "column": 88,
      "row": 120
    },
    "filename": "C:\\Users\\pc01\\source\\repos\\image-downloader\\src\\image_downloader\\storage\\workflow_history.py",
    "fix": null,
    "location": {
      "column": 80,
      "row": 120
    },
    "message": "Line too long (87 > 79)",
    "name": "line-too-long",
    "noqa_row": 120,
    "severity": "error",
    "url": "https://docs.astral.sh/ruff/rules/line-too-long"
  },
  {
    "cell": null,
    "code": "E501",
    "end_location": {
      "column": 89,
      "row": 122
    },
    "filename": "C:\\Users\\pc01\\source\\repos\\image-downloader\\src\\image_downloader\\storage\\workflow_history.py",
    "fix": null,
    "location": {
      "column": 80,
      "row": 122
    },
    "message": "Line too long (88 > 79)",
    "name": "line-too-long",
    "noqa_row": 122,
    "severity": "error",
    "url": "https://docs.astral.sh/ruff/rules/line-too-long"
  },
  {
    "cell": null,
    "code": "E501",
    "end_location": {
      "column": 91,
      "row": 130
    },
    "filename": "C:\\Users\\pc01\\source\\repos\\image-downloader\\src\\image_downloader\\storage\\workflow_history.py",
    "fix": null,
    "location": {
      "column": 80,
      "row": 130
    },
    "message": "Line too long (90 > 79)",
    "name": "line-too-long",
    "noqa_row": 130,
    "severity": "error",
    "url": "https://docs.astral.sh/ruff/rules/line-too-long"
  },
  {
    "cell": null,
    "code": "E501",
    "end_location": {
      "column": 81,
      "row": 132
    },
    "filename": "C:\\Users\\pc01\\source\\repos\\image-downloader\\src\\image_downloader\\storage\\workflow_history.py",
    "fix": null,
    "location": {
      "column": 80,
      "row": 132
    },
    "message": "Line too long (80 > 79)",
    "name": "line-too-long",
    "noqa_row": 132,
    "severity": "error",
    "url": "https://docs.astral.sh/ruff/rules/line-too-long"
  },
  {
    "cell": null,
    "code": "E501",
    "end_location": {
      "column": 104,
      "row": 133
    },
    "filename": "C:\\Users\\pc01\\source\\repos\\image-downloader\\src\\image_downloader\\storage\\workflow_history.py",
    "fix": null,
    "location": {
      "column": 80,
      "row": 133
    },
    "message": "Line too long (103 > 79)",
    "name": "line-too-long",
    "noqa_row": 133,
    "severity": "error",
    "url": "https://docs.astral.sh/ruff/rules/line-too-long"
  },
  {
    "cell": null,
    "code": "E501",
    "end_location": {
      "column": 108,
      "row": 142
    },
    "filename": "C:\\Users\\pc01\\source\\repos\\image-downloader\\src\\image_downloader\\storage\\workflow_history.py",
    "fix": null,
    "location": {
      "column": 80,
      "row": 142
    },
    "message": "Line too long (107 > 79)",
    "name": "line-too-long",
    "noqa_row": 142,
    "severity": "error",
    "url": "https://docs.astral.sh/ruff/rules/line-too-long"
  },
  {
    "cell": null,
    "code": "E501",
    "end_location": {
      "column": 106,
      "row": 147
    },
    "filename": "C:\\Users\\pc01\\source\\repos\\image-downloader\\src\\image_downloader\\storage\\workflow_history.py",
    "fix": null,
    "location": {
      "column": 80,
      "row": 147
    },
    "message": "Line too long (105 > 79)",
    "name": "line-too-long",
    "noqa_row": 147,
    "severity": "error",
    "url": "https://docs.astral.sh/ruff/rules/line-too-long"
  },
  {
    "cell": null,
    "code": "E501",
    "end_location": {
      "column": 92,
      "row": 149
    },
    "filename": "C:\\Users\\pc01\\source\\repos\\image-downloader\\src\\image_downloader\\storage\\workflow_history.py",
    "fix": null,
    "location": {
      "column": 80,
      "row": 149
    },
    "message": "Line too long (91 > 79)",
    "name": "line-too-long",
    "noqa_row": 149,
    "severity": "error",
    "url": "https://docs.astral.sh/ruff/rules/line-too-long"
  },
  {
    "cell": null,
    "code": "E501",
    "end_location": {
      "column": 81,
      "row": 151
    },
    "filename": "C:\\Users\\pc01\\source\\repos\\image-downloader\\src\\image_downloader\\storage\\workflow_history.py",
    "fix": null,
    "location": {
      "column": 80,
      "row": 151
    },
    "message": "Line too long (80 > 79)",
    "name": "line-too-long",
    "noqa_row": 151,
    "severity": "error",
    "url": "https://docs.astral.sh/ruff/rules/line-too-long"
  },
  {
    "cell": null,
    "code": "E501",
    "end_location": {
      "column": 84,
      "row": 154
    },
    "filename": "C:\\Users\\pc01\\source\\repos\\image-downloader\\src\\image_downloader\\storage\\workflow_history.py",
    "fix": null,
    "location": {
      "column": 80,
      "row": 154
    },
    "message": "Line too long (83 > 79)",
    "name": "line-too-long",
    "noqa_row": 154,
    "severity": "error",
    "url": "https://docs.astral.sh/ruff/rules/line-too-long"
  },
  {
    "cell": null,
    "code": "E501",
    "end_location": {
      "column": 87,
      "row": 162
    },
    "filename": "C:\\Users\\pc01\\source\\repos\\image-downloader\\src\\image_downloader\\storage\\workflow_history.py",
    "fix": null,
    "location": {
      "column": 80,
      "row": 162
    },
    "message": "Line too long (86 > 79)",
    "name": "line-too-long",
    "noqa_row": 162,
    "severity": "error",
    "url": "https://docs.astral.sh/ruff/rules/line-too-long"
  },
  {
    "cell": null,
    "code": "E501",
    "end_location": {
      "column": 87,
      "row": 166
    },
    "filename": "C:\\Users\\pc01\\source\\repos\\image-downloader\\src\\image_downloader\\storage\\workflow_history.py",
    "fix": null,
    "location": {
      "column": 80,
      "row": 166
    },
    "message": "Line too long (86 > 79)",
    "name": "line-too-long",
    "noqa_row": 166,
    "severity": "error",
    "url": "https://docs.astral.sh/ruff/rules/line-too-long"
  },
  {
    "cell": null,
    "code": "E501",
    "end_location": {
      "column": 90,
      "row": 172
    },
    "filename": "C:\\Users\\pc01\\source\\repos\\image-downloader\\src\\image_downloader\\storage\\workflow_history.py",
    "fix": null,
    "location": {
      "column": 80,
      "row": 172
    },
    "message": "Line too long (89 > 79)",
    "name": "line-too-long",
    "noqa_row": 172,
    "severity": "error",
    "url": "https://docs.astral.sh/ruff/rules/line-too-long"
  },
  {
    "cell": null,
    "code": "E501",
    "end_location": {
      "column": 87,
      "row": 176
    },
    "filename": "C:\\Users\\pc01\\source\\repos\\image-downloader\\src\\image_downloader\\storage\\workflow_history.py",
    "fix": null,
    "location": {
      "column": 80,
      "row": 176
    },
    "message": "Line too long (86 > 79)",
    "name": "line-too-long",
    "noqa_row": 176,
    "severity": "error",
    "url": "https://docs.astral.sh/ruff/rules/line-too-long"
  },
  {
    "cell": null,
    "code": "E501",
    "end_location": {
      "column": 121,
      "row": 182
    },
    "filename": "C:\\Users\\pc01\\source\\repos\\image-downloader\\src\\image_downloader\\storage\\workflow_history.py",
    "fix": null,
    "location": {
      "column": 80,
      "row": 182
    },
    "message": "Line too long (120 > 79)",
    "name": "line-too-long",
    "noqa_row": 182,
    "severity": "error",
    "url": "https://docs.astral.sh/ruff/rules/line-too-long"
  },
  {
    "cell": null,
    "code": "E501",
    "end_location": {
      "column": 83,
      "row": 185
    },
    "filename": "C:\\Users\\pc01\\source\\repos\\image-downloader\\src\\image_downloader\\storage\\workflow_history.py",
    "fix": null,
    "location": {
      "column": 80,
      "row": 185
    },
    "message": "Line too long (82 > 79)",
    "name": "line-too-long",
    "noqa_row": 185,
    "severity": "error",
    "url": "https://docs.astral.sh/ruff/rules/line-too-long"
  },
  {
    "cell": null,
    "code": "E501",
    "end_location": {
      "column": 99,
      "row": 189
    },
    "filename": "C:\\Users\\pc01\\source\\repos\\image-downloader\\src\\image_downloader\\storage\\workflow_history.py",
    "fix": null,
    "location": {
      "column": 80,
      "row": 189
    },
    "message": "Line too long (98 > 79)",
    "name": "line-too-long",
    "noqa_row": 189,
    "severity": "error",
    "url": "https://docs.astral.sh/ruff/rules/line-too-long"
  },
  {
    "cell": null,
    "code": "E501",
    "end_location": {
      "column": 117,
      "row": 198
    },
    "filename": "C:\\Users\\pc01\\source\\repos\\image-downloader\\src\\image_downloader\\storage\\workflow_history.py",
    "fix": null,
    "location": {
      "column": 80,
      "row": 198
    },
    "message": "Line too long (116 > 79)",
    "name": "line-too-long",
    "noqa_row": 198,
    "severity": "error",
    "url": "https://docs.astral.sh/ruff/rules/line-too-long"
  },
  {
    "cell": null,
    "code": "E501",
    "end_location": {
      "column": 84,
      "row": 1
    },
    "filename": "C:\\Users\\pc01\\source\\repos\\image-downloader\\src\\image_downloader\\storage\\workflow_history_schema.py",
    "fix": null,
    "location": {
      "column": 80,
      "row": 1
    },
    "message": "Line too long (83 > 79)",
    "name": "line-too-long",
    "noqa_row": 1,
    "severity": "error",
    "url": "https://docs.astral.sh/ruff/rules/line-too-long"
  },
  {
    "cell": null,
    "code": "E501",
    "end_location": {
      "column": 108,
      "row": 50
    },
    "filename": "C:\\Users\\pc01\\source\\repos\\image-downloader\\src\\image_downloader\\storage\\workflow_history_schema.py",
    "fix": null,
    "location": {
      "column": 80,
      "row": 50
    },
    "message": "Line too long (107 > 79)",
    "name": "line-too-long",
    "noqa_row": 50,
    "severity": "error",
    "url": "https://docs.astral.sh/ruff/rules/line-too-long"
  },
  {
    "cell": null,
    "code": "E501",
    "end_location": {
      "column": 88,
      "row": 51
    },
    "filename": "C:\\Users\\pc01\\source\\repos\\image-downloader\\src\\image_downloader\\storage\\workflow_history_schema.py",
    "fix": null,
    "location": {
      "column": 80,
      "row": 51
    },
    "message": "Line too long (87 > 79)",
    "name": "line-too-long",
    "noqa_row": 51,
    "severity": "error",
    "url": "https://docs.astral.sh/ruff/rules/line-too-long"
  },
  {
    "cell": null,
    "code": "E501",
    "end_location": {
      "column": 120,
      "row": 39
    },
    "filename": "C:\\Users\\pc01\\source\\repos\\image-downloader\\src\\image_downloader\\storage\\workflow_logging.py",
    "fix": null,
    "location": {
      "column": 80,
      "row": 39
    },
    "message": "Line too long (119 > 79)",
    "name": "line-too-long",
    "noqa_row": 39,
    "severity": "error",
    "url": "https://docs.astral.sh/ruff/rules/line-too-long"
  },
  {
    "cell": null,
    "code": "E501",
    "end_location": {
      "column": 98,
      "row": 54
    },
    "filename": "C:\\Users\\pc01\\source\\repos\\image-downloader\\src\\image_downloader\\storage\\workflow_logging.py",
    "fix": null,
    "location": {
      "column": 80,
      "row": 54
    },
    "message": "Line too long (97 > 79)",
    "name": "line-too-long",
    "noqa_row": 54,
    "severity": "error",
    "url": "https://docs.astral.sh/ruff/rules/line-too-long"
  },
  {
    "cell": null,
    "code": "E501",
    "end_location": {
      "column": 82,
      "row": 55
    },
    "filename": "C:\\Users\\pc01\\source\\repos\\image-downloader\\src\\image_downloader\\storage\\workflow_logging.py",
    "fix": null,
    "location": {
      "column": 80,
      "row": 55
    },
    "message": "Line too long (81 > 79)",
    "name": "line-too-long",
    "noqa_row": 55,
    "severity": "error",
    "url": "https://docs.astral.sh/ruff/rules/line-too-long"
  },
  {
    "cell": null,
    "code": "E501",
    "end_location": {
      "column": 89,
      "row": 64
    },
    "filename": "C:\\Users\\pc01\\source\\repos\\image-downloader\\src\\image_downloader\\storage\\workflow_logging.py",
    "fix": null,
    "location": {
      "column": 80,
      "row": 64
    },
    "message": "Line too long (88 > 79)",
    "name": "line-too-long",
    "noqa_row": 64,
    "severity": "error",
    "url": "https://docs.astral.sh/ruff/rules/line-too-long"
  },
  {
    "cell": null,
    "code": "E501",
    "end_location": {
      "column": 94,
      "row": 69
    },
    "filename": "C:\\Users\\pc01\\source\\repos\\image-downloader\\src\\image_downloader\\storage\\workflow_logging.py",
    "fix": null,
    "location": {
      "column": 80,
      "row": 69
    },
    "message": "Line too long (93 > 79)",
    "name": "line-too-long",
    "noqa_row": 69,
    "severity": "error",
    "url": "https://docs.astral.sh/ruff/rules/line-too-long"
  },
  {
    "cell": null,
    "code": "E501",
    "end_location": {
      "column": 91,
      "row": 71
    },
    "filename": "C:\\Users\\pc01\\source\\repos\\image-downloader\\src\\image_downloader\\storage\\workflow_logging.py",
    "fix": null,
    "location": {
      "column": 80,
      "row": 71
    },
    "message": "Line too long (90 > 79)",
    "name": "line-too-long",
    "noqa_row": 71,
    "severity": "error",
    "url": "https://docs.astral.sh/ruff/rules/line-too-long"
  },
  {
    "cell": null,
    "code": "E501",
    "end_location": {
      "column": 115,
      "row": 81
    },
    "filename": "C:\\Users\\pc01\\source\\repos\\image-downloader\\src\\image_downloader\\storage\\workflow_logging.py",
    "fix": null,
    "location": {
      "column": 80,
      "row": 81
    },
    "message": "Line too long (114 > 79)",
    "name": "line-too-long",
    "noqa_row": 81,
    "severity": "error",
    "url": "https://docs.astral.sh/ruff/rules/line-too-long"
  },
  {
    "cell": null,
    "code": "E501",
    "end_location": {
      "column": 121,
      "row": 86
    },
    "filename": "C:\\Users\\pc01\\source\\repos\\image-downloader\\src\\image_downloader\\storage\\workflow_logging.py",
    "fix": null,
    "location": {
      "column": 80,
      "row": 86
    },
    "message": "Line too long (120 > 79)",
    "name": "line-too-long",
    "noqa_row": 86,
    "severity": "error",
    "url": "https://docs.astral.sh/ruff/rules/line-too-long"
  },
  {
    "cell": null,
    "code": "E501",
    "end_location": {
      "column": 91,
      "row": 93
    },
    "filename": "C:\\Users\\pc01\\source\\repos\\image-downloader\\src\\image_downloader\\storage\\workflow_logging.py",
    "fix": null,
    "location": {
      "column": 80,
      "row": 93
    },
    "message": "Line too long (90 > 79)",
    "name": "line-too-long",
    "noqa_row": 93,
    "severity": "error",
    "url": "https://docs.astral.sh/ruff/rules/line-too-long"
  },
  {
    "cell": null,
    "code": "E501",
    "end_location": {
      "column": 115,
      "row": 95
    },
    "filename": "C:\\Users\\pc01\\source\\repos\\image-downloader\\src\\image_downloader\\storage\\workflow_logging.py",
    "fix": null,
    "location": {
      "column": 80,
      "row": 95
    },
    "message": "Line too long (114 > 79)",
    "name": "line-too-long",
    "noqa_row": 95,
    "severity": "error",
    "url": "https://docs.astral.sh/ruff/rules/line-too-long"
  },
  {
    "cell": null,
    "code": "E501",
    "end_location": {
      "column": 86,
      "row": 97
    },
    "filename": "C:\\Users\\pc01\\source\\repos\\image-downloader\\src\\image_downloader\\storage\\workflow_logging.py",
    "fix": null,
    "location": {
      "column": 80,
      "row": 97
    },
    "message": "Line too long (85 > 79)",
    "name": "line-too-long",
    "noqa_row": 97,
    "severity": "error",
    "url": "https://docs.astral.sh/ruff/rules/line-too-long"
  },
  {
    "cell": null,
    "code": "E501",
    "end_location": {
      "column": 98,
      "row": 124
    },
    "filename": "C:\\Users\\pc01\\source\\repos\\image-downloader\\src\\image_downloader\\storage\\workflow_logging.py",
    "fix": null,
    "location": {
      "column": 80,
      "row": 124
    },
    "message": "Line too long (97 > 79)",
    "name": "line-too-long",
    "noqa_row": 124,
    "severity": "error",
    "url": "https://docs.astral.sh/ruff/rules/line-too-long"
  },
  {
    "cell": null,
    "code": "E501",
    "end_location": {
      "column": 81,
      "row": 125
    },
    "filename": "C:\\Users\\pc01\\source\\repos\\image-downloader\\src\\image_downloader\\storage\\workflow_logging.py",
    "fix": null,
    "location": {
      "column": 80,
      "row": 125
    },
    "message": "Line too long (80 > 79)",
    "name": "line-too-long",
    "noqa_row": 125,
    "severity": "error",
    "url": "https://docs.astral.sh/ruff/rules/line-too-long"
  },
  {
    "cell": null,
    "code": "E501",
    "end_location": {
      "column": 85,
      "row": 126
    },
    "filename": "C:\\Users\\pc01\\source\\repos\\image-downloader\\src\\image_downloader\\storage\\workflow_logging.py",
    "fix": null,
    "location": {
      "column": 80,
      "row": 126
    },
    "message": "Line too long (84 > 79)",
    "name": "line-too-long",
    "noqa_row": 126,
    "severity": "error",
    "url": "https://docs.astral.sh/ruff/rules/line-too-long"
  },
  {
    "cell": null,
    "code": "E501",
    "end_location": {
      "column": 82,
      "row": 134
    },
    "filename": "C:\\Users\\pc01\\source\\repos\\image-downloader\\src\\image_downloader\\storage\\workflow_logging.py",
    "fix": null,
    "location": {
      "column": 80,
      "row": 134
    },
    "message": "Line too long (81 > 79)",
    "name": "line-too-long",
    "noqa_row": 134,
    "severity": "error",
    "url": "https://docs.astral.sh/ruff/rules/line-too-long"
  },
  {
    "cell": null,
    "code": "E501",
    "end_location": {
      "column": 101,
      "row": 157
    },
    "filename": "C:\\Users\\pc01\\source\\repos\\image-downloader\\src\\image_downloader\\storage\\workflow_logging.py",
    "fix": null,
    "location": {
      "column": 80,
      "row": 157
    },
    "message": "Line too long (100 > 79)",
    "name": "line-too-long",
    "noqa_row": 157,
    "severity": "error",
    "url": "https://docs.astral.sh/ruff/rules/line-too-long"
  },
  {
    "cell": null,
    "code": "E501",
    "end_location": {
      "column": 92,
      "row": 161
    },
    "filename": "C:\\Users\\pc01\\source\\repos\\image-downloader\\src\\image_downloader\\storage\\workflow_logging.py",
    "fix": null,
    "location": {
      "column": 80,
      "row": 161
    },
    "message": "Line too long (91 > 79)",
    "name": "line-too-long",
    "noqa_row": 161,
    "severity": "error",
    "url": "https://docs.astral.sh/ruff/rules/line-too-long"
  },
  {
    "cell": null,
    "code": "E501",
    "end_location": {
      "column": 113,
      "row": 164
    },
    "filename": "C:\\Users\\pc01\\source\\repos\\image-downloader\\src\\image_downloader\\storage\\workflow_logging.py",
    "fix": null,
    "location": {
      "column": 80,
      "row": 164
    },
    "message": "Line too long (112 > 79)",
    "name": "line-too-long",
    "noqa_row": 164,
    "severity": "error",
    "url": "https://docs.astral.sh/ruff/rules/line-too-long"
  },
  {
    "cell": null,
    "code": "E501",
    "end_location": {
      "column": 85,
      "row": 181
    },
    "filename": "C:\\Users\\pc01\\source\\repos\\image-downloader\\src\\image_downloader\\storage\\workflow_logging.py",
    "fix": null,
    "location": {
      "column": 80,
      "row": 181
    },
    "message": "Line too long (84 > 79)",
    "name": "line-too-long",
    "noqa_row": 181,
    "severity": "error",
    "url": "https://docs.astral.sh/ruff/rules/line-too-long"
  },
  {
    "cell": null,
    "code": "E501",
    "end_location": {
      "column": 82,
      "row": 78
    },
    "filename": "C:\\Users\\pc01\\source\\repos\\image-downloader\\src\\image_downloader\\transport\\gateway.py",
    "fix": null,
    "location": {
      "column": 80,
      "row": 78
    },
    "message": "Line too long (81 > 79)",
    "name": "line-too-long",
    "noqa_row": 78,
    "severity": "error",
    "url": "https://docs.astral.sh/ruff/rules/line-too-long"
  },
  {
    "cell": null,
    "code": "E501",
    "end_location": {
      "column": 83,
      "row": 108
    },
    "filename": "C:\\Users\\pc01\\source\\repos\\image-downloader\\src\\image_downloader\\transport\\gateway.py",
    "fix": null,
    "location": {
      "column": 80,
      "row": 108
    },
    "message": "Line too long (82 > 79)",
    "name": "line-too-long",
    "noqa_row": 108,
    "severity": "error",
    "url": "https://docs.astral.sh/ruff/rules/line-too-long"
  },
  {
    "cell": null,
    "code": "E501",
    "end_location": {
      "column": 94,
      "row": 113
    },
    "filename": "C:\\Users\\pc01\\source\\repos\\image-downloader\\src\\image_downloader\\transport\\gateway.py",
    "fix": null,
    "location": {
      "column": 80,
      "row": 113
    },
    "message": "Line too long (93 > 79)",
    "name": "line-too-long",
    "noqa_row": 113,
    "severity": "error",
    "url": "https://docs.astral.sh/ruff/rules/line-too-long"
  },
  {
    "cell": null,
    "code": "E501",
    "end_location": {
      "column": 87,
      "row": 119
    },
    "filename": "C:\\Users\\pc01\\source\\repos\\image-downloader\\src\\image_downloader\\transport\\gateway.py",
    "fix": null,
    "location": {
      "column": 80,
      "row": 119
    },
    "message": "Line too long (86 > 79)",
    "name": "line-too-long",
    "noqa_row": 119,
    "severity": "error",
    "url": "https://docs.astral.sh/ruff/rules/line-too-long"
  },
  {
    "cell": null,
    "code": "E501",
    "end_location": {
      "column": 85,
      "row": 133
    },
    "filename": "C:\\Users\\pc01\\source\\repos\\image-downloader\\src\\image_downloader\\transport\\gateway.py",
    "fix": null,
    "location": {
      "column": 80,
      "row": 133
    },
    "message": "Line too long (84 > 79)",
    "name": "line-too-long",
    "noqa_row": 133,
    "severity": "error",
    "url": "https://docs.astral.sh/ruff/rules/line-too-long"
  },
  {
    "cell": null,
    "code": "E501",
    "end_location": {
      "column": 88,
      "row": 181
    },
    "filename": "C:\\Users\\pc01\\source\\repos\\image-downloader\\src\\image_downloader\\transport\\gateway.py",
    "fix": null,
    "location": {
      "column": 80,
      "row": 181
    },
    "message": "Line too long (87 > 79)",
    "name": "line-too-long",
    "noqa_row": 181,
    "severity": "error",
    "url": "https://docs.astral.sh/ruff/rules/line-too-long"
  },
  {
    "cell": null,
    "code": "E501",
    "end_location": {
      "column": 82,
      "row": 182
    },
    "filename": "C:\\Users\\pc01\\source\\repos\\image-downloader\\src\\image_downloader\\transport\\gateway.py",
    "fix": null,
    "location": {
      "column": 80,
      "row": 182
    },
    "message": "Line too long (81 > 79)",
    "name": "line-too-long",
    "noqa_row": 182,
    "severity": "error",
    "url": "https://docs.astral.sh/ruff/rules/line-too-long"
  },
  {
    "cell": null,
    "code": "E501",
    "end_location": {
      "column": 84,
      "row": 183
    },
    "filename": "C:\\Users\\pc01\\source\\repos\\image-downloader\\src\\image_downloader\\transport\\gateway.py",
    "fix": null,
    "location": {
      "column": 80,
      "row": 183
    },
    "message": "Line too long (83 > 79)",
    "name": "line-too-long",
    "noqa_row": 183,
    "severity": "error",
    "url": "https://docs.astral.sh/ruff/rules/line-too-long"
  },
  {
    "cell": null,
    "code": "E501",
    "end_location": {
      "column": 82,
      "row": 184
    },
    "filename": "C:\\Users\\pc01\\source\\repos\\image-downloader\\src\\image_downloader\\transport\\gateway.py",
    "fix": null,
    "location": {
      "column": 80,
      "row": 184
    },
    "message": "Line too long (81 > 79)",
    "name": "line-too-long",
    "noqa_row": 184,
    "severity": "error",
    "url": "https://docs.astral.sh/ruff/rules/line-too-long"
  },
  {
    "cell": null,
    "code": "E501",
    "end_location": {
      "column": 84,
      "row": 193
    },
    "filename": "C:\\Users\\pc01\\source\\repos\\image-downloader\\src\\image_downloader\\transport\\gateway.py",
    "fix": null,
    "location": {
      "column": 80,
      "row": 193
    },
    "message": "Line too long (83 > 79)",
    "name": "line-too-long",
    "noqa_row": 193,
    "severity": "error",
    "url": "https://docs.astral.sh/ruff/rules/line-too-long"
  },
  {
    "cell": null,
    "code": "E501",
    "end_location": {
      "column": 105,
      "row": 201
    },
    "filename": "C:\\Users\\pc01\\source\\repos\\image-downloader\\src\\image_downloader\\transport\\gateway.py",
    "fix": null,
    "location": {
      "column": 80,
      "row": 201
    },
    "message": "Line too long (104 > 79)",
    "name": "line-too-long",
    "noqa_row": 201,
    "severity": "error",
    "url": "https://docs.astral.sh/ruff/rules/line-too-long"
  },
  {
    "cell": null,
    "code": "E501",
    "end_location": {
      "column": 117,
      "row": 204
    },
    "filename": "C:\\Users\\pc01\\source\\repos\\image-downloader\\src\\image_downloader\\transport\\gateway.py",
    "fix": null,
    "location": {
      "column": 80,
      "row": 204
    },
    "message": "Line too long (116 > 79)",
    "name": "line-too-long",
    "noqa_row": 204,
    "severity": "error",
    "url": "https://docs.astral.sh/ruff/rules/line-too-long"
  },
  {
    "cell": null,
    "code": "E501",
    "end_location": {
      "column": 93,
      "row": 215
    },
    "filename": "C:\\Users\\pc01\\source\\repos\\image-downloader\\src\\image_downloader\\transport\\gateway.py",
    "fix": null,
    "location": {
      "column": 80,
      "row": 215
    },
    "message": "Line too long (92 > 79)",
    "name": "line-too-long",
    "noqa_row": 215,
    "severity": "error",
    "url": "https://docs.astral.sh/ruff/rules/line-too-long"
  },
  {
    "cell": null,
    "code": "E501",
    "end_location": {
      "column": 85,
      "row": 226
    },
    "filename": "C:\\Users\\pc01\\source\\repos\\image-downloader\\src\\image_downloader\\transport\\gateway.py",
    "fix": null,
    "location": {
      "column": 80,
      "row": 226
    },
    "message": "Line too long (84 > 79)",
    "name": "line-too-long",
    "noqa_row": 226,
    "severity": "error",
    "url": "https://docs.astral.sh/ruff/rules/line-too-long"
  },
  {
    "cell": null,
    "code": "E501",
    "end_location": {
      "column": 90,
      "row": 231
    },
    "filename": "C:\\Users\\pc01\\source\\repos\\image-downloader\\src\\image_downloader\\transport\\gateway.py",
    "fix": null,
    "location": {
      "column": 80,
      "row": 231
    },
    "message": "Line too long (89 > 79)",
    "name": "line-too-long",
    "noqa_row": 231,
    "severity": "error",
    "url": "https://docs.astral.sh/ruff/rules/line-too-long"
  },
  {
    "cell": null,
    "code": "E501",
    "end_location": {
      "column": 86,
      "row": 241
    },
    "filename": "C:\\Users\\pc01\\source\\repos\\image-downloader\\src\\image_downloader\\transport\\gateway.py",
    "fix": null,
    "location": {
      "column": 80,
      "row": 241
    },
    "message": "Line too long (85 > 79)",
    "name": "line-too-long",
    "noqa_row": 241,
    "severity": "error",
    "url": "https://docs.astral.sh/ruff/rules/line-too-long"
  },
  {
    "cell": null,
    "code": "E501",
    "end_location": {
      "column": 108,
      "row": 242
    },
    "filename": "C:\\Users\\pc01\\source\\repos\\image-downloader\\src\\image_downloader\\transport\\gateway.py",
    "fix": null,
    "location": {
      "column": 80,
      "row": 242
    },
    "message": "Line too long (107 > 79)",
    "name": "line-too-long",
    "noqa_row": 242,
    "severity": "error",
    "url": "https://docs.astral.sh/ruff/rules/line-too-long"
  },
  {
    "cell": null,
    "code": "E501",
    "end_location": {
      "column": 118,
      "row": 251
    },
    "filename": "C:\\Users\\pc01\\source\\repos\\image-downloader\\src\\image_downloader\\transport\\gateway.py",
    "fix": null,
    "location": {
      "column": 80,
      "row": 251
    },
    "message": "Line too long (117 > 79)",
    "name": "line-too-long",
    "noqa_row": 251,
    "severity": "error",
    "url": "https://docs.astral.sh/ruff/rules/line-too-long"
  },
  {
    "cell": null,
    "code": "E501",
    "end_location": {
      "column": 105,
      "row": 253
    },
    "filename": "C:\\Users\\pc01\\source\\repos\\image-downloader\\src\\image_downloader\\transport\\gateway.py",
    "fix": null,
    "location": {
      "column": 80,
      "row": 253
    },
    "message": "Line too long (104 > 79)",
    "name": "line-too-long",
    "noqa_row": 253,
    "severity": "error",
    "url": "https://docs.astral.sh/ruff/rules/line-too-long"
  },
  {
    "cell": null,
    "code": "E501",
    "end_location": {
      "column": 87,
      "row": 264
    },
    "filename": "C:\\Users\\pc01\\source\\repos\\image-downloader\\src\\image_downloader\\transport\\gateway.py",
    "fix": null,
    "location": {
      "column": 80,
      "row": 264
    },
    "message": "Line too long (86 > 79)",
    "name": "line-too-long",
    "noqa_row": 264,
    "severity": "error",
    "url": "https://docs.astral.sh/ruff/rules/line-too-long"
  },
  {
    "cell": null,
    "code": "E501",
    "end_location": {
      "column": 105,
      "row": 288
    },
    "filename": "C:\\Users\\pc01\\source\\repos\\image-downloader\\src\\image_downloader\\transport\\gateway.py",
    "fix": null,
    "location": {
      "column": 80,
      "row": 288
    },
    "message": "Line too long (104 > 79)",
    "name": "line-too-long",
    "noqa_row": 288,
    "severity": "error",
    "url": "https://docs.astral.sh/ruff/rules/line-too-long"
  },
  {
    "cell": null,
    "code": "E501",
    "end_location": {
      "column": 83,
      "row": 289
    },
    "filename": "C:\\Users\\pc01\\source\\repos\\image-downloader\\src\\image_downloader\\transport\\gateway.py",
    "fix": null,
    "location": {
      "column": 80,
      "row": 289
    },
    "message": "Line too long (82 > 79)",
    "name": "line-too-long",
    "noqa_row": 289,
    "severity": "error",
    "url": "https://docs.astral.sh/ruff/rules/line-too-long"
  },
  {
    "cell": null,
    "code": "E501",
    "end_location": {
      "column": 86,
      "row": 290
    },
    "filename": "C:\\Users\\pc01\\source\\repos\\image-downloader\\src\\image_downloader\\transport\\gateway.py",
    "fix": null,
    "location": {
      "column": 80,
      "row": 290
    },
    "message": "Line too long (85 > 79)",
    "name": "line-too-long",
    "noqa_row": 290,
    "severity": "error",
    "url": "https://docs.astral.sh/ruff/rules/line-too-long"
  },
  {
    "cell": null,
    "code": "E501",
    "end_location": {
      "column": 103,
      "row": 307
    },
    "filename": "C:\\Users\\pc01\\source\\repos\\image-downloader\\src\\image_downloader\\transport\\gateway.py",
    "fix": null,
    "location": {
      "column": 80,
      "row": 307
    },
    "message": "Line too long (102 > 79)",
    "name": "line-too-long",
    "noqa_row": 307,
    "severity": "error",
    "url": "https://docs.astral.sh/ruff/rules/line-too-long"
  },
  {
    "cell": null,
    "code": "E501",
    "end_location": {
      "column": 112,
      "row": 317
    },
    "filename": "C:\\Users\\pc01\\source\\repos\\image-downloader\\src\\image_downloader\\transport\\gateway.py",
    "fix": null,
    "location": {
      "column": 80,
      "row": 317
    },
    "message": "Line too long (111 > 79)",
    "name": "line-too-long",
    "noqa_row": 317,
    "severity": "error",
    "url": "https://docs.astral.sh/ruff/rules/line-too-long"
  },
  {
    "cell": null,
    "code": "E501",
    "end_location": {
      "column": 89,
      "row": 331
    },
    "filename": "C:\\Users\\pc01\\source\\repos\\image-downloader\\src\\image_downloader\\transport\\gateway.py",
    "fix": null,
    "location": {
      "column": 80,
      "row": 331
    },
    "message": "Line too long (88 > 79)",
    "name": "line-too-long",
    "noqa_row": 331,
    "severity": "error",
    "url": "https://docs.astral.sh/ruff/rules/line-too-long"
  },
  {
    "cell": null,
    "code": "E501",
    "end_location": {
      "column": 82,
      "row": 337
    },
    "filename": "C:\\Users\\pc01\\source\\repos\\image-downloader\\src\\image_downloader\\transport\\gateway.py",
    "fix": null,
    "location": {
      "column": 80,
      "row": 337
    },
    "message": "Line too long (81 > 79)",
    "name": "line-too-long",
    "noqa_row": 337,
    "severity": "error",
    "url": "https://docs.astral.sh/ruff/rules/line-too-long"
  },
  {
    "cell": null,
    "code": "E501",
    "end_location": {
      "column": 92,
      "row": 350
    },
    "filename": "C:\\Users\\pc01\\source\\repos\\image-downloader\\src\\image_downloader\\transport\\gateway.py",
    "fix": null,
    "location": {
      "column": 80,
      "row": 350
    },
    "message": "Line too long (91 > 79)",
    "name": "line-too-long",
    "noqa_row": 350,
    "severity": "error",
    "url": "https://docs.astral.sh/ruff/rules/line-too-long"
  },
  {
    "cell": null,
    "code": "E501",
    "end_location": {
      "column": 81,
      "row": 355
    },
    "filename": "C:\\Users\\pc01\\source\\repos\\image-downloader\\src\\image_downloader\\transport\\gateway.py",
    "fix": null,
    "location": {
      "column": 80,
      "row": 355
    },
    "message": "Line too long (80 > 79)",
    "name": "line-too-long",
    "noqa_row": 355,
    "severity": "error",
    "url": "https://docs.astral.sh/ruff/rules/line-too-long"
  },
  {
    "cell": null,
    "code": "E501",
    "end_location": {
      "column": 84,
      "row": 358
    },
    "filename": "C:\\Users\\pc01\\source\\repos\\image-downloader\\src\\image_downloader\\transport\\gateway.py",
    "fix": null,
    "location": {
      "column": 80,
      "row": 358
    },
    "message": "Line too long (83 > 79)",
    "name": "line-too-long",
    "noqa_row": 358,
    "severity": "error",
    "url": "https://docs.astral.sh/ruff/rules/line-too-long"
  },
  {
    "cell": null,
    "code": "E501",
    "end_location": {
      "column": 103,
      "row": 364
    },
    "filename": "C:\\Users\\pc01\\source\\repos\\image-downloader\\src\\image_downloader\\transport\\gateway.py",
    "fix": null,
    "location": {
      "column": 80,
      "row": 364
    },
    "message": "Line too long (102 > 79)",
    "name": "line-too-long",
    "noqa_row": 364,
    "severity": "error",
    "url": "https://docs.astral.sh/ruff/rules/line-too-long"
  },
  {
    "cell": null,
    "code": "E501",
    "end_location": {
      "column": 85,
      "row": 382
    },
    "filename": "C:\\Users\\pc01\\source\\repos\\image-downloader\\src\\image_downloader\\transport\\gateway.py",
    "fix": null,
    "location": {
      "column": 80,
      "row": 382
    },
    "message": "Line too long (84 > 79)",
    "name": "line-too-long",
    "noqa_row": 382,
    "severity": "error",
    "url": "https://docs.astral.sh/ruff/rules/line-too-long"
  },
  {
    "cell": null,
    "code": "E501",
    "end_location": {
      "column": 93,
      "row": 383
    },
    "filename": "C:\\Users\\pc01\\source\\repos\\image-downloader\\src\\image_downloader\\transport\\gateway.py",
    "fix": null,
    "location": {
      "column": 80,
      "row": 383
    },
    "message": "Line too long (92 > 79)",
    "name": "line-too-long",
    "noqa_row": 383,
    "severity": "error",
    "url": "https://docs.astral.sh/ruff/rules/line-too-long"
  },
  {
    "cell": null,
    "code": "E501",
    "end_location": {
      "column": 102,
      "row": 385
    },
    "filename": "C:\\Users\\pc01\\source\\repos\\image-downloader\\src\\image_downloader\\transport\\gateway.py",
    "fix": null,
    "location": {
      "column": 80,
      "row": 385
    },
    "message": "Line too long (101 > 79)",
    "name": "line-too-long",
    "noqa_row": 385,
    "severity": "error",
    "url": "https://docs.astral.sh/ruff/rules/line-too-long"
  },
  {
    "cell": null,
    "code": "E501",
    "end_location": {
      "column": 93,
      "row": 387
    },
    "filename": "C:\\Users\\pc01\\source\\repos\\image-downloader\\src\\image_downloader\\transport\\gateway.py",
    "fix": null,
    "location": {
      "column": 80,
      "row": 387
    },
    "message": "Line too long (92 > 79)",
    "name": "line-too-long",
    "noqa_row": 387,
    "severity": "error",
    "url": "https://docs.astral.sh/ruff/rules/line-too-long"
  },
  {
    "cell": null,
    "code": "E501",
    "end_location": {
      "column": 98,
      "row": 388
    },
    "filename": "C:\\Users\\pc01\\source\\repos\\image-downloader\\src\\image_downloader\\transport\\gateway.py",
    "fix": null,
    "location": {
      "column": 80,
      "row": 388
    },
    "message": "Line too long (97 > 79)",
    "name": "line-too-long",
    "noqa_row": 388,
    "severity": "error",
    "url": "https://docs.astral.sh/ruff/rules/line-too-long"
  },
  {
    "cell": null,
    "code": "E501",
    "end_location": {
      "column": 90,
      "row": 389
    },
    "filename": "C:\\Users\\pc01\\source\\repos\\image-downloader\\src\\image_downloader\\transport\\gateway.py",
    "fix": null,
    "location": {
      "column": 80,
      "row": 389
    },
    "message": "Line too long (89 > 79)",
    "name": "line-too-long",
    "noqa_row": 389,
    "severity": "error",
    "url": "https://docs.astral.sh/ruff/rules/line-too-long"
  },
  {
    "cell": null,
    "code": "E501",
    "end_location": {
      "column": 89,
      "row": 390
    },
    "filename": "C:\\Users\\pc01\\source\\repos\\image-downloader\\src\\image_downloader\\transport\\gateway.py",
    "fix": null,
    "location": {
      "column": 80,
      "row": 390
    },
    "message": "Line too long (88 > 79)",
    "name": "line-too-long",
    "noqa_row": 390,
    "severity": "error",
    "url": "https://docs.astral.sh/ruff/rules/line-too-long"
  },
  {
    "cell": null,
    "code": "E501",
    "end_location": {
      "column": 81,
      "row": 396
    },
    "filename": "C:\\Users\\pc01\\source\\repos\\image-downloader\\src\\image_downloader\\transport\\gateway.py",
    "fix": null,
    "location": {
      "column": 80,
      "row": 396
    },
    "message": "Line too long (80 > 79)",
    "name": "line-too-long",
    "noqa_row": 396,
    "severity": "error",
    "url": "https://docs.astral.sh/ruff/rules/line-too-long"
  },
  {
    "cell": null,
    "code": "E501",
    "end_location": {
      "column": 93,
      "row": 397
    },
    "filename": "C:\\Users\\pc01\\source\\repos\\image-downloader\\src\\image_downloader\\transport\\gateway.py",
    "fix": null,
    "location": {
      "column": 80,
      "row": 397
    },
    "message": "Line too long (92 > 79)",
    "name": "line-too-long",
    "noqa_row": 397,
    "severity": "error",
    "url": "https://docs.astral.sh/ruff/rules/line-too-long"
  },
  {
    "cell": null,
    "code": "E501",
    "end_location": {
      "column": 81,
      "row": 398
    },
    "filename": "C:\\Users\\pc01\\source\\repos\\image-downloader\\src\\image_downloader\\transport\\gateway.py",
    "fix": null,
    "location": {
      "column": 80,
      "row": 398
    },
    "message": "Line too long (80 > 79)",
    "name": "line-too-long",
    "noqa_row": 398,
    "severity": "error",
    "url": "https://docs.astral.sh/ruff/rules/line-too-long"
  },
  {
    "cell": null,
    "code": "E501",
    "end_location": {
      "column": 109,
      "row": 423
    },
    "filename": "C:\\Users\\pc01\\source\\repos\\image-downloader\\src\\image_downloader\\transport\\gateway.py",
    "fix": null,
    "location": {
      "column": 80,
      "row": 423
    },
    "message": "Line too long (108 > 79)",
    "name": "line-too-long",
    "noqa_row": 423,
    "severity": "error",
    "url": "https://docs.astral.sh/ruff/rules/line-too-long"
  },
  {
    "cell": null,
    "code": "E501",
    "end_location": {
      "column": 89,
      "row": 456
    },
    "filename": "C:\\Users\\pc01\\source\\repos\\image-downloader\\src\\image_downloader\\transport\\gateway.py",
    "fix": null,
    "location": {
      "column": 80,
      "row": 456
    },
    "message": "Line too long (88 > 79)",
    "name": "line-too-long",
    "noqa_row": 456,
    "severity": "error",
    "url": "https://docs.astral.sh/ruff/rules/line-too-long"
  },
  {
    "cell": null,
    "code": "E501",
    "end_location": {
      "column": 81,
      "row": 458
    },
    "filename": "C:\\Users\\pc01\\source\\repos\\image-downloader\\src\\image_downloader\\transport\\gateway.py",
    "fix": null,
    "location": {
      "column": 80,
      "row": 458
    },
    "message": "Line too long (80 > 79)",
    "name": "line-too-long",
    "noqa_row": 458,
    "severity": "error",
    "url": "https://docs.astral.sh/ruff/rules/line-too-long"
  },
  {
    "cell": null,
    "code": "E501",
    "end_location": {
      "column": 94,
      "row": 478
    },
    "filename": "C:\\Users\\pc01\\source\\repos\\image-downloader\\src\\image_downloader\\transport\\gateway.py",
    "fix": null,
    "location": {
      "column": 80,
      "row": 478
    },
    "message": "Line too long (93 > 79)",
    "name": "line-too-long",
    "noqa_row": 478,
    "severity": "error",
    "url": "https://docs.astral.sh/ruff/rules/line-too-long"
  },
  {
    "cell": null,
    "code": "E501",
    "end_location": {
      "column": 114,
      "row": 483
    },
    "filename": "C:\\Users\\pc01\\source\\repos\\image-downloader\\src\\image_downloader\\transport\\gateway.py",
    "fix": null,
    "location": {
      "column": 80,
      "row": 483
    },
    "message": "Line too long (113 > 79)",
    "name": "line-too-long",
    "noqa_row": 483,
    "severity": "error",
    "url": "https://docs.astral.sh/ruff/rules/line-too-long"
  },
  {
    "cell": null,
    "code": "E501",
    "end_location": {
      "column": 100,
      "row": 494
    },
    "filename": "C:\\Users\\pc01\\source\\repos\\image-downloader\\src\\image_downloader\\transport\\gateway.py",
    "fix": null,
    "location": {
      "column": 80,
      "row": 494
    },
    "message": "Line too long (99 > 79)",
    "name": "line-too-long",
    "noqa_row": 494,
    "severity": "error",
    "url": "https://docs.astral.sh/ruff/rules/line-too-long"
  },
  {
    "cell": null,
    "code": "E501",
    "end_location": {
      "column": 89,
      "row": 519
    },
    "filename": "C:\\Users\\pc01\\source\\repos\\image-downloader\\src\\image_downloader\\transport\\gateway.py",
    "fix": null,
    "location": {
      "column": 80,
      "row": 519
    },
    "message": "Line too long (88 > 79)",
    "name": "line-too-long",
    "noqa_row": 519,
    "severity": "error",
    "url": "https://docs.astral.sh/ruff/rules/line-too-long"
  },
  {
    "cell": null,
    "code": "E501",
    "end_location": {
      "column": 85,
      "row": 531
    },
    "filename": "C:\\Users\\pc01\\source\\repos\\image-downloader\\src\\image_downloader\\transport\\gateway.py",
    "fix": null,
    "location": {
      "column": 80,
      "row": 531
    },
    "message": "Line too long (84 > 79)",
    "name": "line-too-long",
    "noqa_row": 531,
    "severity": "error",
    "url": "https://docs.astral.sh/ruff/rules/line-too-long"
  },
  {
    "cell": null,
    "code": "E501",
    "end_location": {
      "column": 115,
      "row": 539
    },
    "filename": "C:\\Users\\pc01\\source\\repos\\image-downloader\\src\\image_downloader\\transport\\gateway.py",
    "fix": null,
    "location": {
      "column": 80,
      "row": 539
    },
    "message": "Line too long (114 > 79)",
    "name": "line-too-long",
    "noqa_row": 539,
    "severity": "error",
    "url": "https://docs.astral.sh/ruff/rules/line-too-long"
  },
  {
    "cell": null,
    "code": "E501",
    "end_location": {
      "column": 113,
      "row": 541
    },
    "filename": "C:\\Users\\pc01\\source\\repos\\image-downloader\\src\\image_downloader\\transport\\gateway.py",
    "fix": null,
    "location": {
      "column": 80,
      "row": 541
    },
    "message": "Line too long (112 > 79)",
    "name": "line-too-long",
    "noqa_row": 541,
    "severity": "error",
    "url": "https://docs.astral.sh/ruff/rules/line-too-long"
  },
  {
    "cell": null,
    "code": "E501",
    "end_location": {
      "column": 97,
      "row": 544
    },
    "filename": "C:\\Users\\pc01\\source\\repos\\image-downloader\\src\\image_downloader\\transport\\gateway.py",
    "fix": null,
    "location": {
      "column": 80,
      "row": 544
    },
    "message": "Line too long (96 > 79)",
    "name": "line-too-long",
    "noqa_row": 544,
    "severity": "error",
    "url": "https://docs.astral.sh/ruff/rules/line-too-long"
  },
  {
    "cell": null,
    "code": "E501",
    "end_location": {
      "column": 102,
      "row": 555
    },
    "filename": "C:\\Users\\pc01\\source\\repos\\image-downloader\\src\\image_downloader\\transport\\gateway.py",
    "fix": null,
    "location": {
      "column": 80,
      "row": 555
    },
    "message": "Line too long (101 > 79)",
    "name": "line-too-long",
    "noqa_row": 555,
    "severity": "error",
    "url": "https://docs.astral.sh/ruff/rules/line-too-long"
  },
  {
    "cell": null,
    "code": "E501",
    "end_location": {
      "column": 89,
      "row": 558
    },
    "filename": "C:\\Users\\pc01\\source\\repos\\image-downloader\\src\\image_downloader\\transport\\gateway.py",
    "fix": null,
    "location": {
      "column": 80,
      "row": 558
    },
    "message": "Line too long (88 > 79)",
    "name": "line-too-long",
    "noqa_row": 558,
    "severity": "error",
    "url": "https://docs.astral.sh/ruff/rules/line-too-long"
  },
  {
    "cell": null,
    "code": "E501",
    "end_location": {
      "column": 86,
      "row": 559
    },
    "filename": "C:\\Users\\pc01\\source\\repos\\image-downloader\\src\\image_downloader\\transport\\gateway.py",
    "fix": null,
    "location": {
      "column": 80,
      "row": 559
    },
    "message": "Line too long (85 > 79)",
    "name": "line-too-long",
    "noqa_row": 559,
    "severity": "error",
    "url": "https://docs.astral.sh/ruff/rules/line-too-long"
  },
  {
    "cell": null,
    "code": "E501",
    "end_location": {
      "column": 95,
      "row": 562
    },
    "filename": "C:\\Users\\pc01\\source\\repos\\image-downloader\\src\\image_downloader\\transport\\gateway.py",
    "fix": null,
    "location": {
      "column": 80,
      "row": 562
    },
    "message": "Line too long (94 > 79)",
    "name": "line-too-long",
    "noqa_row": 562,
    "severity": "error",
    "url": "https://docs.astral.sh/ruff/rules/line-too-long"
  },
  {
    "cell": null,
    "code": "E501",
    "end_location": {
      "column": 104,
      "row": 587
    },
    "filename": "C:\\Users\\pc01\\source\\repos\\image-downloader\\src\\image_downloader\\transport\\gateway.py",
    "fix": null,
    "location": {
      "column": 80,
      "row": 587
    },
    "message": "Line too long (103 > 79)",
    "name": "line-too-long",
    "noqa_row": 587,
    "severity": "error",
    "url": "https://docs.astral.sh/ruff/rules/line-too-long"
  },
  {
    "cell": null,
    "code": "E501",
    "end_location": {
      "column": 92,
      "row": 591
    },
    "filename": "C:\\Users\\pc01\\source\\repos\\image-downloader\\src\\image_downloader\\transport\\gateway.py",
    "fix": null,
    "location": {
      "column": 80,
      "row": 591
    },
    "message": "Line too long (91 > 79)",
    "name": "line-too-long",
    "noqa_row": 591,
    "severity": "error",
    "url": "https://docs.astral.sh/ruff/rules/line-too-long"
  },
  {
    "cell": null,
    "code": "E501",
    "end_location": {
      "column": 117,
      "row": 597
    },
    "filename": "C:\\Users\\pc01\\source\\repos\\image-downloader\\src\\image_downloader\\transport\\gateway.py",
    "fix": null,
    "location": {
      "column": 80,
      "row": 597
    },
    "message": "Line too long (116 > 79)",
    "name": "line-too-long",
    "noqa_row": 597,
    "severity": "error",
    "url": "https://docs.astral.sh/ruff/rules/line-too-long"
  },
  {
    "cell": null,
    "code": "E501",
    "end_location": {
      "column": 83,
      "row": 627
    },
    "filename": "C:\\Users\\pc01\\source\\repos\\image-downloader\\src\\image_downloader\\transport\\gateway.py",
    "fix": null,
    "location": {
      "column": 80,
      "row": 627
    },
    "message": "Line too long (82 > 79)",
    "name": "line-too-long",
    "noqa_row": 627,
    "severity": "error",
    "url": "https://docs.astral.sh/ruff/rules/line-too-long"
  },
  {
    "cell": null,
    "code": "E501",
    "end_location": {
      "column": 87,
      "row": 628
    },
    "filename": "C:\\Users\\pc01\\source\\repos\\image-downloader\\src\\image_downloader\\transport\\gateway.py",
    "fix": null,
    "location": {
      "column": 80,
      "row": 628
    },
    "message": "Line too long (86 > 79)",
    "name": "line-too-long",
    "noqa_row": 628,
    "severity": "error",
    "url": "https://docs.astral.sh/ruff/rules/line-too-long"
  },
  {
    "cell": null,
    "code": "E501",
    "end_location": {
      "column": 105,
      "row": 629
    },
    "filename": "C:\\Users\\pc01\\source\\repos\\image-downloader\\src\\image_downloader\\transport\\gateway.py",
    "fix": null,
    "location": {
      "column": 80,
      "row": 629
    },
    "message": "Line too long (104 > 79)",
    "name": "line-too-long",
    "noqa_row": 629,
    "severity": "error",
    "url": "https://docs.astral.sh/ruff/rules/line-too-long"
  },
  {
    "cell": null,
    "code": "E501",
    "end_location": {
      "column": 84,
      "row": 633
    },
    "filename": "C:\\Users\\pc01\\source\\repos\\image-downloader\\src\\image_downloader\\transport\\gateway.py",
    "fix": null,
    "location": {
      "column": 80,
      "row": 633
    },
    "message": "Line too long (83 > 79)",
    "name": "line-too-long",
    "noqa_row": 633,
    "severity": "error",
    "url": "https://docs.astral.sh/ruff/rules/line-too-long"
  },
  {
    "cell": null,
    "code": "E501",
    "end_location": {
      "column": 96,
      "row": 634
    },
    "filename": "C:\\Users\\pc01\\source\\repos\\image-downloader\\src\\image_downloader\\transport\\gateway.py",
    "fix": null,
    "location": {
      "column": 80,
      "row": 634
    },
    "message": "Line too long (95 > 79)",
    "name": "line-too-long",
    "noqa_row": 634,
    "severity": "error",
    "url": "https://docs.astral.sh/ruff/rules/line-too-long"
  },
  {
    "cell": null,
    "code": "E501",
    "end_location": {
      "column": 107,
      "row": 635
    },
    "filename": "C:\\Users\\pc01\\source\\repos\\image-downloader\\src\\image_downloader\\transport\\gateway.py",
    "fix": null,
    "location": {
      "column": 80,
      "row": 635
    },
    "message": "Line too long (106 > 79)",
    "name": "line-too-long",
    "noqa_row": 635,
    "severity": "error",
    "url": "https://docs.astral.sh/ruff/rules/line-too-long"
  },
  {
    "cell": null,
    "code": "E501",
    "end_location": {
      "column": 93,
      "row": 637
    },
    "filename": "C:\\Users\\pc01\\source\\repos\\image-downloader\\src\\image_downloader\\transport\\gateway.py",
    "fix": null,
    "location": {
      "column": 80,
      "row": 637
    },
    "message": "Line too long (92 > 79)",
    "name": "line-too-long",
    "noqa_row": 637,
    "severity": "error",
    "url": "https://docs.astral.sh/ruff/rules/line-too-long"
  },
  {
    "cell": null,
    "code": "E501",
    "end_location": {
      "column": 97,
      "row": 640
    },
    "filename": "C:\\Users\\pc01\\source\\repos\\image-downloader\\src\\image_downloader\\transport\\gateway.py",
    "fix": null,
    "location": {
      "column": 80,
      "row": 640
    },
    "message": "Line too long (96 > 79)",
    "name": "line-too-long",
    "noqa_row": 640,
    "severity": "error",
    "url": "https://docs.astral.sh/ruff/rules/line-too-long"
  },
  {
    "cell": null,
    "code": "E501",
    "end_location": {
      "column": 81,
      "row": 646
    },
    "filename": "C:\\Users\\pc01\\source\\repos\\image-downloader\\src\\image_downloader\\transport\\gateway.py",
    "fix": null,
    "location": {
      "column": 80,
      "row": 646
    },
    "message": "Line too long (80 > 79)",
    "name": "line-too-long",
    "noqa_row": 646,
    "severity": "error",
    "url": "https://docs.astral.sh/ruff/rules/line-too-long"
  },
  {
    "cell": null,
    "code": "E501",
    "end_location": {
      "column": 82,
      "row": 653
    },
    "filename": "C:\\Users\\pc01\\source\\repos\\image-downloader\\src\\image_downloader\\transport\\gateway.py",
    "fix": null,
    "location": {
      "column": 80,
      "row": 653
    },
    "message": "Line too long (81 > 79)",
    "name": "line-too-long",
    "noqa_row": 653,
    "severity": "error",
    "url": "https://docs.astral.sh/ruff/rules/line-too-long"
  },
  {
    "cell": null,
    "code": "E501",
    "end_location": {
      "column": 109,
      "row": 659
    },
    "filename": "C:\\Users\\pc01\\source\\repos\\image-downloader\\src\\image_downloader\\transport\\gateway.py",
    "fix": null,
    "location": {
      "column": 80,
      "row": 659
    },
    "message": "Line too long (108 > 79)",
    "name": "line-too-long",
    "noqa_row": 659,
    "severity": "error",
    "url": "https://docs.astral.sh/ruff/rules/line-too-long"
  },
  {
    "cell": null,
    "code": "E501",
    "end_location": {
      "column": 95,
      "row": 660
    },
    "filename": "C:\\Users\\pc01\\source\\repos\\image-downloader\\src\\image_downloader\\transport\\gateway.py",
    "fix": null,
    "location": {
      "column": 80,
      "row": 660
    },
    "message": "Line too long (94 > 79)",
    "name": "line-too-long",
    "noqa_row": 660,
    "severity": "error",
    "url": "https://docs.astral.sh/ruff/rules/line-too-long"
  },
  {
    "cell": null,
    "code": "E501",
    "end_location": {
      "column": 103,
      "row": 663
    },
    "filename": "C:\\Users\\pc01\\source\\repos\\image-downloader\\src\\image_downloader\\transport\\gateway.py",
    "fix": null,
    "location": {
      "column": 80,
      "row": 663
    },
    "message": "Line too long (102 > 79)",
    "name": "line-too-long",
    "noqa_row": 663,
    "severity": "error",
    "url": "https://docs.astral.sh/ruff/rules/line-too-long"
  },
  {
    "cell": null,
    "code": "E501",
    "end_location": {
      "column": 98,
      "row": 664
    },
    "filename": "C:\\Users\\pc01\\source\\repos\\image-downloader\\src\\image_downloader\\transport\\gateway.py",
    "fix": null,
    "location": {
      "column": 80,
      "row": 664
    },
    "message": "Line too long (97 > 79)",
    "name": "line-too-long",
    "noqa_row": 664,
    "severity": "error",
    "url": "https://docs.astral.sh/ruff/rules/line-too-long"
  },
  {
    "cell": null,
    "code": "E501",
    "end_location": {
      "column": 89,
      "row": 668
    },
    "filename": "C:\\Users\\pc01\\source\\repos\\image-downloader\\src\\image_downloader\\transport\\gateway.py",
    "fix": null,
    "location": {
      "column": 80,
      "row": 668
    },
    "message": "Line too long (88 > 79)",
    "name": "line-too-long",
    "noqa_row": 668,
    "severity": "error",
    "url": "https://docs.astral.sh/ruff/rules/line-too-long"
  },
  {
    "cell": null,
    "code": "E501",
    "end_location": {
      "column": 107,
      "row": 671
    },
    "filename": "C:\\Users\\pc01\\source\\repos\\image-downloader\\src\\image_downloader\\transport\\gateway.py",
    "fix": null,
    "location": {
      "column": 80,
      "row": 671
    },
    "message": "Line too long (106 > 79)",
    "name": "line-too-long",
    "noqa_row": 671,
    "severity": "error",
    "url": "https://docs.astral.sh/ruff/rules/line-too-long"
  },
  {
    "cell": null,
    "code": "E501",
    "end_location": {
      "column": 99,
      "row": 673
    },
    "filename": "C:\\Users\\pc01\\source\\repos\\image-downloader\\src\\image_downloader\\transport\\gateway.py",
    "fix": null,
    "location": {
      "column": 80,
      "row": 673
    },
    "message": "Line too long (98 > 79)",
    "name": "line-too-long",
    "noqa_row": 673,
    "severity": "error",
    "url": "https://docs.astral.sh/ruff/rules/line-too-long"
  },
  {
    "cell": null,
    "code": "E501",
    "end_location": {
      "column": 90,
      "row": 674
    },
    "filename": "C:\\Users\\pc01\\source\\repos\\image-downloader\\src\\image_downloader\\transport\\gateway.py",
    "fix": null,
    "location": {
      "column": 80,
      "row": 674
    },
    "message": "Line too long (89 > 79)",
    "name": "line-too-long",
    "noqa_row": 674,
    "severity": "error",
    "url": "https://docs.astral.sh/ruff/rules/line-too-long"
  }
]