ID,規則,ファイル,行,列,説明
QS-014,E501,src/image_downloader/application/additional_files.py,1,80,Line too long (88 > 79)
QS-014,E501,src/image_downloader/application/additional_files.py,14,80,Line too long (83 > 79)
QS-014,E501,src/image_downloader/application/additional_files.py,28,80,Line too long (92 > 79)
QS-014,E501,src/image_downloader/application/additional_files.py,35,80,Line too long (105 > 79)
QS-014,E501,src/image_downloader/application/additional_files.py,36,80,Line too long (85 > 79)
QS-014,E501,src/image_downloader/application/additional_files.py,64,80,Line too long (84 > 79)
QS-014,E501,src/image_downloader/application/additional_files.py,71,80,Line too long (95 > 79)
QS-014,E501,src/image_downloader/application/additional_files.py,73,80,Line too long (95 > 79)
QS-014,E501,src/image_downloader/application/additional_files.py,79,80,Line too long (83 > 79)
QS-014,E501,src/image_downloader/application/additional_files.py,84,80,Line too long (85 > 79)
QS-014,E501,src/image_downloader/application/additional_files.py,89,80,Line too long (84 > 79)
QS-014,E501,src/image_downloader/application/additional_files.py,90,80,Line too long (112 > 79)
QS-014,E501,src/image_downloader/application/additional_files.py,138,80,Line too long (84 > 79)
QS-014,E501,src/image_downloader/application/additional_files.py,139,80,Line too long (92 > 79)
QS-014,E501,src/image_downloader/application/additional_files.py,146,80,Line too long (91 > 79)
QS-014,E501,src/image_downloader/application/additional_files.py,147,80,Line too long (105 > 79)
QS-014,E501,src/image_downloader/application/additional_files.py,148,80,Line too long (83 > 79)
QS-014,E501,src/image_downloader/application/additional_files.py,153,80,Line too long (85 > 79)
QS-014,E501,src/image_downloader/application/additional_files.py,154,80,Line too long (89 > 79)
QS-014,E501,src/image_downloader/application/additional_files.py,157,80,Line too long (88 > 79)
QS-014,E501,src/image_downloader/application/additional_files.py,158,80,Line too long (82 > 79)
QS-014,E501,src/image_downloader/application/additional_files.py,169,80,Line too long (94 > 79)
QS-014,E501,src/image_downloader/application/additional_files.py,183,80,Line too long (86 > 79)
QS-014,E501,src/image_downloader/application/additional_files.py,190,80,Line too long (104 > 79)
QS-014,E501,src/image_downloader/application/additional_files.py,199,80,Line too long (84 > 79)
QS-014,E501,src/image_downloader/application/additional_files.py,202,80,Line too long (88 > 79)
QS-014,E501,src/image_downloader/application/additional_files.py,212,80,Line too long (98 > 79)
QS-014,E501,src/image_downloader/application/additional_files.py,214,80,Line too long (91 > 79)
QS-014,E501,src/image_downloader/application/additional_files.py,217,80,Line too long (101 > 79)
QS-014,E501,src/image_downloader/application/additional_files.py,226,80,Line too long (103 > 79)
QS-014,E501,src/image_downloader/application/additional_files.py,234,80,Line too long (98 > 79)
QS-014,E501,src/image_downloader/application/additional_files.py,240,80,Line too long (101 > 79)
QS-014,E501,src/image_downloader/application/additional_files.py,241,80,Line too long (89 > 79)
QS-014,E501,src/image_downloader/application/additional_files.py,253,80,Line too long (88 > 79)
QS-014,E501,src/image_downloader/application/additional_files.py,256,80,Line too long (109 > 79)
QS-014,E501,src/image_downloader/application/additional_files.py,265,80,Line too long (120 > 79)
QS-014,E501,src/image_downloader/application/additional_files.py,268,80,Line too long (111 > 79)
QS-014,E501,src/image_downloader/application/additional_files.py,270,80,Line too long (86 > 79)
QS-014,E501,src/image_downloader/application/additional_files.py,271,80,Line too long (83 > 79)
QS-014,E501,src/image_downloader/application/additional_files.py,273,80,Line too long (93 > 79)
QS-014,E501,src/image_downloader/application/additional_files.py,278,80,Line too long (96 > 79)
QS-014,E501,src/image_downloader/application/additional_files.py,285,80,Line too long (98 > 79)
QS-014,E501,src/image_downloader/application/additional_files.py,288,80,Line too long (80 > 79)
QS-014,E501,src/image_downloader/application/additional_files.py,289,80,Line too long (99 > 79)
QS-014,E501,src/image_downloader/application/additional_files.py,291,80,Line too long (113 > 79)
QS-014,E501,src/image_downloader/application/additional_files.py,297,80,Line too long (99 > 79)
QS-014,E501,src/image_downloader/application/additional_files.py,307,80,Line too long (92 > 79)
QS-014,E501,src/image_downloader/application/additional_files.py,317,80,Line too long (102 > 79)
QS-014,E501,src/image_downloader/application/additional_files.py,321,80,Line too long (98 > 79)
QS-014,E501,src/image_downloader/application/additional_files.py,325,80,Line too long (95 > 79)
QS-014,E501,src/image_downloader/application/composer.py,24,80,Line too long (93 > 79)
QS-014,E501,src/image_downloader/application/composer.py,45,80,Line too long (90 > 79)
QS-014,E501,src/image_downloader/application/composer.py,47,80,Line too long (105 > 79)
QS-014,E501,src/image_downloader/application/composer.py,57,80,Line too long (81 > 79)
QS-014,E501,src/image_downloader/application/composer.py,60,80,Line too long (86 > 79)
QS-014,E501,src/image_downloader/application/composer.py,62,80,Line too long (96 > 79)
QS-014,E501,src/image_downloader/application/composer.py,65,80,Line too long (80 > 79)
QS-014,E501,src/image_downloader/application/composer.py,67,80,Line too long (111 > 79)
QS-014,E501,src/image_downloader/application/composer.py,69,80,Line too long (111 > 79)
QS-014,E501,src/image_downloader/application/composer.py,76,80,Line too long (96 > 79)
QS-014,E501,src/image_downloader/application/composer.py,80,80,Line too long (98 > 79)
QS-014,E501,src/image_downloader/application/composer.py,86,80,Line too long (117 > 79)
QS-014,E501,src/image_downloader/application/composer.py,92,80,Line too long (81 > 79)
QS-014,E501,src/image_downloader/application/composer.py,116,80,Line too long (82 > 79)
QS-014,E501,src/image_downloader/application/composer.py,117,80,Line too long (119 > 79)
QS-014,E501,src/image_downloader/application/log_verification.py,36,80,Line too long (110 > 79)
QS-014,E501,src/image_downloader/application/log_verification.py,46,80,Line too long (90 > 79)
QS-014,E501,src/image_downloader/application/log_verification.py,51,80,Line too long (83 > 79)
QS-014,E501,src/image_downloader/application/log_verification.py,54,80,Line too long (105 > 79)
QS-014,E501,src/image_downloader/application/log_verification.py,58,80,Line too long (81 > 79)
QS-014,E501,src/image_downloader/application/log_verification.py,61,80,Line too long (82 > 79)
QS-014,E501,src/image_downloader/application/log_verification.py,68,80,Line too long (95 > 79)
QS-014,E501,src/image_downloader/application/log_verification.py,69,80,Line too long (110 > 79)
QS-014,E501,src/image_downloader/application/log_verification.py,70,80,Line too long (82 > 79)
QS-014,E501,src/image_downloader/application/log_verification.py,107,80,Line too long (92 > 79)
QS-014,E501,src/image_downloader/application/log_verification.py,109,80,Line too long (96 > 79)
QS-014,E501,src/image_downloader/application/log_verification.py,124,80,Line too long (96 > 79)
QS-014,E501,src/image_downloader/application/log_verification.py,166,80,Line too long (81 > 79)
QS-014,E501,src/image_downloader/application/log_verification.py,168,80,Line too long (82 > 79)
QS-014,E501,src/image_downloader/application/log_verification.py,176,80,Line too long (89 > 79)
QS-014,E501,src/image_downloader/application/log_verification.py,181,80,Line too long (113 > 79)
QS-014,E501,src/image_downloader/application/log_verification.py,184,80,Line too long (83 > 79)
QS-014,E501,src/image_downloader/application/log_verification.py,193,80,Line too long (82 > 79)
QS-014,E501,src/image_downloader/application/log_verification.py,229,80,Line too long (81 > 79)
QS-014,E501,src/image_downloader/application/log_verification.py,230,80,Line too long (85 > 79)
QS-014,E501,src/image_downloader/application/service.py,8,80,Line too long (81 > 79)
QS-014,E501,src/image_downloader/application/service.py,67,80,Line too long (92 > 79)
QS-014,E501,src/image_downloader/application/service.py,68,80,Line too long (94 > 79)
QS-014,E501,src/image_downloader/application/service.py,71,80,Line too long (90 > 79)
QS-014,E501,src/image_downloader/application/service.py,93,80,Line too long (94 > 79)
QS-014,E501,src/image_downloader/application/service.py,96,80,Line too long (97 > 79)
QS-014,E501,src/image_downloader/application/service.py,101,80,Line too long (80 > 79)
QS-014,E501,src/image_downloader/application/service.py,130,80,Line too long (108 > 79)
QS-014,E501,src/image_downloader/application/service.py,141,80,Line too long (94 > 79)
QS-014,E501,src/image_downloader/application/service.py,145,80,Line too long (96 > 79)
QS-014,E501,src/image_downloader/application/service.py,149,80,Line too long (81 > 79)
QS-014,E501,src/image_downloader/application/service.py,161,80,Line too long (109 > 79)
QS-014,E501,src/image_downloader/application/service.py,167,80,Line too long (87 > 79)
QS-014,E501,src/image_downloader/application/service.py,178,80,Line too long (109 > 79)
QS-014,E501,src/image_downloader/application/service.py,186,80,Line too long (82 > 79)
QS-014,E501,src/image_downloader/application/service.py,187,80,Line too long (81 > 79)
QS-014,E501,src/image_downloader/application/service.py,206,80,Line too long (101 > 79)
QS-014,E501,src/image_downloader/application/service.py,217,80,Line too long (96 > 79)
QS-014,E501,src/image_downloader/application/service.py,227,80,Line too long (92 > 79)
QS-014,E501,src/image_downloader/application/service.py,242,80,Line too long (81 > 79)
QS-014,E501,src/image_downloader/application/service.py,246,80,Line too long (110 > 79)
QS-014,E501,src/image_downloader/application/service.py,252,80,Line too long (82 > 79)
QS-014,E501,src/image_downloader/application/service.py,257,80,Line too long (106 > 79)
QS-014,E501,src/image_downloader/application/service.py,300,80,Line too long (86 > 79)
QS-014,E501,src/image_downloader/application/service.py,304,80,Line too long (93 > 79)
QS-014,E501,src/image_downloader/application/service.py,311,80,Line too long (88 > 79)
QS-014,E501,src/image_downloader/application/service.py,324,80,Line too long (91 > 79)
QS-014,E501,src/image_downloader/application/service.py,336,80,Line too long (84 > 79)
QS-014,E501,src/image_downloader/application/service.py,340,80,Line too long (81 > 79)
QS-014,E501,src/image_downloader/application/service.py,360,80,Line too long (106 > 79)
QS-014,E501,src/image_downloader/application/service.py,363,80,Line too long (95 > 79)
QS-014,E501,src/image_downloader/application/service.py,364,80,Line too long (92 > 79)
QS-014,E501,src/image_downloader/application/service.py,366,80,Line too long (102 > 79)
QS-014,E501,src/image_downloader/application/service.py,385,80,Line too long (110 > 79)
QS-014,E501,src/image_downloader/application/service.py,386,80,Line too long (115 > 79)
QS-014,E501,src/image_downloader/application/service.py,388,80,Line too long (100 > 79)
QS-014,E501,src/image_downloader/application/service.py,400,80,Line too long (85 > 79)
QS-014,E501,src/image_downloader/application/service.py,417,80,Line too long (85 > 79)
QS-014,E501,src/image_downloader/application/service.py,452,80,Line too long (97 > 79)
QS-014,E501,src/image_downloader/application/service.py,468,80,Line too long (118 > 79)
QS-014,E501,src/image_downloader/application/service.py,478,80,Line too long (98 > 79)
QS-014,E501,src/image_downloader/application/service.py,480,80,Line too long (95 > 79)
QS-014,E501,src/image_downloader/application/service.py,517,80,Line too long (86 > 79)
QS-014,E501,src/image_downloader/application/service.py,518,80,Line too long (119 > 79)
QS-014,E501,src/image_downloader/application/service.py,521,80,Line too long (119 > 79)
QS-014,E501,src/image_downloader/application/service.py,545,80,Line too long (94 > 79)
QS-014,E501,src/image_downloader/application/service.py,550,80,Line too long (108 > 79)
QS-014,E501,src/image_downloader/application/service.py,591,80,Line too long (114 > 79)
QS-014,E501,src/image_downloader/application/service.py,633,80,Line too long (86 > 79)
QS-014,E501,src/image_downloader/application/service.py,641,80,Line too long (93 > 79)
QS-014,E501,src/image_downloader/application/service.py,654,80,Line too long (98 > 79)
QS-014,E501,src/image_downloader/application/service.py,677,80,Line too long (98 > 79)
QS-014,E501,src/image_downloader/application/service.py,696,80,Line too long (91 > 79)
QS-014,E501,src/image_downloader/application/service.py,697,80,Line too long (89 > 79)
QS-014,E501,src/image_downloader/application/service.py,699,80,Line too long (89 > 79)
QS-014,E501,src/image_downloader/application/service.py,700,80,Line too long (105 > 79)
QS-014,E501,src/image_downloader/application/service.py,710,80,Line too long (91 > 79)
QS-014,E501,src/image_downloader/application/service.py,713,80,Line too long (117 > 79)
QS-014,E501,src/image_downloader/application/service.py,740,80,Line too long (98 > 79)
QS-014,E501,src/image_downloader/application/service.py,744,80,Line too long (99 > 79)
QS-014,E501,src/image_downloader/application/service.py,759,80,Line too long (86 > 79)
QS-014,E501,src/image_downloader/application/service.py,761,80,Line too long (90 > 79)
QS-014,E501,src/image_downloader/application/service.py,792,80,Line too long (86 > 79)
QS-014,E501,src/image_downloader/application/service.py,799,80,Line too long (89 > 79)
QS-014,E501,src/image_downloader/application/service.py,809,80,Line too long (106 > 79)
QS-014,E501,src/image_downloader/application/service.py,814,80,Line too long (93 > 79)
QS-014,E501,src/image_downloader/application/service.py,841,80,Line too long (116 > 79)
QS-014,E501,src/image_downloader/application/service.py,842,80,Line too long (109 > 79)
QS-014,E501,src/image_downloader/application/service.py,863,80,Line too long (107 > 79)
QS-014,E501,src/image_downloader/application/service.py,864,80,Line too long (120 > 79)
QS-014,E501,src/image_downloader/application/service.py,882,80,Line too long (90 > 79)
QS-014,E501,src/image_downloader/application/service.py,884,80,Line too long (91 > 79)
QS-014,E501,src/image_downloader/application/service.py,887,80,Line too long (87 > 79)
QS-014,E501,src/image_downloader/application/service.py,890,80,Line too long (81 > 79)
QS-014,E501,src/image_downloader/application/service.py,893,80,Line too long (81 > 79)
QS-014,E501,src/image_downloader/application/service.py,941,80,Line too long (84 > 79)
QS-014,E501,src/image_downloader/application/service.py,944,80,Line too long (80 > 79)
QS-014,E501,src/image_downloader/application/service.py,954,80,Line too long (84 > 79)
QS-014,E501,src/image_downloader/application/service.py,959,80,Line too long (84 > 79)
QS-014,E501,src/image_downloader/application/service.py,985,80,Line too long (87 > 79)
QS-014,E501,src/image_downloader/application/service.py,986,80,Line too long (83 > 79)
QS-014,E501,src/image_downloader/application/service.py,988,80,Line too long (112 > 79)
QS-014,E501,src/image_downloader/application/service.py,994,80,Line too long (113 > 79)
QS-014,E501,src/image_downloader/application/service.py,996,80,Line too long (83 > 79)
QS-014,E501,src/image_downloader/application/service.py,997,80,Line too long (84 > 79)
QS-014,E501,src/image_downloader/application/service.py,1000,80,Line too long (92 > 79)
QS-014,E501,src/image_downloader/application/service.py,1010,80,Line too long (84 > 79)
QS-014,E501,src/image_downloader/application/service.py,1011,80,Line too long (104 > 79)
QS-014,E501,src/image_downloader/application/service.py,1012,80,Line too long (105 > 79)
QS-014,E501,src/image_downloader/application/service.py,1017,80,Line too long (82 > 79)
QS-014,E501,src/image_downloader/application/service.py,1044,80,Line too long (100 > 79)
QS-014,E501,src/image_downloader/application/service.py,1046,80,Line too long (96 > 79)
QS-014,E501,src/image_downloader/application/service.py,1053,80,Line too long (86 > 79)
QS-014,E501,src/image_downloader/application/service.py,1078,80,Line too long (89 > 79)
QS-014,E501,src/image_downloader/application/service.py,1082,80,Line too long (92 > 79)
QS-014,E501,src/image_downloader/application/service.py,1086,80,Line too long (86 > 79)
QS-014,E501,src/image_downloader/application/service.py,1087,80,Line too long (116 > 79)
QS-014,E501,src/image_downloader/application/service.py,1134,80,Line too long (81 > 79)
QS-014,E501,src/image_downloader/application/service.py,1145,80,Line too long (107 > 79)
QS-014,E501,src/image_downloader/application/service.py,1176,80,Line too long (112 > 79)
QS-014,E501,src/image_downloader/application/service.py,1191,80,Line too long (86 > 79)
QS-014,E501,src/image_downloader/application/service.py,1199,80,Line too long (107 > 79)
QS-014,E501,src/image_downloader/application/service.py,1204,80,Line too long (95 > 79)
QS-014,E501,src/image_downloader/application/service.py,1217,80,Line too long (105 > 79)
QS-014,E501,src/image_downloader/application/service.py,1232,80,Line too long (96 > 79)
QS-014,E501,src/image_downloader/application/service.py,1233,80,Line too long (95 > 79)
QS-014,E501,src/image_downloader/application/service.py,1240,80,Line too long (102 > 79)
QS-014,E501,src/image_downloader/application/service.py,1243,80,Line too long (104 > 79)
QS-014,E501,src/image_downloader/application/service.py,1252,80,Line too long (104 > 79)
QS-014,E501,src/image_downloader/application/service.py,1256,80,Line too long (85 > 79)
QS-014,E501,src/image_downloader/application/service.py,1258,80,Line too long (113 > 79)
QS-014,E501,src/image_downloader/application/service.py,1259,80,Line too long (94 > 79)
QS-014,E501,src/image_downloader/application/service.py,1260,80,Line too long (92 > 79)
QS-014,E501,src/image_downloader/application/service.py,1275,80,Line too long (82 > 79)
QS-014,E501,src/image_downloader/application/service.py,1278,80,Line too long (120 > 79)
QS-014,E501,src/image_downloader/application/service.py,1280,80,Line too long (88 > 79)
QS-014,E501,src/image_downloader/application/service.py,1283,80,Line too long (91 > 79)
QS-014,E501,src/image_downloader/application/service.py,1291,80,Line too long (112 > 79)
QS-014,E501,src/image_downloader/application/service.py,1298,80,Line too long (82 > 79)
QS-014,E501,src/image_downloader/application/service.py,1300,80,Line too long (111 > 79)
QS-014,E501,src/image_downloader/application/service.py,1315,80,Line too long (117 > 79)
QS-014,E501,src/image_downloader/application/service.py,1331,80,Line too long (81 > 79)
QS-014,E501,src/image_downloader/application/service.py,1337,80,Line too long (85 > 79)
QS-014,E501,src/image_downloader/application/service.py,1374,80,Line too long (81 > 79)
QS-014,E501,src/image_downloader/application/service.py,1389,80,Line too long (106 > 79)
QS-014,E501,src/image_downloader/application/service.py,1410,80,Line too long (90 > 79)
QS-014,E501,src/image_downloader/application/service.py,1438,80,Line too long (99 > 79)
QS-014,E501,src/image_downloader/application/service.py,1442,80,Line too long (89 > 79)
QS-014,E501,src/image_downloader/application/service.py,1443,80,Line too long (90 > 79)
QS-014,E501,src/image_downloader/application/service.py,1447,80,Line too long (83 > 79)
QS-014,E501,src/image_downloader/application/service.py,1466,80,Line too long (95 > 79)
QS-014,E501,src/image_downloader/application/service.py,1469,80,Line too long (99 > 79)
QS-014,E501,src/image_downloader/application/service.py,1474,80,Line too long (80 > 79)
QS-014,E501,src/image_downloader/application/service.py,1501,80,Line too long (118 > 79)
QS-014,E501,src/image_downloader/application/verification_recording.py,19,80,Line too long (80 > 79)
QS-014,E501,src/image_downloader/application/verification_recording.py,35,80,Line too long (99 > 79)
QS-014,E501,src/image_downloader/application/verification_recording.py,51,80,Line too long (112 > 79)
QS-014,E501,src/image_downloader/application/workflow.py,1,80,Line too long (80 > 79)
QS-014,E501,src/image_downloader/application/workflow.py,38,80,Line too long (90 > 79)
QS-014,E501,src/image_downloader/application/workflow.py,43,80,Line too long (81 > 79)
QS-014,E501,src/image_downloader/application/workflow.py,68,80,Line too long (86 > 79)
QS-014,E501,src/image_downloader/application/workflow.py,69,80,Line too long (98 > 79)
QS-014,E501,src/image_downloader/application/workflow.py,85,80,Line too long (103 > 79)
QS-014,E501,src/image_downloader/application/workflow.py,95,80,Line too long (115 > 79)
QS-014,E501,src/image_downloader/application/workflow.py,108,80,Line too long (109 > 79)
QS-014,E501,src/image_downloader/application/workflow.py,127,80,Line too long (86 > 79)
QS-014,E501,src/image_downloader/application/workflow.py,168,80,Line too long (113 > 79)
QS-014,E501,src/image_downloader/application/workflow.py,171,80,Line too long (108 > 79)
QS-014,E501,src/image_downloader/application/workflow.py,179,80,Line too long (115 > 79)
QS-014,E501,src/image_downloader/application/workflow.py,182,80,Line too long (84 > 79)
QS-014,E501,src/image_downloader/application/workflow.py,184,80,Line too long (97 > 79)
QS-014,E501,src/image_downloader/application/workflow.py,198,80,Line too long (102 > 79)
QS-014,E501,src/image_downloader/application/workflow.py,202,80,Line too long (107 > 79)
QS-014,E501,src/image_downloader/application/workflow.py,205,80,Line too long (83 > 79)
QS-014,E501,src/image_downloader/application/workflow.py,224,80,Line too long (115 > 79)
QS-014,E501,src/image_downloader/application/workflow.py,226,80,Line too long (84 > 79)
QS-014,E501,src/image_downloader/application/workflow.py,232,80,Line too long (119 > 79)
QS-014,E501,src/image_downloader/application/workflow.py,235,80,Line too long (101 > 79)
QS-014,E501,src/image_downloader/application/workflow.py,238,80,Line too long (100 > 79)
QS-014,E501,src/image_downloader/application/workflow.py,248,80,Line too long (97 > 79)
QS-014,E501,src/image_downloader/application/workflow.py,263,80,Line too long (116 > 79)
QS-014,E501,src/image_downloader/application/workflow.py,264,80,Line too long (107 > 79)
QS-014,E501,src/image_downloader/application/workflow.py,267,80,Line too long (97 > 79)
QS-014,E501,src/image_downloader/application/workflow.py,281,80,Line too long (94 > 79)
QS-014,E501,src/image_downloader/application/workflow.py,284,80,Line too long (100 > 79)
QS-014,E501,src/image_downloader/application/workflow.py,295,80,Line too long (106 > 79)
QS-014,E501,src/image_downloader/application/workflow.py,298,80,Line too long (87 > 79)
QS-014,E501,src/image_downloader/application/workflow.py,301,80,Line too long (107 > 79)
QS-014,E501,src/image_downloader/application/workflow.py,303,80,Line too long (92 > 79)
QS-014,E501,src/image_downloader/application/workflow.py,305,80,Line too long (89 > 79)
QS-014,E501,src/image_downloader/application/workflow.py,307,80,Line too long (100 > 79)
QS-014,E501,src/image_downloader/application/workflow.py,310,80,Line too long (116 > 79)
QS-014,E501,src/image_downloader/application/workflow.py,316,80,Line too long (82 > 79)
QS-014,E501,src/image_downloader/application/workflow.py,330,80,Line too long (88 > 79)
QS-014,E501,src/image_downloader/application/workflow.py,334,80,Line too long (104 > 79)
QS-014,E501,src/image_downloader/application/workflow.py,347,80,Line too long (103 > 79)
QS-014,E501,src/image_downloader/application/workflow.py,358,80,Line too long (92 > 79)
QS-014,E501,src/image_downloader/application/workflow.py,359,80,Line too long (91 > 79)
QS-014,E501,src/image_downloader/application/workflow.py,360,80,Line too long (84 > 79)
QS-014,E501,src/image_downloader/application/workflow.py,361,80,Line too long (80 > 79)
QS-014,E501,src/image_downloader/application/workflow.py,365,80,Line too long (89 > 79)
QS-014,E501,src/image_downloader/application/workflow.py,366,80,Line too long (113 > 79)
QS-014,E501,src/image_downloader/application/workflow.py,368,80,Line too long (82 > 79)
QS-014,E501,src/image_downloader/application/workflow.py,430,80,Line too long (87 > 79)
QS-014,E501,src/image_downloader/application/workflow.py,434,80,Line too long (113 > 79)
QS-014,E501,src/image_downloader/application/workflow.py,453,80,Line too long (101 > 79)
QS-014,E501,src/image_downloader/application/workflow.py,462,80,Line too long (113 > 79)
QS-014,E501,src/image_downloader/application/workflow.py,470,80,Line too long (91 > 79)
QS-014,E501,src/image_downloader/application/workflow.py,473,80,Line too long (108 > 79)
QS-014,E501,src/image_downloader/application/workflow.py,481,80,Line too long (97 > 79)
QS-014,E501,src/image_downloader/application/workflow.py,494,80,Line too long (110 > 79)
QS-014,E501,src/image_downloader/application/workflow.py,505,80,Line too long (100 > 79)
QS-014,E501,src/image_downloader/application/workflow_plan.py,1,80,Line too long (82 > 79)
QS-014,E501,src/image_downloader/application/workflow_plan.py,13,80,Line too long (90 > 79)
QS-014,E501,src/image_downloader/application/workflow_plan.py,33,80,Line too long (103 > 79)
QS-014,E501,src/image_downloader/application/workflow_plan.py,44,80,Line too long (102 > 79)
QS-014,E501,src/image_downloader/application/workflow_plan.py,48,80,Line too long (88 > 79)
QS-014,E501,src/image_downloader/application/workflow_plan.py,61,80,Line too long (102 > 79)
QS-014,E501,src/image_downloader/application/workflow_plan.py,63,80,Line too long (83 > 79)
QS-014,E501,src/image_downloader/application/workflow_plan.py,65,80,Line too long (83 > 79)
QS-014,E501,src/image_downloader/application/workflow_plan.py,72,80,Line too long (107 > 79)
QS-014,E501,src/image_downloader/application/workflow_plan.py,88,80,Line too long (110 > 79)
QS-014,E501,src/image_downloader/application/workflow_plan.py,94,80,Line too long (106 > 79)
QS-014,E501,src/image_downloader/application/workflow_plan.py,100,80,Line too long (96 > 79)
QS-014,E501,src/image_downloader/application/workflow_recording.py,21,80,Line too long (83 > 79)
QS-014,E501,src/image_downloader/application/workflow_recording.py,22,80,Line too long (117 > 79)
QS-014,E501,src/image_downloader/application/workflow_recording.py,42,80,Line too long (105 > 79)
QS-014,E501,src/image_downloader/application/workflow_recording.py,61,80,Line too long (89 > 79)
QS-014,E501,src/image_downloader/application/workflow_recording.py,65,80,Line too long (98 > 79)
QS-014,E501,src/image_downloader/application/workflow_recording.py,70,80,Line too long (91 > 79)
QS-014,E501,src/image_downloader/application/workflow_recording.py,79,80,Line too long (103 > 79)
QS-014,E501,src/image_downloader/application/workflow_recording.py,83,80,Line too long (106 > 79)
QS-014,E501,src/image_downloader/application/workflow_recording.py,88,80,Line too long (81 > 79)
QS-014,E501,src/image_downloader/application/workflow_recording.py,91,80,Line too long (120 > 79)
QS-014,E501,src/image_downloader/application/workflow_recording.py,96,80,Line too long (105 > 79)
QS-014,E501,src/image_downloader/application/workflow_recording.py,101,80,Line too long (99 > 79)
QS-014,E501,src/image_downloader/application/workflow_recording.py,105,80,Line too long (89 > 79)
QS-014,E501,src/image_downloader/application/workflow_recording.py,111,80,Line too long (91 > 79)
QS-014,E501,src/image_downloader/application/workflow_recording.py,116,80,Line too long (91 > 79)
QS-014,E501,src/image_downloader/application/workflow_recording.py,125,80,Line too long (103 > 79)
QS-014,E501,src/image_downloader/application/workflow_recording.py,129,80,Line too long (106 > 79)
QS-014,E501,src/image_downloader/application/workflow_recording.py,134,80,Line too long (81 > 79)
QS-014,E501,src/image_downloader/application/workflow_recording.py,137,80,Line too long (81 > 79)
QS-014,E501,src/image_downloader/application/workflow_recording.py,138,80,Line too long (82 > 79)
QS-014,E501,src/image_downloader/application/workflow_reporting.py,11,80,Line too long (88 > 79)
QS-014,E501,src/image_downloader/application/workflow_reporting.py,13,80,Line too long (82 > 79)
QS-014,E501,src/image_downloader/application/workflow_reporting.py,29,80,Line too long (94 > 79)
QS-014,E501,src/image_downloader/application/workflow_reporting.py,32,80,Line too long (89 > 79)
QS-014,E501,src/image_downloader/application/workflow_reporting.py,33,80,Line too long (115 > 79)
QS-014,E501,src/image_downloader/application/workflow_reporting.py,39,80,Line too long (89 > 79)
QS-014,E501,src/image_downloader/application/workflow_reporting.py,55,80,Line too long (85 > 79)
QS-014,E501,src/image_downloader/application/workflow_reporting.py,65,80,Line too long (81 > 79)
QS-014,E501,src/image_downloader/application/workflow_reporting.py,69,80,Line too long (80 > 79)
QS-014,E501,src/image_downloader/application/workflow_reporting.py,119,80,Line too long (86 > 79)
QS-014,E501,src/image_downloader/application/workflow_reporting.py,130,80,Line too long (88 > 79)
QS-014,E501,src/image_downloader/application/workflow_reporting.py,131,80,Line too long (83 > 79)
QS-014,E501,src/image_downloader/application/workflow_reporting.py,134,80,Line too long (85 > 79)
QS-014,E501,src/image_downloader/application/workflow_reporting.py,136,80,Line too long (119 > 79)
QS-014,E501,src/image_downloader/application/workflow_reporting.py,146,80,Line too long (91 > 79)
QS-014,E501,src/image_downloader/application/workflow_reporting.py,147,80,Line too long (81 > 79)
QS-014,E501,src/image_downloader/application/workflow_retry.py,24,80,Line too long (108 > 79)
QS-014,E501,src/image_downloader/application/workflow_retry.py,39,80,Line too long (90 > 79)
QS-014,E501,src/image_downloader/application/workflow_retry.py,52,80,Line too long (88 > 79)
QS-014,E501,src/image_downloader/application/workflow_retry.py,60,80,Line too long (90 > 79)
QS-014,E501,src/image_downloader/application/workflow_retry.py,61,80,Line too long (114 > 79)
QS-014,E501,src/image_downloader/application/workflow_retry.py,65,80,Line too long (101 > 79)
QS-014,E501,src/image_downloader/application/workflow_retry.py,86,80,Line too long (103 > 79)
QS-014,E501,src/image_downloader/application/workflow_retry.py,91,80,Line too long (87 > 79)
QS-014,E501,src/image_downloader/application/workflow_retry.py,99,80,Line too long (86 > 79)
QS-014,E501,src/image_downloader/application/workflow_retry.py,115,80,Line too long (105 > 79)
QS-014,E501,src/image_downloader/application/workflow_retry.py,119,80,Line too long (94 > 79)
QS-014,E501,src/image_downloader/application/workflow_retry.py,126,80,Line too long (83 > 79)
QS-014,E501,src/image_downloader/application/workflow_retry.py,128,80,Line too long (96 > 79)
QS-014,E501,src/image_downloader/application/workflow_retry.py,140,80,Line too long (115 > 79)
QS-014,E501,src/image_downloader/application/workflow_retry.py,155,80,Line too long (97 > 79)
QS-014,E501,src/image_downloader/application/workflow_retry.py,168,80,Line too long (103 > 79)
QS-014,E501,src/image_downloader/application/workflow_selection.py,1,80,Line too long (87 > 79)
QS-014,E501,src/image_downloader/application/workflow_selection.py,8,80,Line too long (110 > 79)
QS-014,E501,src/image_downloader/application/workflow_selection.py,12,80,Line too long (87 > 79)
QS-014,E501,src/image_downloader/application/workflow_selection.py,16,80,Line too long (82 > 79)
QS-014,E501,src/image_downloader/application/workflow_selection.py,20,80,Line too long (80 > 79)
QS-014,E501,src/image_downloader/application/workflow_selection.py,21,80,Line too long (87 > 79)
QS-014,E501,src/image_downloader/application/workflow_selection.py,23,80,Line too long (89 > 79)
QS-014,E501,src/image_downloader/application/workflow_selection.py,32,80,Line too long (87 > 79)
QS-014,E501,src/image_downloader/application/workflow_selection.py,33,80,Line too long (82 > 79)
QS-014,E501,src/image_downloader/application/workflow_selection.py,37,80,Line too long (85 > 79)
QS-014,E501,src/image_downloader/application/workflow_selection.py,42,80,Line too long (84 > 79)
QS-014,E501,src/image_downloader/application/workflow_selection.py,44,80,Line too long (100 > 79)
QS-014,E501,src/image_downloader/application/workflow_selection.py,45,80,Line too long (81 > 79)
QS-014,E501,src/image_downloader/application/workflow_selection.py,52,80,Line too long (100 > 79)
QS-014,E501,src/image_downloader/application/workflow_selection.py,55,80,Line too long (109 > 79)
QS-014,E501,src/image_downloader/application/workflow_selection.py,60,80,Line too long (110 > 79)
QS-014,E501,src/image_downloader/application/workflow_selection.py,64,80,Line too long (83 > 79)
QS-014,E501,src/image_downloader/application/workflow_selection.py,67,80,Line too long (103 > 79)
QS-014,E501,src/image_downloader/application/workflow_selection.py,74,80,Line too long (81 > 79)
QS-014,E501,src/image_downloader/application/workflow_selection.py,77,80,Line too long (80 > 79)
QS-014,E501,src/image_downloader/application/workflow_state.py,10,80,Line too long (114 > 79)
QS-014,E501,src/image_downloader/application/workflow_state.py,23,80,Line too long (81 > 79)
QS-014,E501,src/image_downloader/application/workflow_state.py,25,80,Line too long (95 > 79)
QS-014,E501,src/image_downloader/application/workflow_state.py,27,80,Line too long (81 > 79)
QS-014,E501,src/image_downloader/application/workflow_state.py,46,80,Line too long (111 > 79)
QS-014,E501,src/image_downloader/application/workflow_state.py,53,80,Line too long (89 > 79)
QS-014,E501,src/image_downloader/application/workflow_state.py,54,80,Line too long (98 > 79)
QS-014,E501,src/image_downloader/application/workflow_state.py,55,80,Line too long (91 > 79)
QS-014,E501,src/image_downloader/application/workflow_state.py,57,80,Line too long (103 > 79)
QS-014,E501,src/image_downloader/application/workflow_state.py,59,80,Line too long (94 > 79)
QS-014,E501,src/image_downloader/application/workflow_state.py,62,80,Line too long (86 > 79)
QS-014,E501,src/image_downloader/application/workflow_state.py,71,80,Line too long (101 > 79)
QS-014,E501,src/image_downloader/application/workflow_state.py,75,80,Line too long (85 > 79)
QS-014,E501,src/image_downloader/application/workflow_state.py,87,80,Line too long (82 > 79)
QS-014,E501,src/image_downloader/application/workflow_verification.py,16,80,Line too long (105 > 79)
QS-014,E501,src/image_downloader/application/workflow_verification.py,27,80,Line too long (82 > 79)
QS-014,E501,src/image_downloader/application/workflow_verification.py,35,80,Line too long (88 > 79)
QS-014,E501,src/image_downloader/application/workflow_verification.py,37,80,Line too long (98 > 79)
QS-014,E501,src/image_downloader/application/workflow_verification.py,53,80,Line too long (86 > 79)
QS-014,E501,src/image_downloader/application/workflow_verification.py,60,80,Line too long (81 > 79)
QS-014,E501,src/image_downloader/application/workflow_verification.py,72,80,Line too long (120 > 79)
QS-014,E501,src/image_downloader/application/workflow_verification.py,78,80,Line too long (95 > 79)
QS-014,E501,src/image_downloader/application/workflow_verification.py,80,80,Line too long (97 > 79)
QS-014,E501,src/image_downloader/application/workflow_verification.py,96,80,Line too long (101 > 79)
QS-014,E501,src/image_downloader/application/workflow_verification.py,97,80,Line too long (89 > 79)
QS-014,E501,src/image_downloader/application/workflow_verification.py,102,80,Line too long (101 > 79)
QS-014,E501,src/image_downloader/application/workflow_verification.py,117,80,Line too long (85 > 79)
QS-014,E501,src/image_downloader/application/workflow_verification.py,122,80,Line too long (88 > 79)
QS-014,E501,src/image_downloader/application/workflow_verification.py,123,80,Line too long (91 > 79)
QS-014,E501,src/image_downloader/application/workflow_verification.py,131,80,Line too long (81 > 79)
QS-014,E501,src/image_downloader/application/workflow_verification.py,132,80,Line too long (85 > 79)
QS-014,E501,src/image_downloader/application/workflow_verification.py,138,80,Line too long (120 > 79)
QS-014,E501,src/image_downloader/application/workflow_verification.py,140,80,Line too long (120 > 79)
QS-014,E501,src/image_downloader/commands/config.py,12,80,Line too long (98 > 79)
QS-014,E501,src/image_downloader/commands/config.py,14,80,Line too long (91 > 79)
QS-014,E501,src/image_downloader/commands/config.py,26,80,Line too long (89 > 79)
QS-014,E501,src/image_downloader/commands/config.py,57,80,Line too long (102 > 79)
QS-014,E501,src/image_downloader/commands/config.py,60,80,Line too long (93 > 79)
QS-014,E501,src/image_downloader/commands/config.py,70,80,Line too long (104 > 79)
QS-014,E501,src/image_downloader/commands/config.py,77,80,Line too long (115 > 79)
QS-014,E501,src/image_downloader/commands/config.py,105,80,Line too long (105 > 79)
QS-014,E501,src/image_downloader/commands/config.py,124,80,Line too long (113 > 79)
QS-014,E501,src/image_downloader/commands/config.py,131,80,Line too long (105 > 79)
QS-014,E501,src/image_downloader/commands/config.py,136,80,Line too long (95 > 79)
QS-014,E501,src/image_downloader/commands/config.py,145,80,Line too long (97 > 79)
QS-014,E501,src/image_downloader/commands/config.py,149,80,Line too long (86 > 79)
QS-014,E501,src/image_downloader/commands/config.py,156,80,Line too long (85 > 79)
QS-014,E501,src/image_downloader/commands/config.py,173,80,Line too long (87 > 79)
QS-014,E501,src/image_downloader/commands/config.py,175,80,Line too long (92 > 79)
QS-014,E501,src/image_downloader/commands/config.py,176,80,Line too long (85 > 79)
QS-014,E501,src/image_downloader/commands/config.py,180,80,Line too long (108 > 79)
QS-014,E501,src/image_downloader/commands/config.py,181,80,Line too long (100 > 79)
QS-014,E501,src/image_downloader/commands/config.py,184,80,Line too long (83 > 79)
QS-014,E501,src/image_downloader/commands/config.py,194,80,Line too long (85 > 79)
QS-014,E501,src/image_downloader/commands/config.py,197,80,Line too long (95 > 79)
QS-014,E501,src/image_downloader/commands/config.py,204,80,Line too long (99 > 79)
QS-014,E501,src/image_downloader/commands/config.py,207,80,Line too long (86 > 79)
QS-014,E501,src/image_downloader/commands/config.py,208,80,Line too long (108 > 79)
QS-014,E501,src/image_downloader/commands/config.py,209,80,Line too long (100 > 79)
QS-014,E501,src/image_downloader/commands/config.py,210,80,Line too long (88 > 79)
QS-014,E501,src/image_downloader/commands/config.py,212,80,Line too long (92 > 79)
QS-014,E501,src/image_downloader/commands/config.py,215,80,Line too long (109 > 79)
QS-014,E501,src/image_downloader/commands/config.py,217,80,Line too long (97 > 79)
QS-014,E501,src/image_downloader/commands/config.py,249,80,Line too long (106 > 79)
QS-014,E501,src/image_downloader/commands/constants.py,3,80,Line too long (105 > 79)
QS-014,E501,src/image_downloader/commands/cookie.py,48,80,Line too long (103 > 79)
QS-014,E501,src/image_downloader/commands/cookie.py,52,80,Line too long (107 > 79)
QS-014,E501,src/image_downloader/commands/cookie.py,54,80,Line too long (107 > 79)
QS-014,E501,src/image_downloader/commands/cookie.py,58,80,Line too long (81 > 79)
QS-014,E501,src/image_downloader/commands/cookie.py,60,80,Line too long (114 > 79)
QS-014,E501,src/image_downloader/commands/cookie.py,73,80,Line too long (85 > 79)
QS-014,E501,src/image_downloader/commands/cookie.py,75,80,Line too long (81 > 79)
QS-014,E501,src/image_downloader/commands/dispatch.py,23,80,Line too long (89 > 79)
QS-014,E501,src/image_downloader/commands/dispatch.py,54,80,Line too long (101 > 79)
QS-014,E501,src/image_downloader/commands/dispatch.py,58,80,Line too long (90 > 79)
QS-014,E501,src/image_downloader/commands/dispatch.py,59,80,Line too long (86 > 79)
QS-014,E501,src/image_downloader/commands/dispatch.py,114,80,Line too long (81 > 79)
QS-014,E501,src/image_downloader/commands/dispatch.py,119,80,Line too long (82 > 79)
QS-014,E501,src/image_downloader/commands/dispatch.py,138,80,Line too long (81 > 79)
QS-014,E501,src/image_downloader/commands/dispatch.py,139,80,Line too long (117 > 79)
QS-014,E501,src/image_downloader/commands/doctor.py,17,80,Line too long (105 > 79)
QS-014,E501,src/image_downloader/commands/doctor.py,52,80,Line too long (81 > 79)
QS-014,E501,src/image_downloader/commands/doctor.py,63,80,Line too long (81 > 79)
QS-014,E501,src/image_downloader/commands/doctor.py,64,80,Line too long (105 > 79)
QS-014,E501,src/image_downloader/commands/doctor.py,83,80,Line too long (119 > 79)
QS-014,E501,src/image_downloader/commands/doctor.py,84,80,Line too long (113 > 79)
QS-014,E501,src/image_downloader/commands/doctor.py,87,80,Line too long (87 > 79)
QS-014,E501,src/image_downloader/commands/doctor.py,106,80,Line too long (113 > 79)
QS-014,E501,src/image_downloader/commands/doctor.py,113,80,Line too long (94 > 79)
QS-014,E501,src/image_downloader/commands/doctor.py,115,80,Line too long (81 > 79)
QS-014,E501,src/image_downloader/commands/doctor.py,118,80,Line too long (86 > 79)
QS-014,E501,src/image_downloader/commands/doctor.py,120,80,Line too long (85 > 79)
QS-014,E501,src/image_downloader/commands/doctor.py,124,80,Line too long (84 > 79)
QS-014,E501,src/image_downloader/commands/doctor.py,154,80,Line too long (83 > 79)
QS-014,E501,src/image_downloader/commands/doctor.py,160,80,Line too long (83 > 79)
QS-014,E501,src/image_downloader/commands/download.py,17,80,Line too long (82 > 79)
QS-014,E501,src/image_downloader/commands/download.py,36,80,Line too long (117 > 79)
QS-014,E501,src/image_downloader/commands/download.py,39,80,Line too long (86 > 79)
QS-014,E501,src/image_downloader/commands/download.py,41,80,Line too long (83 > 79)
QS-014,E501,src/image_downloader/commands/download.py,43,80,Line too long (104 > 79)
QS-014,E501,src/image_downloader/commands/download.py,56,80,Line too long (83 > 79)
QS-014,E501,src/image_downloader/commands/download.py,65,80,Line too long (95 > 79)
QS-014,E501,src/image_downloader/commands/download.py,78,80,Line too long (117 > 79)
QS-014,E501,src/image_downloader/commands/download.py,79,80,Line too long (106 > 79)
QS-014,E501,src/image_downloader/commands/download.py,81,80,Line too long (102 > 79)
QS-014,E501,src/image_downloader/commands/download.py,86,80,Line too long (90 > 79)
QS-014,E501,src/image_downloader/commands/download.py,104,80,Line too long (106 > 79)
QS-014,E501,src/image_downloader/commands/download.py,109,80,Line too long (94 > 79)
QS-014,E501,src/image_downloader/commands/download.py,110,80,Line too long (103 > 79)
QS-014,E501,src/image_downloader/commands/download.py,112,80,Line too long (102 > 79)
QS-014,E501,src/image_downloader/commands/download.py,114,80,Line too long (93 > 79)
QS-014,E501,src/image_downloader/commands/download.py,115,80,Line too long (116 > 79)
QS-014,E501,src/image_downloader/commands/download.py,118,80,Line too long (83 > 79)
QS-014,E501,src/image_downloader/commands/download.py,134,80,Line too long (83 > 79)
QS-014,E501,src/image_downloader/commands/inspect.py,14,80,Line too long (101 > 79)
QS-014,E501,src/image_downloader/commands/inspect.py,54,80,Line too long (80 > 79)
QS-014,E501,src/image_downloader/commands/inspect.py,74,80,Line too long (83 > 79)
QS-014,E501,src/image_downloader/commands/inspect.py,100,80,Line too long (83 > 79)
QS-014,E501,src/image_downloader/commands/inspect.py,104,80,Line too long (96 > 79)
QS-014,E501,src/image_downloader/commands/inspect.py,105,80,Line too long (96 > 79)
QS-014,E501,src/image_downloader/commands/inspect.py,117,80,Line too long (88 > 79)
QS-014,E501,src/image_downloader/commands/inspect.py,168,80,Line too long (82 > 79)
QS-014,E501,src/image_downloader/commands/inspect.py,179,80,Line too long (88 > 79)
QS-014,E501,src/image_downloader/commands/inspect.py,186,80,Line too long (101 > 79)
QS-014,E501,src/image_downloader/commands/inspect.py,187,80,Line too long (97 > 79)
QS-014,E501,src/image_downloader/commands/inspect.py,202,80,Line too long (86 > 79)
QS-014,E501,src/image_downloader/commands/inspect.py,204,80,Line too long (97 > 79)
QS-014,E501,src/image_downloader/commands/options.py,1,80,Line too long (83 > 79)
QS-014,E501,src/image_downloader/commands/options.py,32,80,Line too long (112 > 79)
QS-014,E501,src/image_downloader/commands/options.py,49,80,Line too long (102 > 79)
QS-014,E501,src/image_downloader/commands/options.py,51,80,Line too long (104 > 79)
QS-014,E501,src/image_downloader/commands/options.py,52,80,Line too long (92 > 79)
QS-014,E501,src/image_downloader/commands/options.py,58,80,Line too long (85 > 79)
QS-014,E501,src/image_downloader/commands/options.py,62,80,Line too long (119 > 79)
QS-014,E501,src/image_downloader/commands/options.py,63,80,Line too long (91 > 79)
QS-014,E501,src/image_downloader/commands/options.py,64,80,Line too long (88 > 79)
QS-014,E501,src/image_downloader/commands/options.py,65,80,Line too long (114 > 79)
QS-014,E501,src/image_downloader/commands/options.py,71,80,Line too long (90 > 79)
QS-014,E501,src/image_downloader/commands/options.py,80,80,Line too long (81 > 79)
QS-014,E501,src/image_downloader/commands/options.py,81,80,Line too long (82 > 79)
QS-014,E501,src/image_downloader/commands/options.py,82,80,Line too long (99 > 79)
QS-014,E501,src/image_downloader/commands/options.py,83,80,Line too long (110 > 79)
QS-014,E501,src/image_downloader/commands/options.py,85,80,Line too long (120 > 79)
QS-014,E501,src/image_downloader/commands/options.py,86,80,Line too long (115 > 79)
QS-014,E501,src/image_downloader/commands/options.py,87,80,Line too long (97 > 79)
QS-014,E501,src/image_downloader/commands/options.py,98,80,Line too long (109 > 79)
QS-014,E501,src/image_downloader/commands/options.py,102,80,Line too long (104 > 79)
QS-014,E501,src/image_downloader/commands/options.py,106,80,Line too long (97 > 79)
QS-014,E501,src/image_downloader/commands/options.py,107,80,Line too long (90 > 79)
QS-014,E501,src/image_downloader/commands/options.py,108,80,Line too long (107 > 79)
QS-014,E501,src/image_downloader/commands/options.py,110,80,Line too long (111 > 79)
QS-014,E501,src/image_downloader/commands/options.py,120,80,Line too long (112 > 79)
QS-014,E501,src/image_downloader/commands/options.py,121,80,Line too long (97 > 79)
QS-014,E501,src/image_downloader/commands/options.py,122,80,Line too long (97 > 79)
QS-014,E501,src/image_downloader/commands/options.py,124,80,Line too long (110 > 79)
QS-014,E501,src/image_downloader/commands/options.py,126,80,Line too long (110 > 79)
QS-014,E501,src/image_downloader/commands/options.py,134,80,Line too long (92 > 79)
QS-014,E501,src/image_downloader/commands/options.py,135,80,Line too long (104 > 79)
QS-014,E501,src/image_downloader/commands/options.py,136,80,Line too long (114 > 79)
QS-014,E501,src/image_downloader/commands/options.py,138,80,Line too long (117 > 79)
QS-014,E501,src/image_downloader/commands/parser.py,15,80,Line too long (98 > 79)
QS-014,E501,src/image_downloader/commands/parser.py,21,80,Line too long (113 > 79)
QS-014,E501,src/image_downloader/commands/parser.py,46,80,Line too long (86 > 79)
QS-014,E501,src/image_downloader/commands/parser.py,54,80,Line too long (92 > 79)
QS-014,E501,src/image_downloader/commands/parser.py,56,80,Line too long (101 > 79)
QS-014,E501,src/image_downloader/commands/parser.py,69,80,Line too long (99 > 79)
QS-014,E501,src/image_downloader/commands/parser.py,78,80,Line too long (91 > 79)
QS-014,E501,src/image_downloader/commands/parser.py,98,80,Line too long (103 > 79)
QS-014,E501,src/image_downloader/commands/parser.py,103,80,Line too long (97 > 79)
QS-014,E501,src/image_downloader/commands/parser.py,105,80,Line too long (98 > 79)
QS-014,E501,src/image_downloader/commands/parser.py,112,80,Line too long (82 > 79)
QS-014,E501,src/image_downloader/commands/parser.py,121,80,Line too long (107 > 79)
QS-014,E501,src/image_downloader/commands/parser.py,143,80,Line too long (100 > 79)
QS-014,E501,src/image_downloader/commands/parser.py,146,80,Line too long (103 > 79)
QS-014,E501,src/image_downloader/commands/parser.py,152,80,Line too long (103 > 79)
QS-014,E501,src/image_downloader/commands/parser.py,174,80,Line too long (80 > 79)
QS-014,E501,src/image_downloader/commands/parser.py,175,80,Line too long (82 > 79)
QS-014,E501,src/image_downloader/commands/parser.py,179,80,Line too long (82 > 79)
QS-014,E501,src/image_downloader/commands/parser.py,184,80,Line too long (81 > 79)
QS-014,E501,src/image_downloader/commands/parser.py,196,80,Line too long (91 > 79)
QS-014,E501,src/image_downloader/commands/parser.py,202,80,Line too long (120 > 79)
QS-014,E501,src/image_downloader/commands/parser.py,203,80,Line too long (100 > 79)
QS-014,E501,src/image_downloader/commands/parser.py,209,80,Line too long (110 > 79)
QS-014,E501,src/image_downloader/commands/parser.py,221,80,Line too long (82 > 79)
QS-014,E501,src/image_downloader/commands/parser.py,222,80,Line too long (99 > 79)
QS-014,E501,src/image_downloader/commands/parser.py,224,80,Line too long (84 > 79)
QS-014,E501,src/image_downloader/commands/parser.py,231,80,Line too long (113 > 79)
QS-014,E501,src/image_downloader/commands/parser.py,232,80,Line too long (118 > 79)
QS-014,E501,src/image_downloader/commands/parser.py,238,80,Line too long (91 > 79)
QS-014,E501,src/image_downloader/commands/parser.py,239,80,Line too long (108 > 79)
QS-014,E501,src/image_downloader/commands/parser.py,255,80,Line too long (94 > 79)
QS-014,E501,src/image_downloader/commands/parser.py,268,80,Line too long (83 > 79)
QS-014,E501,src/image_downloader/commands/parser.py,273,80,Line too long (111 > 79)
QS-014,E501,src/image_downloader/commands/parser.py,279,80,Line too long (107 > 79)
QS-014,E501,src/image_downloader/commands/parser.py,283,80,Line too long (110 > 79)
QS-014,E501,src/image_downloader/commands/parser.py,284,80,Line too long (83 > 79)
QS-014,E501,src/image_downloader/commands/parser.py,285,80,Line too long (119 > 79)
QS-014,E501,src/image_downloader/commands/parser.py,286,80,Line too long (115 > 79)
QS-014,E501,src/image_downloader/commands/parser.py,290,80,Line too long (95 > 79)
QS-014,E501,src/image_downloader/commands/parser.py,294,80,Line too long (88 > 79)
QS-014,E501,src/image_downloader/commands/parser.py,298,80,Line too long (119 > 79)
QS-014,E501,src/image_downloader/commands/parser.py,301,80,Line too long (88 > 79)
QS-014,E501,src/image_downloader/commands/parser.py,306,80,Line too long (92 > 79)
QS-014,E501,src/image_downloader/commands/parser.py,307,80,Line too long (104 > 79)
QS-014,E501,src/image_downloader/commands/plugin.py,12,80,Line too long (94 > 79)
QS-014,E501,src/image_downloader/commands/plugin.py,62,80,Line too long (111 > 79)
QS-014,E501,src/image_downloader/commands/plugin.py,63,80,Line too long (104 > 79)
QS-014,E501,src/image_downloader/commands/plugin.py,84,80,Line too long (118 > 79)
QS-014,E501,src/image_downloader/commands/plugin.py,88,80,Line too long (110 > 79)
QS-014,E501,src/image_downloader/commands/plugin.py,109,80,Line too long (114 > 79)
QS-014,E501,src/image_downloader/commands/plugin.py,115,80,Line too long (93 > 79)
QS-014,E501,src/image_downloader/commands/plugin.py,117,80,Line too long (92 > 79)
QS-014,E501,src/image_downloader/commands/plugin.py,120,80,Line too long (90 > 79)
QS-014,E501,src/image_downloader/commands/plugin.py,121,80,Line too long (97 > 79)
QS-014,E501,src/image_downloader/commands/plugin.py,140,80,Line too long (109 > 79)
QS-014,E501,src/image_downloader/commands/plugin.py,142,80,Line too long (112 > 79)
QS-014,E501,src/image_downloader/commands/plugin.py,152,80,Line too long (89 > 79)
QS-014,E501,src/image_downloader/commands/plugin.py,161,80,Line too long (109 > 79)
QS-014,E501,src/image_downloader/commands/plugin.py,164,80,Line too long (115 > 79)
QS-014,E501,src/image_downloader/commands/plugin.py,173,80,Line too long (106 > 79)
QS-014,E501,src/image_downloader/commands/reporting.py,17,80,Line too long (80 > 79)
QS-014,E501,src/image_downloader/commands/reporting.py,41,80,Line too long (81 > 79)
QS-014,E501,src/image_downloader/commands/reporting.py,42,80,Line too long (101 > 79)
QS-014,E501,src/image_downloader/commands/reporting.py,54,80,Line too long (90 > 79)
QS-014,E501,src/image_downloader/commands/reporting.py,64,80,Line too long (118 > 79)
QS-014,E501,src/image_downloader/commands/reporting.py,77,80,Line too long (97 > 79)
QS-014,E501,src/image_downloader/commands/reporting.py,85,80,Line too long (90 > 79)
QS-014,E501,src/image_downloader/commands/reporting.py,94,80,Line too long (115 > 79)
QS-014,E501,src/image_downloader/commands/reporting.py,104,80,Line too long (81 > 79)
QS-014,E501,src/image_downloader/commands/reporting.py,110,80,Line too long (104 > 79)
QS-014,E501,src/image_downloader/commands/reporting.py,120,80,Line too long (80 > 79)
QS-014,E501,src/image_downloader/commands/reporting.py,124,80,Line too long (115 > 79)
QS-014,E501,src/image_downloader/commands/reporting.py,125,80,Line too long (84 > 79)
QS-014,E501,src/image_downloader/commands/reporting.py,126,80,Line too long (86 > 79)
QS-014,E501,src/image_downloader/commands/reporting.py,132,80,Line too long (90 > 79)
QS-014,E501,src/image_downloader/commands/setup.py,14,80,Line too long (88 > 79)
QS-014,E501,src/image_downloader/commands/setup.py,18,80,Line too long (83 > 79)
QS-014,E501,src/image_downloader/commands/setup.py,21,80,Line too long (91 > 79)
QS-014,E501,src/image_downloader/commands/setup.py,32,80,Line too long (111 > 79)
QS-014,E501,src/image_downloader/commands/setup.py,33,80,Line too long (92 > 79)
QS-014,E501,src/image_downloader/commands/setup.py,42,80,Line too long (94 > 79)
QS-014,E501,src/image_downloader/commands/setup.py,47,80,Line too long (95 > 79)
QS-014,E501,src/image_downloader/commands/setup.py,48,80,Line too long (112 > 79)
QS-014,E501,src/image_downloader/commands/setup.py,53,80,Line too long (81 > 79)
QS-014,E501,src/image_downloader/commands/setup.py,57,80,Line too long (82 > 79)
QS-014,E501,src/image_downloader/commands/setup.py,65,80,Line too long (92 > 79)
QS-014,E501,src/image_downloader/commands/setup.py,66,80,Line too long (85 > 79)
QS-014,E501,src/image_downloader/commands/setup.py,73,80,Line too long (94 > 79)
QS-014,E501,src/image_downloader/commands/setup.py,76,80,Line too long (101 > 79)
QS-014,E501,src/image_downloader/commands/setup.py,78,80,Line too long (83 > 79)
QS-014,E501,src/image_downloader/commands/setup.py,97,80,Line too long (96 > 79)
QS-014,E501,src/image_downloader/commands/setup.py,101,80,Line too long (102 > 79)
QS-014,E501,src/image_downloader/commands/setup.py,107,80,Line too long (100 > 79)
QS-014,E501,src/image_downloader/commands/setup.py,111,80,Line too long (94 > 79)
QS-014,E501,src/image_downloader/commands/setup.py,117,80,Line too long (95 > 79)
QS-014,E501,src/image_downloader/commands/setup.py,118,80,Line too long (104 > 79)
QS-014,E501,src/image_downloader/commands/setup.py,132,80,Line too long (96 > 79)
QS-014,E501,src/image_downloader/commands/setup.py,134,80,Line too long (95 > 79)
QS-014,E501,src/image_downloader/commands/setup.py,138,80,Line too long (84 > 79)
QS-014,E501,src/image_downloader/commands/setup.py,150,80,Line too long (110 > 79)
QS-014,E501,src/image_downloader/commands/setup.py,159,80,Line too long (84 > 79)
QS-014,E501,src/image_downloader/commands/setup.py,168,80,Line too long (108 > 79)
QS-014,E501,src/image_downloader/commands/setup.py,174,80,Line too long (119 > 79)
QS-014,E501,src/image_downloader/commands/setup.py,177,80,Line too long (104 > 79)
QS-014,E501,src/image_downloader/commands/setup.py,183,80,Line too long (92 > 79)
QS-014,E501,src/image_downloader/commands/setup.py,206,80,Line too long (102 > 79)
QS-014,E501,src/image_downloader/commands/setup.py,211,80,Line too long (84 > 79)
QS-014,E501,src/image_downloader/commands/setup.py,224,80,Line too long (110 > 79)
QS-014,E501,src/image_downloader/commands/setup.py,243,80,Line too long (103 > 79)
QS-014,E501,src/image_downloader/commands/setup.py,247,80,Line too long (102 > 79)
QS-014,E501,src/image_downloader/commands/setup.py,252,80,Line too long (115 > 79)
QS-014,E501,src/image_downloader/commands/setup.py,263,80,Line too long (86 > 79)
QS-014,E501,src/image_downloader/commands/setup.py,272,80,Line too long (86 > 79)
QS-014,E501,src/image_downloader/commands/setup.py,281,80,Line too long (90 > 79)
QS-014,E501,src/image_downloader/commands/setup.py,293,80,Line too long (88 > 79)
QS-014,E501,src/image_downloader/commands/setup.py,308,80,Line too long (98 > 79)
QS-014,E501,src/image_downloader/commands/setup.py,316,80,Line too long (96 > 79)
QS-014,E501,src/image_downloader/commands/setup.py,322,80,Line too long (96 > 79)
QS-014,E501,src/image_downloader/commands/setup.py,344,80,Line too long (88 > 79)
QS-014,E501,src/image_downloader/commands/setup.py,347,80,Line too long (102 > 79)
QS-014,E501,src/image_downloader/commands/state.py,28,80,Line too long (89 > 79)
QS-014,E501,src/image_downloader/commands/state.py,34,80,Line too long (80 > 79)
QS-014,E501,src/image_downloader/commands/state.py,73,80,Line too long (91 > 79)
QS-014,E501,src/image_downloader/commands/state.py,85,80,Line too long (100 > 79)
QS-014,E501,src/image_downloader/commands/state.py,88,80,Line too long (87 > 79)
QS-014,E501,src/image_downloader/commands/state.py,93,80,Line too long (101 > 79)
QS-014,E501,src/image_downloader/commands/state.py,97,80,Line too long (106 > 79)
QS-014,E501,src/image_downloader/commands/state.py,99,80,Line too long (97 > 79)
QS-014,E501,src/image_downloader/commands/state.py,103,80,Line too long (115 > 79)
QS-014,E501,src/image_downloader/commands/state.py,106,80,Line too long (106 > 79)
QS-014,E501,src/image_downloader/commands/state.py,118,80,Line too long (99 > 79)
QS-014,E501,src/image_downloader/commands/state.py,132,80,Line too long (97 > 79)
QS-014,E501,src/image_downloader/commands/state.py,133,80,Line too long (100 > 79)
QS-014,E501,src/image_downloader/commands/state.py,136,80,Line too long (84 > 79)
QS-014,E501,src/image_downloader/commands/state_formatting.py,10,80,Line too long (82 > 79)
QS-014,E501,src/image_downloader/commands/state_formatting.py,27,80,Line too long (90 > 79)
QS-014,E501,src/image_downloader/commands/state_formatting.py,28,80,Line too long (97 > 79)
QS-014,E501,src/image_downloader/commands/state_formatting.py,47,80,Line too long (96 > 79)
QS-014,E501,src/image_downloader/commands/state_formatting.py,50,80,Line too long (97 > 79)
QS-014,E501,src/image_downloader/commands/state_formatting.py,51,80,Line too long (99 > 79)
QS-014,E501,src/image_downloader/commands/state_formatting.py,52,80,Line too long (95 > 79)
QS-014,E501,src/image_downloader/commands/state_formatting.py,60,80,Line too long (114 > 79)
QS-014,E501,src/image_downloader/commands/state_formatting.py,81,80,Line too long (88 > 79)
QS-014,E501,src/image_downloader/commands/state_formatting.py,87,80,Line too long (84 > 79)
QS-014,E501,src/image_downloader/commands/state_formatting.py,90,80,Line too long (107 > 79)
QS-014,E501,src/image_downloader/commands/state_formatting.py,91,80,Line too long (91 > 79)
QS-014,E501,src/image_downloader/commands/state_formatting.py,110,80,Line too long (87 > 79)
QS-014,E501,src/image_downloader/commands/state_formatting.py,111,80,Line too long (96 > 79)
QS-014,E501,src/image_downloader/commands/state_formatting.py,114,80,Line too long (96 > 79)
QS-014,E501,src/image_downloader/commands/state_formatting.py,115,80,Line too long (91 > 79)
QS-014,E501,src/image_downloader/commands/state_formatting.py,132,80,Line too long (106 > 79)
QS-014,E501,src/image_downloader/commands/state_formatting.py,134,80,Line too long (85 > 79)
QS-014,E501,src/image_downloader/commands/state_formatting.py,144,80,Line too long (103 > 79)
QS-014,E501,src/image_downloader/commands/state_formatting.py,145,80,Line too long (80 > 79)
QS-014,E501,src/image_downloader/commands/state_formatting.py,148,80,Line too long (82 > 79)
QS-014,E501,src/image_downloader/commands/validation.py,28,80,Line too long (110 > 79)
QS-014,E501,src/image_downloader/commands/validation.py,33,80,Line too long (98 > 79)
QS-014,E501,src/image_downloader/commands/validation.py,58,80,Line too long (102 > 79)
QS-014,E501,src/image_downloader/commands/validation.py,65,80,Line too long (89 > 79)
QS-014,E501,src/image_downloader/commands/validation.py,72,80,Line too long (116 > 79)
QS-014,E501,src/image_downloader/commands/validation.py,84,80,Line too long (116 > 79)
QS-014,E501,src/image_downloader/commands/validation.py,88,80,Line too long (105 > 79)
QS-014,E501,src/image_downloader/commands/validation.py,91,80,Line too long (93 > 79)
QS-014,E501,src/image_downloader/commands/validation.py,97,80,Line too long (113 > 79)
QS-014,E501,src/image_downloader/commands/validation.py,98,80,Line too long (91 > 79)
QS-014,E501,src/image_downloader/commands/validation.py,99,80,Line too long (91 > 79)
QS-014,E501,src/image_downloader/commands/validation.py,112,80,Line too long (106 > 79)
QS-014,E501,src/image_downloader/commands/validation.py,122,80,Line too long (105 > 79)
QS-014,E501,src/image_downloader/commands/validation.py,135,80,Line too long (96 > 79)
QS-014,E501,src/image_downloader/commands/validation.py,143,80,Line too long (119 > 79)
QS-014,E501,src/image_downloader/commands/validation.py,148,80,Line too long (105 > 79)
QS-014,E501,src/image_downloader/commands/validation.py,153,80,Line too long (101 > 79)
QS-014,E501,src/image_downloader/commands/validation.py,154,80,Line too long (109 > 79)
QS-014,E501,src/image_downloader/commands/validation.py,155,80,Line too long (106 > 79)
QS-014,E501,src/image_downloader/commands/validation.py,156,80,Line too long (114 > 79)
QS-014,E501,src/image_downloader/commands/validation.py,157,80,Line too long (94 > 79)
QS-014,E501,src/image_downloader/commands/validation.py,158,80,Line too long (119 > 79)
QS-014,E501,src/image_downloader/commands/validation.py,171,80,Line too long (112 > 79)
QS-014,E501,src/image_downloader/commands/validation.py,173,80,Line too long (113 > 79)
QS-014,E501,src/image_downloader/commands/validation.py,178,80,Line too long (86 > 79)
QS-014,E501,src/image_downloader/commands/validation.py,180,80,Line too long (117 > 79)
QS-014,E501,src/image_downloader/commands/validation.py,186,80,Line too long (112 > 79)
QS-014,E501,src/image_downloader/commands/validation.py,195,80,Line too long (103 > 79)
QS-014,E501,src/image_downloader/commands/validation.py,198,80,Line too long (108 > 79)
QS-014,E501,src/image_downloader/commands/validation.py,205,80,Line too long (104 > 79)
QS-014,E501,src/image_downloader/commands/validation.py,217,80,Line too long (103 > 79)
QS-014,E501,src/image_downloader/commands/validation.py,220,80,Line too long (117 > 79)
QS-014,E501,src/image_downloader/commands/validation.py,225,80,Line too long (86 > 79)
QS-014,E501,src/image_downloader/commands/validation.py,237,80,Line too long (107 > 79)
QS-014,E501,src/image_downloader/commands/validation.py,242,80,Line too long (84 > 79)
QS-014,E501,src/image_downloader/commands/validation.py,255,80,Line too long (82 > 79)
QS-014,E501,src/image_downloader/commands/validation.py,269,80,Line too long (80 > 79)
QS-014,E501,src/image_downloader/commands/validation.py,274,80,Line too long (116 > 79)
QS-014,E501,src/image_downloader/commands/validation.py,282,80,Line too long (81 > 79)
QS-014,E501,src/image_downloader/commands/validation.py,297,80,Line too long (96 > 79)
QS-014,E501,src/image_downloader/commands/verify.py,23,80,Line too long (93 > 79)
QS-014,E501,src/image_downloader/commands/verify.py,26,80,Line too long (80 > 79)
QS-014,E501,src/image_downloader/commands/verify.py,28,80,Line too long (96 > 79)
QS-014,E501,src/image_downloader/commands/verify.py,29,80,Line too long (80 > 79)
QS-014,E501,src/image_downloader/commands/verify.py,32,80,Line too long (82 > 79)
QS-014,E501,src/image_downloader/commands/verify.py,35,80,Line too long (111 > 79)
QS-014,E501,src/image_downloader/commands/verify.py,46,80,Line too long (113 > 79)
QS-014,E501,src/image_downloader/commands/verify.py,50,80,Line too long (94 > 79)
QS-014,E501,src/image_downloader/commands/verify.py,55,80,Line too long (119 > 79)
QS-014,E501,src/image_downloader/commands/verify.py,60,80,Line too long (118 > 79)
QS-014,E501,src/image_downloader/commands/verify.py,63,80,Line too long (86 > 79)
QS-014,E501,src/image_downloader/commands/workflow.py,1,80,Line too long (81 > 79)
QS-014,E501,src/image_downloader/commands/workflow.py,20,80,Line too long (94 > 79)
QS-014,E501,src/image_downloader/commands/workflow.py,24,80,Line too long (82 > 79)
QS-014,E501,src/image_downloader/commands/workflow.py,33,80,Line too long (96 > 79)
QS-014,E501,src/image_downloader/commands/workflow.py,53,80,Line too long (103 > 79)
QS-014,E501,src/image_downloader/commands/workflow.py,54,80,Line too long (86 > 79)
QS-014,E501,src/image_downloader/commands/workflow.py,78,80,Line too long (81 > 79)
QS-014,E501,src/image_downloader/commands/workflow.py,79,80,Line too long (85 > 79)
QS-014,E501,src/image_downloader/commands/workflow.py,80,80,Line too long (85 > 79)
QS-014,E501,src/image_downloader/commands/workflow.py,84,80,Line too long (86 > 79)
QS-014,E501,src/image_downloader/commands/workflow.py,88,80,Line too long (104 > 79)
QS-014,E501,src/image_downloader/commands/workflow.py,89,80,Line too long (97 > 79)
QS-014,E501,src/image_downloader/commands/workflow.py,99,80,Line too long (82 > 79)
QS-014,E501,src/image_downloader/commands/workflow.py,110,80,Line too long (87 > 79)
QS-014,E501,src/image_downloader/commands/workflow.py,115,80,Line too long (88 > 79)
QS-014,E501,src/image_downloader/commands/workflow.py,116,80,Line too long (110 > 79)
QS-014,E501,src/image_downloader/commands/workflow.py,117,80,Line too long (88 > 79)
QS-014,E501,src/image_downloader/commands/workflow.py,120,80,Line too long (107 > 79)
QS-014,E501,src/image_downloader/commands/workflow.py,124,80,Line too long (111 > 79)
QS-014,E501,src/image_downloader/commands/workflow.py,131,80,Line too long (102 > 79)
QS-014,E501,src/image_downloader/commands/workflow.py,132,80,Line too long (95 > 79)
QS-014,E501,src/image_downloader/commands/workflow.py,133,80,Line too long (87 > 79)
QS-014,E501,src/image_downloader/commands/workflow.py,145,80,Line too long (106 > 79)
QS-014,E501,src/image_downloader/commands/workflow.py,146,80,Line too long (86 > 79)
QS-014,E501,src/image_downloader/commands/workflow.py,149,80,Line too long (84 > 79)
QS-014,E501,src/image_downloader/commands/workflow.py,160,80,Line too long (89 > 79)
QS-014,E501,src/image_downloader/commands/workflow.py,162,80,Line too long (102 > 79)
QS-014,E501,src/image_downloader/commands/workflow.py,163,80,Line too long (120 > 79)
QS-014,E501,src/image_downloader/commands/workflow.py,166,80,Line too long (97 > 79)
QS-014,E501,src/image_downloader/commands/workflow.py,171,80,Line too long (84 > 79)
QS-014,E501,src/image_downloader/commands/workflow.py,173,80,Line too long (110 > 79)
QS-014,E501,src/image_downloader/commands/workflow.py,194,80,Line too long (107 > 79)
QS-014,E501,src/image_downloader/commands/workflow.py,198,80,Line too long (100 > 79)
QS-014,E501,src/image_downloader/commands/workflow.py,205,80,Line too long (83 > 79)
QS-014,E501,src/image_downloader/commands/workflow.py,206,80,Line too long (93 > 79)
QS-014,E501,src/image_downloader/commands/workflow.py,209,80,Line too long (98 > 79)
QS-014,E501,src/image_downloader/commands/workflow.py,210,80,Line too long (80 > 79)
QS-014,E501,src/image_downloader/commands/workflow.py,211,80,Line too long (90 > 79)
QS-014,E501,src/image_downloader/commands/workflow.py,212,80,Line too long (81 > 79)
QS-014,E501,src/image_downloader/commands/workflow.py,213,80,Line too long (99 > 79)
QS-014,E501,src/image_downloader/commands/workflow.py,215,80,Line too long (87 > 79)
QS-014,E501,src/image_downloader/commands/workflow.py,249,80,Line too long (88 > 79)
QS-014,E501,src/image_downloader/commands/workflow.py,256,80,Line too long (105 > 79)
QS-014,E501,src/image_downloader/commands/workflow.py,276,80,Line too long (90 > 79)
QS-014,E501,src/image_downloader/commands/workflow.py,287,80,Line too long (112 > 79)
QS-014,E501,src/image_downloader/commands/workflow.py,292,80,Line too long (101 > 79)
QS-014,E501,src/image_downloader/commands/workflow.py,296,80,Line too long (112 > 79)
QS-014,E501,src/image_downloader/commands/workflow.py,305,80,Line too long (87 > 79)
QS-014,E501,src/image_downloader/commands/workflow.py,313,80,Line too long (102 > 79)
QS-014,E501,src/image_downloader/commands/workflow.py,314,80,Line too long (96 > 79)
QS-014,E501,src/image_downloader/commands/workflow.py,317,80,Line too long (82 > 79)
QS-014,E501,src/image_downloader/commands/workflow.py,321,80,Line too long (86 > 79)
QS-014,E501,src/image_downloader/commands/workflow.py,328,80,Line too long (84 > 79)
QS-014,E501,src/image_downloader/commands/workflow.py,332,80,Line too long (89 > 79)
QS-014,E501,src/image_downloader/commands/workflow.py,334,80,Line too long (98 > 79)
QS-014,E501,src/image_downloader/commands/workflow.py,339,80,Line too long (90 > 79)
QS-014,E501,src/image_downloader/commands/workflow.py,346,80,Line too long (85 > 79)
QS-014,E501,src/image_downloader/commands/workflow.py,350,80,Line too long (95 > 79)
QS-014,E501,src/image_downloader/commands/workflow.py,352,80,Line too long (95 > 79)
QS-014,E501,src/image_downloader/commands/workflow.py,364,80,Line too long (113 > 79)
QS-014,E501,src/image_downloader/commands/workflow.py,375,80,Line too long (97 > 79)
QS-014,E501,src/image_downloader/commands/workflow.py,386,80,Line too long (100 > 79)
QS-014,E501,src/image_downloader/commands/workflow.py,398,80,Line too long (112 > 79)
QS-014,E501,src/image_downloader/commands/workflow.py,412,80,Line too long (94 > 79)
QS-014,E501,src/image_downloader/commands/workflow.py,415,80,Line too long (119 > 79)
QS-014,E501,src/image_downloader/commands/workflow.py,417,80,Line too long (82 > 79)
QS-014,E501,src/image_downloader/commands/workflow.py,422,80,Line too long (108 > 79)
QS-014,E501,src/image_downloader/commands/workflow.py,427,80,Line too long (80 > 79)
QS-014,E501,src/image_downloader/commands/workflow.py,430,80,Line too long (93 > 79)
QS-014,E501,src/image_downloader/commands/workflow.py,437,80,Line too long (108 > 79)
QS-014,E501,src/image_downloader/commands/workflow.py,439,80,Line too long (95 > 79)
QS-014,E501,src/image_downloader/config.py,3,80,Line too long (83 > 79)
QS-014,E501,src/image_downloader/configuration/hosts.py,56,80,Line too long (118 > 79)
QS-014,E501,src/image_downloader/configuration/hosts.py,58,80,Line too long (91 > 79)
QS-014,E501,src/image_downloader/configuration/hosts.py,66,80,Line too long (109 > 79)
QS-014,E501,src/image_downloader/configuration/layers.py,14,80,Line too long (87 > 79)
QS-014,E501,src/image_downloader/configuration/layers.py,21,80,Line too long (118 > 79)
QS-014,E501,src/image_downloader/configuration/layers.py,23,80,Line too long (91 > 79)
QS-014,E501,src/image_downloader/configuration/layers.py,32,80,Line too long (80 > 79)
QS-014,E501,src/image_downloader/configuration/layers.py,77,80,Line too long (88 > 79)
QS-014,E501,src/image_downloader/configuration/layers.py,78,80,Line too long (84 > 79)
QS-014,E501,src/image_downloader/configuration/layers.py,79,80,Line too long (86 > 79)
QS-014,E501,src/image_downloader/configuration/layers.py,93,80,Line too long (90 > 79)
QS-014,E501,src/image_downloader/configuration/layers.py,94,80,Line too long (87 > 79)
QS-014,E501,src/image_downloader/configuration/layers.py,96,80,Line too long (82 > 79)
QS-014,E501,src/image_downloader/configuration/layers.py,109,80,Line too long (90 > 79)
QS-014,E501,src/image_downloader/configuration/layers.py,110,80,Line too long (82 > 79)
QS-014,E501,src/image_downloader/configuration/layers.py,117,80,Line too long (93 > 79)
QS-014,E501,src/image_downloader/configuration/layers.py,129,80,Line too long (116 > 79)
QS-014,E501,src/image_downloader/configuration/layers.py,161,80,Line too long (88 > 79)
QS-014,E501,src/image_downloader/configuration/layers.py,164,80,Line too long (88 > 79)
QS-014,E501,src/image_downloader/configuration/layers.py,172,80,Line too long (102 > 79)
QS-014,E501,src/image_downloader/configuration/layers.py,179,80,Line too long (106 > 79)
QS-014,E501,src/image_downloader/configuration/layers.py,199,80,Line too long (87 > 79)
QS-014,E501,src/image_downloader/configuration/layers.py,204,80,Line too long (82 > 79)
QS-014,E501,src/image_downloader/configuration/layers.py,210,80,Line too long (88 > 79)
QS-014,E501,src/image_downloader/configuration/layers.py,220,80,Line too long (117 > 79)
QS-014,E501,src/image_downloader/configuration/layers.py,223,80,Line too long (117 > 79)
QS-014,E501,src/image_downloader/configuration/layers.py,239,80,Line too long (96 > 79)
QS-014,E501,src/image_downloader/configuration/layers.py,241,80,Line too long (84 > 79)
QS-014,E501,src/image_downloader/configuration/layers.py,245,80,Line too long (81 > 79)
QS-014,E501,src/image_downloader/configuration/layers.py,253,80,Line too long (102 > 79)
QS-014,E501,src/image_downloader/configuration/layers.py,258,80,Line too long (83 > 79)
QS-014,E501,src/image_downloader/configuration/layers.py,262,80,Line too long (103 > 79)
QS-014,E501,src/image_downloader/configuration/layers.py,266,80,Line too long (104 > 79)
QS-014,E501,src/image_downloader/configuration/layers.py,267,80,Line too long (81 > 79)
QS-014,E501,src/image_downloader/configuration/layers.py,268,80,Line too long (84 > 79)
QS-014,E501,src/image_downloader/configuration/layers.py,272,80,Line too long (81 > 79)
QS-014,E501,src/image_downloader/configuration/layers.py,273,80,Line too long (112 > 79)
QS-014,E501,src/image_downloader/configuration/layers.py,282,80,Line too long (81 > 79)
QS-014,E501,src/image_downloader/configuration/layers.py,285,80,Line too long (100 > 79)
QS-014,E501,src/image_downloader/configuration/layers.py,289,80,Line too long (80 > 79)
QS-014,E501,src/image_downloader/configuration/layers.py,304,80,Line too long (107 > 79)
QS-014,E501,src/image_downloader/configuration/layers.py,311,80,Line too long (82 > 79)
QS-014,E501,src/image_downloader/configuration/layers.py,314,80,Line too long (107 > 79)
QS-014,E501,src/image_downloader/configuration/layers.py,317,80,Line too long (102 > 79)
QS-014,E501,src/image_downloader/configuration/layers.py,318,80,Line too long (102 > 79)
QS-014,E501,src/image_downloader/configuration/layers.py,326,80,Line too long (93 > 79)
QS-014,E501,src/image_downloader/configuration/layers.py,333,80,Line too long (90 > 79)
QS-014,E501,src/image_downloader/configuration/layers.py,338,80,Line too long (101 > 79)
QS-014,E501,src/image_downloader/configuration/layers.py,340,80,Line too long (85 > 79)
QS-014,E501,src/image_downloader/configuration/layers.py,341,80,Line too long (97 > 79)
QS-014,E501,src/image_downloader/configuration/layers.py,345,80,Line too long (84 > 79)
QS-014,E501,src/image_downloader/configuration/layers.py,349,80,Line too long (99 > 79)
QS-014,E501,src/image_downloader/configuration/layers.py,357,80,Line too long (100 > 79)
QS-014,E501,src/image_downloader/configuration/layers.py,365,80,Line too long (88 > 79)
QS-014,E501,src/image_downloader/configuration/layers.py,370,80,Line too long (94 > 79)
QS-014,E501,src/image_downloader/configuration/layers.py,382,80,Line too long (86 > 79)
QS-014,E501,src/image_downloader/configuration/layers.py,385,80,Line too long (86 > 79)
QS-014,E501,src/image_downloader/configuration/layers.py,400,80,Line too long (88 > 79)
QS-014,E501,src/image_downloader/configuration/layers.py,418,80,Line too long (92 > 79)
QS-014,E501,src/image_downloader/configuration/layers.py,428,80,Line too long (85 > 79)
QS-014,E501,src/image_downloader/configuration/layers.py,434,80,Line too long (83 > 79)
QS-014,E501,src/image_downloader/configuration/layers.py,437,80,Line too long (86 > 79)
QS-014,E501,src/image_downloader/configuration/layers.py,441,80,Line too long (108 > 79)
QS-014,E501,src/image_downloader/configuration/layers.py,445,80,Line too long (91 > 79)
QS-014,E501,src/image_downloader/configuration/layers.py,455,80,Line too long (88 > 79)
QS-014,E501,src/image_downloader/configuration/layers.py,463,80,Line too long (98 > 79)
QS-014,E501,src/image_downloader/configuration/layers.py,487,80,Line too long (82 > 79)
QS-014,E501,src/image_downloader/configuration/layers.py,490,80,Line too long (87 > 79)
QS-014,E501,src/image_downloader/configuration/layers.py,494,80,Line too long (101 > 79)
QS-014,E501,src/image_downloader/configuration/layers.py,495,80,Line too long (110 > 79)
QS-014,E501,src/image_downloader/configuration/layers.py,497,80,Line too long (83 > 79)
QS-014,E501,src/image_downloader/configuration/layers.py,509,80,Line too long (81 > 79)
QS-014,E501,src/image_downloader/configuration/layers.py,526,80,Line too long (83 > 79)
QS-014,E501,src/image_downloader/configuration/layers.py,528,80,Line too long (98 > 79)
QS-014,E501,src/image_downloader/configuration/layers.py,531,80,Line too long (86 > 79)
QS-014,E501,src/image_downloader/configuration/layers.py,533,80,Line too long (100 > 79)
QS-014,E501,src/image_downloader/configuration/layers.py,537,80,Line too long (87 > 79)
QS-014,E501,src/image_downloader/configuration/layers.py,557,80,Line too long (86 > 79)
QS-014,E501,src/image_downloader/configuration/layers.py,559,80,Line too long (80 > 79)
QS-014,E501,src/image_downloader/configuration/layers.py,586,80,Line too long (93 > 79)
QS-014,E501,src/image_downloader/configuration/layers.py,597,80,Line too long (81 > 79)
QS-014,E501,src/image_downloader/configuration/layers.py,600,80,Line too long (98 > 79)
QS-014,E501,src/image_downloader/configuration/models.py,29,80,Line too long (82 > 79)
QS-014,E501,src/image_downloader/configuration/models.py,30,80,Line too long (93 > 79)
QS-014,E501,src/image_downloader/configuration/models.py,37,80,Line too long (85 > 79)
QS-014,E501,src/image_downloader/configuration/models.py,58,80,Line too long (84 > 79)
QS-014,E501,src/image_downloader/configuration/models.py,60,80,Line too long (80 > 79)
QS-014,E501,src/image_downloader/configuration/models.py,73,80,Line too long (82 > 79)
QS-014,E501,src/image_downloader/configuration/models.py,79,80,Line too long (112 > 79)
QS-014,E501,src/image_downloader/configuration/models.py,81,80,Line too long (109 > 79)
QS-014,E501,src/image_downloader/configuration/models.py,82,80,Line too long (85 > 79)
QS-014,E501,src/image_downloader/configuration/models.py,86,80,Line too long (88 > 79)
QS-014,E501,src/image_downloader/configuration/models.py,125,80,Line too long (80 > 79)
QS-014,E501,src/image_downloader/configuration/models.py,141,80,Line too long (120 > 79)
QS-014,E501,src/image_downloader/configuration/models.py,146,80,Line too long (94 > 79)
QS-014,E501,src/image_downloader/configuration/models.py,149,80,Line too long (100 > 79)
QS-014,E501,src/image_downloader/configuration/models.py,204,80,Line too long (103 > 79)
QS-014,E501,src/image_downloader/configuration/models.py,209,80,Line too long (114 > 79)
QS-014,E501,src/image_downloader/configuration/models.py,214,80,Line too long (120 > 79)
QS-014,E501,src/image_downloader/configuration/models.py,218,80,Line too long (80 > 79)
QS-014,E501,src/image_downloader/configuration/models.py,230,80,Line too long (87 > 79)
QS-014,E501,src/image_downloader/configuration/models.py,239,80,Line too long (94 > 79)
QS-014,E501,src/image_downloader/configuration/models.py,279,80,Line too long (102 > 79)
QS-014,E501,src/image_downloader/configuration/models.py,284,80,Line too long (99 > 79)
QS-014,E501,src/image_downloader/configuration/models.py,290,80,Line too long (117 > 79)
QS-014,E501,src/image_downloader/configuration/models.py,292,80,Line too long (85 > 79)
QS-014,E501,src/image_downloader/configuration/models.py,299,80,Line too long (96 > 79)
QS-014,E501,src/image_downloader/configuration/models.py,308,80,Line too long (82 > 79)
QS-014,E501,src/image_downloader/configuration/models.py,334,80,Line too long (80 > 79)
QS-014,E501,src/image_downloader/configuration/models.py,346,80,Line too long (94 > 79)
QS-014,E501,src/image_downloader/configuration/models.py,348,80,Line too long (82 > 79)
QS-014,E501,src/image_downloader/configuration/models.py,352,80,Line too long (86 > 79)
QS-014,E501,src/image_downloader/configuration/paths.py,16,80,Line too long (89 > 79)
QS-014,E501,src/image_downloader/configuration/paths.py,33,80,Line too long (84 > 79)
QS-014,E501,src/image_downloader/configuration/paths.py,37,80,Line too long (82 > 79)
QS-014,E501,src/image_downloader/configuration/paths.py,39,80,Line too long (95 > 79)
QS-014,E501,src/image_downloader/configuration/paths.py,58,80,Line too long (90 > 79)
QS-014,E501,src/image_downloader/credentials/plugin_secrets.py,21,80,Line too long (96 > 79)
QS-014,E501,src/image_downloader/credentials/plugin_secrets.py,22,80,Line too long (94 > 79)
QS-014,E501,src/image_downloader/credentials/plugin_secrets.py,23,80,Line too long (82 > 79)
QS-014,E501,src/image_downloader/credentials/plugin_secrets.py,26,80,Line too long (83 > 79)
QS-014,E501,src/image_downloader/diagnostics.py,32,80,Line too long (80 > 79)
QS-014,E501,src/image_downloader/diagnostics.py,34,80,Line too long (93 > 79)
QS-014,E501,src/image_downloader/diagnostics.py,38,80,Line too long (90 > 79)
QS-014,E501,src/image_downloader/diagnostics.py,40,80,Line too long (93 > 79)
QS-014,E501,src/image_downloader/diagnostics.py,45,80,Line too long (82 > 79)
QS-014,E501,src/image_downloader/diagnostics.py,47,80,Line too long (95 > 79)
QS-014,E501,src/image_downloader/diagnostics.py,50,80,Line too long (80 > 79)
QS-014,E501,src/image_downloader/diagnostics.py,53,80,Line too long (83 > 79)
QS-014,E501,src/image_downloader/diagnostics.py,63,80,Line too long (96 > 79)
QS-014,E501,src/image_downloader/diagnostics.py,76,80,Line too long (81 > 79)
QS-014,E501,src/image_downloader/diagnostics.py,79,80,Line too long (89 > 79)
QS-014,E501,src/image_downloader/diagnostics.py,82,80,Line too long (113 > 79)
QS-014,E501,src/image_downloader/diagnostics.py,92,80,Line too long (99 > 79)
QS-014,E501,src/image_downloader/diagnostics.py,111,80,Line too long (81 > 79)
QS-014,E501,src/image_downloader/diagnostics.py,120,80,Line too long (89 > 79)
QS-014,E501,src/image_downloader/diagnostics.py,131,80,Line too long (107 > 79)
QS-014,E501,src/image_downloader/diagnostics.py,135,80,Line too long (114 > 79)
QS-014,E501,src/image_downloader/diagnostics.py,149,80,Line too long (87 > 79)
QS-015,N818,src/image_downloader/exceptions.py,53,7,Exception name `UnsupportedSiteFeature` should be named with an Error suffix
QS-015,N818,src/image_downloader/exceptions.py,65,7,Exception name `SecretNotFound` should be named with an Error suffix
QS-014,E501,src/image_downloader/exceptions.py,86,80,Line too long (80 > 79)
QS-014,E501,src/image_downloader/exceptions.py,109,80,Line too long (82 > 79)
QS-014,E501,src/image_downloader/exceptions.py,193,80,Line too long (80 > 79)
QS-014,E501,src/image_downloader/exceptions.py,196,80,Line too long (84 > 79)
QS-014,E501,src/image_downloader/exceptions.py,256,80,Line too long (107 > 79)
QS-014,E501,src/image_downloader/exceptions.py,257,80,Line too long (94 > 79)
QS-014,E501,src/image_downloader/exceptions.py,275,80,Line too long (106 > 79)
QS-014,E501,src/image_downloader/exceptions.py,299,80,Line too long (118 > 79)
QS-014,E501,src/image_downloader/exceptions.py,300,80,Line too long (101 > 79)
QS-014,E501,src/image_downloader/exceptions.py,301,80,Line too long (82 > 79)
QS-014,E501,src/image_downloader/exceptions.py,302,80,Line too long (118 > 79)
QS-014,E501,src/image_downloader/exceptions.py,303,80,Line too long (104 > 79)
QS-014,E501,src/image_downloader/exceptions.py,308,80,Line too long (84 > 79)
QS-014,E501,src/image_downloader/exceptions.py,317,80,Line too long (84 > 79)
QS-014,E501,src/image_downloader/exceptions.py,319,80,Line too long (114 > 79)
QS-014,E501,src/image_downloader/exceptions.py,320,80,Line too long (100 > 79)
QS-014,E501,src/image_downloader/exceptions.py,328,80,Line too long (94 > 79)
QS-014,E501,src/image_downloader/exceptions.py,332,80,Line too long (81 > 79)
QS-014,E501,src/image_downloader/exceptions.py,334,80,Line too long (93 > 79)
QS-014,E501,src/image_downloader/exceptions.py,336,80,Line too long (81 > 79)
QS-014,E501,src/image_downloader/exceptions.py,337,80,Line too long (101 > 79)
QS-014,E501,src/image_downloader/immutable.py,17,80,Line too long (93 > 79)
QS-014,E501,src/image_downloader/media/artifact_pipeline.py,13,80,Line too long (108 > 79)
QS-014,E501,src/image_downloader/media/artifact_pipeline.py,68,80,Line too long (93 > 79)
QS-014,E501,src/image_downloader/media/artifact_pipeline.py,84,80,Line too long (94 > 79)
QS-014,E501,src/image_downloader/media/artifact_pipeline.py,85,80,Line too long (90 > 79)
QS-014,E501,src/image_downloader/media/artifact_pipeline.py,88,80,Line too long (104 > 79)
QS-014,E501,src/image_downloader/media/artifact_pipeline.py,89,80,Line too long (96 > 79)
QS-014,E501,src/image_downloader/media/artifact_pipeline.py,96,80,Line too long (107 > 79)
QS-014,E501,src/image_downloader/media/artifact_pipeline.py,108,80,Line too long (102 > 79)
QS-014,E501,src/image_downloader/media/artifact_pipeline.py,109,80,Line too long (108 > 79)
QS-014,E501,src/image_downloader/media/artifact_pipeline.py,145,80,Line too long (90 > 79)
QS-014,E501,src/image_downloader/media/artifact_pipeline.py,151,80,Line too long (114 > 79)
QS-014,E501,src/image_downloader/media/artifact_pipeline.py,164,80,Line too long (109 > 79)
QS-014,E501,src/image_downloader/media/artifact_pipeline.py,168,80,Line too long (98 > 79)
QS-014,E501,src/image_downloader/media/artifact_pipeline.py,186,80,Line too long (88 > 79)
QS-014,E501,src/image_downloader/media/artifact_pipeline.py,201,80,Line too long (80 > 79)
QS-014,E501,src/image_downloader/media/artifact_pipeline.py,202,80,Line too long (81 > 79)
QS-014,E501,src/image_downloader/media/artifact_pipeline.py,208,80,Line too long (94 > 79)
QS-014,E501,src/image_downloader/media/artifact_pipeline.py,211,80,Line too long (82 > 79)
QS-014,E501,src/image_downloader/media/artifact_pipeline.py,215,80,Line too long (82 > 79)
QS-014,E501,src/image_downloader/media/artifact_pipeline.py,229,80,Line too long (104 > 79)
QS-014,E501,src/image_downloader/media/artifact_pipeline.py,245,80,Line too long (81 > 79)
QS-014,E501,src/image_downloader/media/artifact_pipeline.py,260,80,Line too long (90 > 79)
QS-014,E501,src/image_downloader/media/artifact_pipeline.py,262,80,Line too long (96 > 79)
QS-014,E501,src/image_downloader/media/artifact_pipeline.py,264,80,Line too long (102 > 79)
QS-014,E501,src/image_downloader/media/artifact_pipeline.py,270,80,Line too long (93 > 79)
QS-014,E501,src/image_downloader/media/artifact_pipeline.py,286,80,Line too long (102 > 79)
QS-014,E501,src/image_downloader/media/image_processor.py,33,80,Line too long (119 > 79)
QS-014,E501,src/image_downloader/media/image_processor.py,50,80,Line too long (91 > 79)
QS-014,E501,src/image_downloader/media/image_processor.py,73,80,Line too long (88 > 79)
QS-014,E501,src/image_downloader/media/image_processor.py,94,80,Line too long (85 > 79)
QS-014,E501,src/image_downloader/media/image_processor.py,133,80,Line too long (103 > 79)
QS-014,E501,src/image_downloader/media/image_processor.py,134,80,Line too long (97 > 79)
QS-014,E501,src/image_downloader/media/image_processor.py,135,80,Line too long (104 > 79)
QS-014,E501,src/image_downloader/media/image_processor.py,139,80,Line too long (98 > 79)
QS-014,E501,src/image_downloader/media/image_processor.py,142,80,Line too long (92 > 79)
QS-014,E501,src/image_downloader/media/image_processor.py,163,80,Line too long (105 > 79)
QS-014,E501,src/image_downloader/media/image_processor.py,177,80,Line too long (93 > 79)
QS-014,E501,src/image_downloader/media/image_processor.py,191,80,Line too long (89 > 79)
QS-014,E501,src/image_downloader/media/image_processor.py,195,80,Line too long (85 > 79)
QS-014,E501,src/image_downloader/media/image_processor.py,202,80,Line too long (89 > 79)
QS-014,E501,src/image_downloader/media/image_processor.py,204,80,Line too long (86 > 79)
QS-014,E501,src/image_downloader/media/image_processor.py,214,80,Line too long (83 > 79)
QS-014,E501,src/image_downloader/media/image_processor.py,220,80,Line too long (92 > 79)
QS-014,E501,src/image_downloader/media/image_processor.py,223,80,Line too long (87 > 79)
QS-014,E501,src/image_downloader/media/processor_chain.py,27,80,Line too long (87 > 79)
QS-014,E501,src/image_downloader/media/processor_chain.py,54,80,Line too long (103 > 79)
QS-014,E501,src/image_downloader/media/processor_chain.py,68,80,Line too long (96 > 79)
QS-014,E501,src/image_downloader/media/processor_chain.py,90,80,Line too long (103 > 79)
QS-014,E501,src/image_downloader/models.py,23,80,Line too long (94 > 79)
QS-014,E501,src/image_downloader/models.py,25,80,Line too long (92 > 79)
QS-014,E501,src/image_downloader/models.py,31,80,Line too long (117 > 79)
QS-014,E501,src/image_downloader/models.py,36,80,Line too long (120 > 79)
QS-014,E501,src/image_downloader/models.py,37,80,Line too long (82 > 79)
QS-014,E501,src/image_downloader/models.py,57,80,Line too long (92 > 79)
QS-014,E501,src/image_downloader/models.py,91,80,Line too long (115 > 79)
QS-014,E501,src/image_downloader/models.py,112,80,Line too long (109 > 79)
QS-014,E501,src/image_downloader/models.py,113,80,Line too long (83 > 79)
QS-014,E501,src/image_downloader/models.py,123,80,Line too long (81 > 79)
QS-014,E501,src/image_downloader/models.py,144,80,Line too long (90 > 79)
QS-014,E501,src/image_downloader/models.py,148,80,Line too long (102 > 79)
QS-014,E501,src/image_downloader/models.py,151,80,Line too long (85 > 79)
QS-014,E501,src/image_downloader/models.py,152,80,Line too long (98 > 79)
QS-014,E501,src/image_downloader/models.py,154,80,Line too long (100 > 79)
QS-014,E501,src/image_downloader/models.py,155,80,Line too long (118 > 79)
QS-014,E501,src/image_downloader/models.py,157,80,Line too long (111 > 79)
QS-014,E501,src/image_downloader/models.py,160,80,Line too long (112 > 79)
QS-014,E501,src/image_downloader/models.py,162,80,Line too long (109 > 79)
QS-014,E501,src/image_downloader/models.py,164,80,Line too long (113 > 79)
QS-014,E501,src/image_downloader/models.py,165,80,Line too long (118 > 79)
QS-014,E501,src/image_downloader/models.py,173,80,Line too long (86 > 79)
QS-014,E501,src/image_downloader/models.py,175,80,Line too long (103 > 79)
QS-014,E501,src/image_downloader/models.py,216,80,Line too long (85 > 79)
QS-014,E501,src/image_downloader/models.py,217,80,Line too long (83 > 79)
QS-014,E501,src/image_downloader/models.py,218,80,Line too long (98 > 79)
QS-014,E501,src/image_downloader/models.py,219,80,Line too long (83 > 79)
QS-014,E501,src/image_downloader/models.py,220,80,Line too long (98 > 79)
QS-014,E501,src/image_downloader/models.py,238,80,Line too long (102 > 79)
QS-014,E501,src/image_downloader/models.py,239,80,Line too long (83 > 79)
QS-014,E501,src/image_downloader/models.py,240,80,Line too long (99 > 79)
QS-014,E501,src/image_downloader/models.py,256,80,Line too long (92 > 79)
QS-014,E501,src/image_downloader/models.py,259,80,Line too long (101 > 79)
QS-014,E501,src/image_downloader/models.py,261,80,Line too long (83 > 79)
QS-014,E501,src/image_downloader/models.py,265,80,Line too long (88 > 79)
QS-014,E501,src/image_downloader/models.py,267,80,Line too long (115 > 79)
QS-014,E501,src/image_downloader/models.py,304,80,Line too long (120 > 79)
QS-014,E501,src/image_downloader/models.py,334,80,Line too long (90 > 79)
QS-014,E501,src/image_downloader/models.py,340,80,Line too long (86 > 79)
QS-014,E501,src/image_downloader/models.py,349,80,Line too long (87 > 79)
QS-014,E501,src/image_downloader/models.py,350,80,Line too long (96 > 79)
QS-014,E501,src/image_downloader/models.py,352,80,Line too long (89 > 79)
QS-014,E501,src/image_downloader/models.py,354,80,Line too long (97 > 79)
QS-014,E501,src/image_downloader/models.py,356,80,Line too long (84 > 79)
QS-014,E501,src/image_downloader/models.py,357,80,Line too long (113 > 79)
QS-014,E501,src/image_downloader/models.py,359,80,Line too long (97 > 79)
QS-014,E501,src/image_downloader/models.py,365,80,Line too long (111 > 79)
QS-014,E501,src/image_downloader/models.py,440,80,Line too long (82 > 79)
QS-014,E501,src/image_downloader/models.py,462,80,Line too long (120 > 79)
QS-014,E501,src/image_downloader/models.py,587,80,Line too long (95 > 79)
QS-014,E501,src/image_downloader/models.py,679,80,Line too long (80 > 79)
QS-014,E501,src/image_downloader/models.py,746,80,Line too long (107 > 79)
QS-014,E501,src/image_downloader/models.py,747,80,Line too long (87 > 79)
QS-014,E501,src/image_downloader/observability/chapter_reporter.py,16,80,Line too long (97 > 79)
QS-014,E501,src/image_downloader/observability/chapter_reporter.py,34,80,Line too long (96 > 79)
QS-014,E501,src/image_downloader/observability/chapter_reporter.py,43,80,Line too long (116 > 79)
QS-014,E501,src/image_downloader/observability/chapter_reporter.py,68,80,Line too long (99 > 79)
QS-014,E501,src/image_downloader/observability/chapter_reporter.py,74,80,Line too long (108 > 79)
QS-014,E501,src/image_downloader/observability/chapter_reporter.py,75,80,Line too long (105 > 79)
QS-014,E501,src/image_downloader/observability/chapter_reporter.py,77,80,Line too long (85 > 79)
QS-014,E501,src/image_downloader/observability/chapter_reporter.py,78,80,Line too long (85 > 79)
QS-014,E501,src/image_downloader/observability/chapter_reporter.py,86,80,Line too long (93 > 79)
QS-014,E501,src/image_downloader/observability/chapter_reporter.py,89,80,Line too long (86 > 79)
QS-014,E501,src/image_downloader/observability/chapter_reporter.py,122,80,Line too long (80 > 79)
QS-014,E501,src/image_downloader/observability/diagnostic_safety.py,10,80,Line too long (87 > 79)
QS-014,E501,src/image_downloader/observability/diagnostic_safety.py,12,80,Line too long (91 > 79)
QS-014,E501,src/image_downloader/observability/diagnostic_safety.py,26,80,Line too long (104 > 79)
QS-014,E501,src/image_downloader/observability/events.py,13,80,Line too long (100 > 79)
QS-014,E501,src/image_downloader/observability/events.py,17,80,Line too long (89 > 79)
QS-014,E501,src/image_downloader/observability/events.py,85,80,Line too long (81 > 79)
QS-014,E501,src/image_downloader/observability/events.py,113,80,Line too long (96 > 79)
QS-014,E501,src/image_downloader/observability/events.py,114,80,Line too long (112 > 79)
QS-014,E501,src/image_downloader/observability/events.py,115,80,Line too long (118 > 79)
QS-014,E501,src/image_downloader/observability/events.py,121,80,Line too long (88 > 79)
QS-014,E501,src/image_downloader/observability/events.py,122,80,Line too long (103 > 79)
QS-014,E501,src/image_downloader/observability/events.py,131,80,Line too long (96 > 79)
QS-014,E501,src/image_downloader/observability/events.py,151,80,Line too long (107 > 79)
QS-014,E501,src/image_downloader/observability/events.py,152,80,Line too long (120 > 79)
QS-014,E501,src/image_downloader/observability/events.py,153,80,Line too long (119 > 79)
QS-014,E501,src/image_downloader/observability/events.py,154,80,Line too long (118 > 79)
QS-014,E501,src/image_downloader/observability/events.py,156,80,Line too long (118 > 79)
QS-014,E501,src/image_downloader/observability/events.py,160,80,Line too long (102 > 79)
QS-014,E501,src/image_downloader/observability/events.py,165,80,Line too long (110 > 79)
QS-014,E501,src/image_downloader/observability/events.py,168,80,Line too long (97 > 79)
QS-014,E501,src/image_downloader/observability/events.py,173,80,Line too long (97 > 79)
QS-014,E501,src/image_downloader/observability/events.py,179,80,Line too long (86 > 79)
QS-014,E501,src/image_downloader/observability/logging.py,130,80,Line too long (114 > 79)
QS-014,E501,src/image_downloader/observability/logging.py,134,80,Line too long (99 > 79)
QS-014,E501,src/image_downloader/observability/logging.py,139,80,Line too long (94 > 79)
QS-014,E501,src/image_downloader/observability/logging.py,162,80,Line too long (110 > 79)
QS-014,E501,src/image_downloader/observability/logging.py,180,80,Line too long (87 > 79)
QS-014,E501,src/image_downloader/observability/logging.py,220,80,Line too long (86 > 79)
QS-014,E501,src/image_downloader/observability/logging.py,226,80,Line too long (106 > 79)
QS-014,E501,src/image_downloader/observability/logging.py,239,80,Line too long (82 > 79)
QS-014,E501,src/image_downloader/observability/logging.py,256,80,Line too long (86 > 79)
QS-014,E501,src/image_downloader/observability/logging.py,263,80,Line too long (80 > 79)
QS-014,E501,src/image_downloader/observability/logging.py,264,80,Line too long (81 > 79)
QS-014,E501,src/image_downloader/observability/logging.py,272,80,Line too long (107 > 79)
QS-014,E501,src/image_downloader/observability/logging.py,278,80,Line too long (85 > 79)
QS-014,E501,src/image_downloader/observability/logging.py,287,80,Line too long (117 > 79)
QS-014,E501,src/image_downloader/observability/logging.py,320,80,Line too long (94 > 79)
QS-014,E501,src/image_downloader/observability/logging.py,326,80,Line too long (91 > 79)
QS-014,E501,src/image_downloader/observability/logging.py,327,80,Line too long (82 > 79)
QS-014,E501,src/image_downloader/observability/logging.py,338,80,Line too long (80 > 79)
QS-014,E501,src/image_downloader/observability/logging.py,341,80,Line too long (101 > 79)
QS-014,E501,src/image_downloader/observability/logging.py,347,80,Line too long (85 > 79)
QS-014,E501,src/image_downloader/observability/logging.py,361,80,Line too long (85 > 79)
QS-014,E501,src/image_downloader/observability/logging.py,362,80,Line too long (115 > 79)
QS-014,E501,src/image_downloader/observability/logging.py,363,80,Line too long (113 > 79)
QS-014,E501,src/image_downloader/observability/logging.py,365,80,Line too long (105 > 79)
QS-014,E501,src/image_downloader/observability/logging.py,368,80,Line too long (107 > 79)
QS-014,E501,src/image_downloader/observability/logging.py,369,80,Line too long (105 > 79)
QS-014,E501,src/image_downloader/observability/logging.py,371,80,Line too long (82 > 79)
QS-014,E501,src/image_downloader/observability/logging.py,376,80,Line too long (84 > 79)
QS-014,E501,src/image_downloader/observability/logging.py,379,80,Line too long (83 > 79)
QS-014,E501,src/image_downloader/observability/logging.py,380,80,Line too long (95 > 79)
QS-014,E501,src/image_downloader/observability/logging.py,382,80,Line too long (117 > 79)
QS-014,E501,src/image_downloader/observability/logging.py,383,80,Line too long (93 > 79)
QS-014,E501,src/image_downloader/observability/logging.py,384,80,Line too long (83 > 79)
QS-014,E501,src/image_downloader/observability/logging.py,388,80,Line too long (81 > 79)
QS-014,E501,src/image_downloader/observability/logging.py,390,80,Line too long (83 > 79)
QS-014,E501,src/image_downloader/observability/logging.py,401,80,Line too long (86 > 79)
QS-014,E501,src/image_downloader/observability/logging.py,403,80,Line too long (85 > 79)
QS-014,E501,src/image_downloader/observability/logging.py,404,80,Line too long (87 > 79)
QS-014,E501,src/image_downloader/observability/logging.py,405,80,Line too long (85 > 79)
QS-014,E501,src/image_downloader/observability/logging.py,408,80,Line too long (88 > 79)
QS-014,E501,src/image_downloader/observability/logging.py,442,80,Line too long (92 > 79)
QS-014,E501,src/image_downloader/observability/logging.py,445,80,Line too long (101 > 79)
QS-014,E501,src/image_downloader/observability/logging.py,455,80,Line too long (89 > 79)
QS-014,E501,src/image_downloader/observability/logging.py,459,80,Line too long (86 > 79)
QS-014,E501,src/image_downloader/observability/logging.py,462,80,Line too long (113 > 79)
QS-014,E501,src/image_downloader/observability/logging.py,464,80,Line too long (112 > 79)
QS-014,E501,src/image_downloader/observability/logging.py,470,80,Line too long (85 > 79)
QS-014,E501,src/image_downloader/observability/logging.py,472,80,Line too long (94 > 79)
QS-014,E501,src/image_downloader/observability/logging.py,474,80,Line too long (88 > 79)
QS-014,E501,src/image_downloader/observability/logging.py,475,80,Line too long (86 > 79)
QS-014,E501,src/image_downloader/observability/logging.py,479,80,Line too long (85 > 79)
QS-014,E501,src/image_downloader/observability/logging.py,482,80,Line too long (88 > 79)
QS-014,E501,src/image_downloader/observability/logging.py,498,80,Line too long (102 > 79)
QS-014,E501,src/image_downloader/observability/logging.py,501,80,Line too long (109 > 79)
QS-014,E501,src/image_downloader/observability/logging.py,515,80,Line too long (97 > 79)
QS-014,E501,src/image_downloader/observability/notifications.py,15,80,Line too long (96 > 79)
QS-014,E501,src/image_downloader/observability/notifications.py,57,80,Line too long (83 > 79)
QS-014,E501,src/image_downloader/observability/notifications.py,60,80,Line too long (100 > 79)
QS-014,E501,src/image_downloader/observability/notifications.py,62,80,Line too long (104 > 79)
QS-014,E501,src/image_downloader/observability/notifications.py,64,80,Line too long (85 > 79)
QS-014,E501,src/image_downloader/observability/notifications.py,65,80,Line too long (90 > 79)
QS-014,E501,src/image_downloader/observability/notifications.py,66,80,Line too long (108 > 79)
QS-014,E501,src/image_downloader/observability/notifications.py,67,80,Line too long (87 > 79)
QS-014,E501,src/image_downloader/observability/notifications.py,75,80,Line too long (97 > 79)
QS-014,E501,src/image_downloader/observability/notifications.py,87,80,Line too long (83 > 79)
QS-014,E501,src/image_downloader/observability/notifications.py,88,80,Line too long (85 > 79)
QS-014,E501,src/image_downloader/observability/notifications.py,91,80,Line too long (82 > 79)
QS-014,E501,src/image_downloader/observability/notifications.py,96,80,Line too long (111 > 79)
QS-014,E501,src/image_downloader/observability/notifications.py,103,80,Line too long (106 > 79)
QS-014,E501,src/image_downloader/observability/notifications.py,145,80,Line too long (85 > 79)
QS-014,E501,src/image_downloader/observability/notifications.py,167,80,Line too long (85 > 79)
QS-014,E501,src/image_downloader/observability/notifications.py,170,80,Line too long (104 > 79)
QS-014,E501,src/image_downloader/observability/notifications.py,223,80,Line too long (112 > 79)
QS-014,E501,src/image_downloader/observability/notifications.py,237,80,Line too long (87 > 79)
QS-014,E501,src/image_downloader/observability/notifications.py,238,80,Line too long (102 > 79)
QS-014,E501,src/image_downloader/observability/notifications.py,239,80,Line too long (95 > 79)
QS-014,E501,src/image_downloader/observability/notifications.py,242,80,Line too long (83 > 79)
QS-014,E501,src/image_downloader/observability/notifications.py,257,80,Line too long (110 > 79)
QS-014,E501,src/image_downloader/observability/notifications.py,260,80,Line too long (93 > 79)
QS-014,E501,src/image_downloader/observability/notifications.py,262,80,Line too long (102 > 79)
QS-014,E501,src/image_downloader/observability/notifications.py,273,80,Line too long (102 > 79)
QS-014,E501,src/image_downloader/observability/notifications.py,295,80,Line too long (104 > 79)
QS-014,E501,src/image_downloader/observability/notifications.py,297,80,Line too long (87 > 79)
QS-014,E501,src/image_downloader/observability/notifications.py,308,80,Line too long (82 > 79)
QS-014,E501,src/image_downloader/observability/notifications.py,351,80,Line too long (87 > 79)
QS-014,E501,src/image_downloader/observability/notifications.py,354,80,Line too long (91 > 79)
QS-014,E501,src/image_downloader/observability/notifications.py,375,80,Line too long (96 > 79)
QS-014,E501,src/image_downloader/observability/notifications.py,386,80,Line too long (91 > 79)
QS-014,E501,src/image_downloader/observability/scope.py,33,80,Line too long (81 > 79)
QS-014,E501,src/image_downloader/output/format_tokens.py,9,80,Line too long (102 > 79)
QS-014,E501,src/image_downloader/output/format_tokens.py,11,80,Line too long (115 > 79)
QS-014,E501,src/image_downloader/output/original_filename.py,12,80,Line too long (86 > 79)
QS-014,E501,src/image_downloader/output/original_filename.py,13,80,Line too long (82 > 79)
QS-014,E501,src/image_downloader/output/original_filename.py,15,80,Line too long (80 > 79)
QS-014,E501,src/image_downloader/output/original_filename.py,27,80,Line too long (103 > 79)
QS-014,E501,src/image_downloader/output/original_filename.py,30,80,Line too long (86 > 79)
QS-014,E501,src/image_downloader/output/original_filename.py,31,80,Line too long (80 > 79)
QS-014,E501,src/image_downloader/output/original_filename.py,93,80,Line too long (99 > 79)
QS-014,E501,src/image_downloader/output/original_filename.py,109,80,Line too long (91 > 79)
QS-014,E501,src/image_downloader/output/original_filename.py,155,80,Line too long (83 > 79)
QS-014,E501,src/image_downloader/output/output_allocator.py,12,80,Line too long (93 > 79)
QS-014,E501,src/image_downloader/output/output_allocator.py,24,80,Line too long (100 > 79)
QS-014,E501,src/image_downloader/output/output_allocator.py,38,80,Line too long (80 > 79)
QS-014,E501,src/image_downloader/output/output_allocator.py,41,80,Line too long (100 > 79)
QS-014,E501,src/image_downloader/output/output_allocator.py,42,80,Line too long (82 > 79)
QS-014,E501,src/image_downloader/output/output_allocator.py,43,80,Line too long (90 > 79)
QS-014,E501,src/image_downloader/output/output_allocator.py,45,80,Line too long (80 > 79)
QS-014,E501,src/image_downloader/output/output_allocator.py,49,80,Line too long (94 > 79)
QS-014,E501,src/image_downloader/output/output_allocator.py,53,80,Line too long (84 > 79)
QS-014,E501,src/image_downloader/output/output_allocator.py,54,80,Line too long (87 > 79)
QS-014,E501,src/image_downloader/output/output_allocator.py,58,80,Line too long (93 > 79)
QS-014,E501,src/image_downloader/output/output_allocator.py,61,80,Line too long (109 > 79)
QS-014,E501,src/image_downloader/output/output_allocator.py,66,80,Line too long (80 > 79)
QS-014,E501,src/image_downloader/output/output_allocator.py,110,80,Line too long (82 > 79)
QS-014,E501,src/image_downloader/output/output_allocator.py,120,80,Line too long (89 > 79)
QS-014,E501,src/image_downloader/output/output_allocator.py,124,80,Line too long (89 > 79)
QS-014,E501,src/image_downloader/output/output_allocator.py,133,80,Line too long (103 > 79)
QS-014,E501,src/image_downloader/output/output_allocator.py,134,80,Line too long (117 > 79)
QS-014,E501,src/image_downloader/output/output_allocator.py,144,80,Line too long (89 > 79)
QS-014,E501,src/image_downloader/output/output_allocator.py,194,80,Line too long (87 > 79)
QS-014,E501,src/image_downloader/output/output_allocator.py,227,80,Line too long (89 > 79)
QS-014,E501,src/image_downloader/output/output_allocator.py,229,80,Line too long (82 > 79)
QS-014,E501,src/image_downloader/output/output_allocator.py,236,80,Line too long (114 > 79)
QS-014,E501,src/image_downloader/output/output_allocator.py,239,80,Line too long (98 > 79)
QS-014,E501,src/image_downloader/output/output_allocator.py,242,80,Line too long (83 > 79)
QS-014,E501,src/image_downloader/output/output_allocator.py,243,80,Line too long (108 > 79)
QS-014,E501,src/image_downloader/output/output_allocator.py,245,80,Line too long (97 > 79)
QS-014,E501,src/image_downloader/output/output_allocator.py,248,80,Line too long (84 > 79)
QS-014,E501,src/image_downloader/output/output_allocator.py,249,80,Line too long (93 > 79)
QS-014,E501,src/image_downloader/output/output_allocator.py,262,80,Line too long (103 > 79)
QS-014,E501,src/image_downloader/output/output_allocator.py,263,80,Line too long (112 > 79)
QS-014,E501,src/image_downloader/output/output_allocator.py,275,80,Line too long (93 > 79)
QS-014,E501,src/image_downloader/output/output_allocator.py,292,80,Line too long (100 > 79)
QS-014,E501,src/image_downloader/output/output_allocator.py,298,80,Line too long (80 > 79)
QS-014,E501,src/image_downloader/output/output_allocator.py,309,80,Line too long (88 > 79)
QS-014,E501,src/image_downloader/output/output_allocator.py,315,80,Line too long (90 > 79)
QS-014,E501,src/image_downloader/output/output_lock.py,17,80,Line too long (101 > 79)
QS-014,E501,src/image_downloader/output/output_lock.py,23,80,Line too long (82 > 79)
QS-014,E501,src/image_downloader/output/output_lock.py,24,80,Line too long (81 > 79)
QS-014,E501,src/image_downloader/output/output_lock.py,25,80,Line too long (86 > 79)
QS-014,E501,src/image_downloader/output/output_lock.py,29,80,Line too long (80 > 79)
QS-014,E501,src/image_downloader/output/output_lock.py,34,80,Line too long (100 > 79)
QS-014,E501,src/image_downloader/plugins/builtin.py,37,80,Line too long (85 > 79)
QS-014,E501,src/image_downloader/plugins/builtin.py,64,80,Line too long (81 > 79)
QS-014,E501,src/image_downloader/plugins/builtin.py,65,80,Line too long (97 > 79)
QS-014,E501,src/image_downloader/plugins/builtin.py,90,80,Line too long (91 > 79)
QS-014,E501,src/image_downloader/plugins/builtin.py,93,80,Line too long (98 > 79)
QS-014,E501,src/image_downloader/plugins/builtin.py,96,80,Line too long (84 > 79)
QS-014,E501,src/image_downloader/plugins/builtin.py,104,80,Line too long (103 > 79)
QS-014,E501,src/image_downloader/plugins/builtin.py,106,80,Line too long (95 > 79)
QS-014,E501,src/image_downloader/plugins/builtin.py,109,80,Line too long (80 > 79)
QS-014,E501,src/image_downloader/plugins/builtin.py,113,80,Line too long (114 > 79)
QS-014,E501,src/image_downloader/plugins/builtin.py,114,80,Line too long (96 > 79)
QS-014,E501,src/image_downloader/plugins/builtin.py,115,80,Line too long (97 > 79)
QS-014,E501,src/image_downloader/plugins/builtin.py,117,80,Line too long (111 > 79)
QS-014,E501,src/image_downloader/plugins/builtin.py,118,80,Line too long (83 > 79)
QS-014,E501,src/image_downloader/plugins/builtin.py,121,80,Line too long (115 > 79)
QS-014,E501,src/image_downloader/plugins/builtin.py,128,80,Line too long (105 > 79)
QS-014,E501,src/image_downloader/plugins/format_values.py,30,80,Line too long (80 > 79)
QS-014,E501,src/image_downloader/plugins/format_values.py,35,80,Line too long (83 > 79)
QS-014,E501,src/image_downloader/plugins/format_values.py,36,80,Line too long (106 > 79)
QS-014,E501,src/image_downloader/plugins/format_values.py,46,80,Line too long (105 > 79)
QS-014,E501,src/image_downloader/plugins/html_encoding.py,28,80,Line too long (80 > 79)
QS-014,E501,src/image_downloader/plugins/html_encoding.py,29,80,Line too long (83 > 79)
QS-014,E501,src/image_downloader/plugins/html_encoding.py,38,80,Line too long (85 > 79)
QS-014,E501,src/image_downloader/plugins/html_encoding.py,50,80,Line too long (114 > 79)
QS-014,E501,src/image_downloader/plugins/html_encoding.py,66,80,Line too long (105 > 79)
QS-014,E501,src/image_downloader/plugins/html_encoding.py,74,80,Line too long (105 > 79)
QS-014,E501,src/image_downloader/plugins/html_encoding.py,79,80,Line too long (87 > 79)
QS-014,E501,src/image_downloader/plugins/lifecycle.py,19,80,Line too long (82 > 79)
QS-014,E501,src/image_downloader/plugins/lifecycle.py,87,80,Line too long (94 > 79)
QS-014,E501,src/image_downloader/plugins/lifecycle.py,96,80,Line too long (109 > 79)
QS-014,E501,src/image_downloader/plugins/lifecycle.py,97,80,Line too long (115 > 79)
QS-014,E501,src/image_downloader/plugins/lifecycle.py,103,80,Line too long (90 > 79)
QS-014,E501,src/image_downloader/plugins/lifecycle.py,107,80,Line too long (107 > 79)
QS-014,E501,src/image_downloader/plugins/lifecycle.py,117,80,Line too long (97 > 79)
QS-014,E501,src/image_downloader/plugins/lifecycle.py,128,80,Line too long (114 > 79)
QS-014,E501,src/image_downloader/plugins/lifecycle.py,133,80,Line too long (113 > 79)
QS-014,E501,src/image_downloader/plugins/lifecycle.py,150,80,Line too long (83 > 79)
QS-014,E501,src/image_downloader/plugins/lifecycle.py,154,80,Line too long (83 > 79)
QS-014,E501,src/image_downloader/plugins/lifecycle.py,162,80,Line too long (84 > 79)
QS-014,E501,src/image_downloader/plugins/lifecycle.py,163,80,Line too long (97 > 79)
QS-014,E501,src/image_downloader/plugins/lifecycle.py,168,80,Line too long (93 > 79)
QS-014,E501,src/image_downloader/plugins/lifecycle.py,170,80,Line too long (105 > 79)
QS-014,E501,src/image_downloader/plugins/lifecycle.py,176,80,Line too long (114 > 79)
QS-014,E501,src/image_downloader/plugins/lifecycle.py,191,80,Line too long (84 > 79)
QS-014,E501,src/image_downloader/plugins/lifecycle.py,193,80,Line too long (89 > 79)
QS-014,E501,src/image_downloader/plugins/lifecycle.py,204,80,Line too long (92 > 79)
QS-014,E501,src/image_downloader/plugins/lifecycle.py,217,80,Line too long (111 > 79)
QS-014,E501,src/image_downloader/plugins/lifecycle.py,247,80,Line too long (85 > 79)
QS-014,E501,src/image_downloader/plugins/lifecycle.py,249,80,Line too long (87 > 79)
QS-014,E501,src/image_downloader/plugins/lifecycle.py,250,80,Line too long (82 > 79)
QS-014,E501,src/image_downloader/plugins/lifecycle.py,274,80,Line too long (84 > 79)
QS-014,E501,src/image_downloader/plugins/lifecycle.py,276,80,Line too long (115 > 79)
QS-014,E501,src/image_downloader/plugins/lifecycle.py,277,80,Line too long (81 > 79)
QS-014,E501,src/image_downloader/plugins/lifecycle.py,279,80,Line too long (83 > 79)
QS-014,E501,src/image_downloader/plugins/lifecycle.py,322,80,Line too long (98 > 79)
QS-014,E501,src/image_downloader/plugins/lifecycle.py,323,80,Line too long (105 > 79)
QS-014,E501,src/image_downloader/plugins/lifecycle.py,365,80,Line too long (80 > 79)
QS-014,E501,src/image_downloader/plugins/lifecycle.py,373,80,Line too long (80 > 79)
QS-014,E501,src/image_downloader/plugins/lifecycle.py,376,80,Line too long (82 > 79)
QS-014,E501,src/image_downloader/plugins/management.py,82,80,Line too long (83 > 79)
QS-014,E501,src/image_downloader/plugins/management.py,83,80,Line too long (109 > 79)
QS-014,E501,src/image_downloader/plugins/management.py,97,80,Line too long (118 > 79)
QS-014,E501,src/image_downloader/plugins/management.py,99,80,Line too long (89 > 79)
QS-014,E501,src/image_downloader/plugins/management.py,123,80,Line too long (120 > 79)
QS-014,E501,src/image_downloader/plugins/management.py,158,80,Line too long (100 > 79)
QS-014,E501,src/image_downloader/plugins/management.py,159,80,Line too long (97 > 79)
QS-014,E501,src/image_downloader/plugins/management.py,164,80,Line too long (82 > 79)
QS-014,E501,src/image_downloader/plugins/management.py,175,80,Line too long (82 > 79)
QS-014,E501,src/image_downloader/plugins/management.py,191,80,Line too long (118 > 79)
QS-014,E501,src/image_downloader/plugins/management.py,201,80,Line too long (91 > 79)
QS-014,E501,src/image_downloader/plugins/management.py,206,80,Line too long (98 > 79)
QS-014,E501,src/image_downloader/plugins/management.py,226,80,Line too long (84 > 79)
QS-014,E501,src/image_downloader/plugins/management.py,230,80,Line too long (89 > 79)
QS-014,E501,src/image_downloader/plugins/management.py,234,80,Line too long (88 > 79)
QS-014,E501,src/image_downloader/plugins/management.py,238,80,Line too long (94 > 79)
QS-014,E501,src/image_downloader/plugins/management.py,247,80,Line too long (91 > 79)
QS-014,E501,src/image_downloader/plugins/management.py,275,80,Line too long (82 > 79)
QS-014,E501,src/image_downloader/plugins/management.py,288,80,Line too long (81 > 79)
QS-014,E501,src/image_downloader/plugins/management.py,289,80,Line too long (85 > 79)
QS-014,E501,src/image_downloader/plugins/management.py,295,80,Line too long (98 > 79)
QS-014,E501,src/image_downloader/plugins/management.py,298,80,Line too long (86 > 79)
QS-014,E501,src/image_downloader/plugins/management.py,305,80,Line too long (103 > 79)
QS-014,E501,src/image_downloader/plugins/management.py,310,80,Line too long (88 > 79)
QS-014,E501,src/image_downloader/plugins/management.py,316,80,Line too long (85 > 79)
QS-014,E501,src/image_downloader/plugins/plugin_invoker.py,44,80,Line too long (81 > 79)
QS-014,E501,src/image_downloader/plugins/plugin_invoker.py,46,80,Line too long (85 > 79)
QS-014,E501,src/image_downloader/plugins/plugin_invoker.py,97,80,Line too long (90 > 79)
QS-014,E501,src/image_downloader/plugins/plugin_invoker.py,119,80,Line too long (107 > 79)
QS-014,E501,src/image_downloader/plugins/plugin_invoker.py,121,80,Line too long (84 > 79)
QS-014,E501,src/image_downloader/plugins/plugin_invoker.py,123,80,Line too long (102 > 79)
QS-014,E501,src/image_downloader/plugins/plugin_invoker.py,124,80,Line too long (99 > 79)
QS-014,E501,src/image_downloader/plugins/plugin_invoker.py,133,80,Line too long (89 > 79)
QS-014,E501,src/image_downloader/plugins/plugin_invoker.py,136,80,Line too long (85 > 79)
QS-014,E501,src/image_downloader/plugins/plugin_invoker.py,137,80,Line too long (87 > 79)
QS-014,E501,src/image_downloader/plugins/plugin_invoker.py,139,80,Line too long (91 > 79)
QS-014,E501,src/image_downloader/plugins/plugin_invoker.py,153,80,Line too long (108 > 79)
QS-014,E501,src/image_downloader/plugins/plugin_invoker.py,171,80,Line too long (84 > 79)
QS-014,E501,src/image_downloader/plugins/plugin_invoker.py,184,80,Line too long (90 > 79)
QS-014,E501,src/image_downloader/plugins/plugin_invoker.py,189,80,Line too long (96 > 79)
QS-014,E501,src/image_downloader/plugins/plugin_invoker.py,204,80,Line too long (99 > 79)
QS-014,E501,src/image_downloader/plugins/plugin_invoker.py,207,80,Line too long (82 > 79)
QS-014,E501,src/image_downloader/plugins/plugin_invoker.py,223,80,Line too long (83 > 79)
QS-014,E501,src/image_downloader/plugins/plugin_invoker.py,226,80,Line too long (82 > 79)
QS-014,E501,src/image_downloader/plugins/plugin_invoker.py,227,80,Line too long (88 > 79)
QS-014,E501,src/image_downloader/plugins/plugin_invoker.py,239,80,Line too long (100 > 79)
QS-014,E501,src/image_downloader/plugins/plugin_invoker.py,240,80,Line too long (97 > 79)
QS-014,E501,src/image_downloader/plugins/plugin_invoker.py,267,80,Line too long (94 > 79)
QS-014,E501,src/image_downloader/plugins/plugin_invoker.py,280,80,Line too long (88 > 79)
QS-014,E501,src/image_downloader/plugins/plugin_invoker.py,298,80,Line too long (84 > 79)
QS-014,E501,src/image_downloader/plugins/plugin_invoker.py,312,80,Line too long (86 > 79)
QS-014,E501,src/image_downloader/plugins/plugin_invoker.py,316,80,Line too long (103 > 79)
QS-014,E501,src/image_downloader/plugins/plugin_invoker.py,318,80,Line too long (88 > 79)
QS-014,E501,src/image_downloader/plugins/plugin_invoker.py,320,80,Line too long (80 > 79)
QS-014,E501,src/image_downloader/plugins/plugin_invoker.py,328,80,Line too long (86 > 79)
QS-014,E501,src/image_downloader/plugins/plugin_invoker.py,329,80,Line too long (89 > 79)
QS-014,E501,src/image_downloader/plugins/plugin_invoker.py,330,80,Line too long (81 > 79)
QS-014,E501,src/image_downloader/plugins/plugin_invoker.py,331,80,Line too long (110 > 79)
QS-014,E501,src/image_downloader/plugins/plugin_invoker.py,332,80,Line too long (81 > 79)
QS-014,E501,src/image_downloader/plugins/plugin_invoker.py,335,80,Line too long (108 > 79)
QS-014,E501,src/image_downloader/plugins/plugin_invoker.py,338,80,Line too long (89 > 79)
QS-014,E501,src/image_downloader/plugins/plugin_invoker.py,339,80,Line too long (105 > 79)
QS-014,E501,src/image_downloader/plugins/plugin_invoker.py,340,80,Line too long (111 > 79)
QS-014,E501,src/image_downloader/plugins/plugin_invoker.py,341,80,Line too long (87 > 79)
QS-014,E501,src/image_downloader/plugins/plugin_invoker.py,342,80,Line too long (106 > 79)
QS-014,E501,src/image_downloader/plugins/plugin_invoker.py,343,80,Line too long (86 > 79)
QS-014,E501,src/image_downloader/plugins/plugin_invoker.py,344,80,Line too long (107 > 79)
QS-014,E501,src/image_downloader/plugins/plugin_invoker.py,348,80,Line too long (87 > 79)
QS-014,E501,src/image_downloader/plugins/plugin_invoker.py,351,80,Line too long (109 > 79)
QS-014,E501,src/image_downloader/plugins/plugin_invoker.py,353,80,Line too long (103 > 79)
QS-014,E501,src/image_downloader/plugins/plugin_invoker.py,354,80,Line too long (96 > 79)
QS-014,E501,src/image_downloader/plugins/plugin_invoker.py,355,80,Line too long (89 > 79)
QS-014,E501,src/image_downloader/plugins/plugin_invoker.py,357,80,Line too long (106 > 79)
QS-014,E501,src/image_downloader/plugins/plugin_invoker.py,358,80,Line too long (111 > 79)
QS-014,E501,src/image_downloader/plugins/plugin_invoker.py,359,80,Line too long (113 > 79)
QS-014,E501,src/image_downloader/plugins/plugin_invoker.py,361,80,Line too long (87 > 79)
QS-014,E501,src/image_downloader/plugins/plugin_invoker.py,364,80,Line too long (86 > 79)
QS-014,E501,src/image_downloader/plugins/plugin_invoker.py,371,80,Line too long (95 > 79)
QS-014,E501,src/image_downloader/plugins/plugin_invoker.py,376,80,Line too long (103 > 79)
QS-014,E501,src/image_downloader/plugins/plugin_invoker.py,378,80,Line too long (89 > 79)
QS-014,E501,src/image_downloader/plugins/plugin_invoker.py,381,80,Line too long (110 > 79)
QS-014,E501,src/image_downloader/plugins/plugin_invoker.py,385,80,Line too long (90 > 79)
QS-014,E501,src/image_downloader/plugins/plugin_invoker.py,387,80,Line too long (94 > 79)
QS-014,E501,src/image_downloader/plugins/plugin_invoker.py,388,80,Line too long (111 > 79)
QS-014,E501,src/image_downloader/plugins/plugin_invoker.py,389,80,Line too long (90 > 79)
QS-014,E501,src/image_downloader/plugins/plugin_invoker.py,390,80,Line too long (109 > 79)
QS-014,E501,src/image_downloader/plugins/plugin_invoker.py,392,80,Line too long (87 > 79)
QS-014,E501,src/image_downloader/plugins/plugin_invoker.py,398,80,Line too long (91 > 79)
QS-014,E501,src/image_downloader/plugins/plugin_invoker.py,399,80,Line too long (93 > 79)
QS-014,E501,src/image_downloader/plugins/plugin_invoker.py,401,80,Line too long (102 > 79)
QS-014,E501,src/image_downloader/plugins/plugin_invoker.py,402,80,Line too long (102 > 79)
QS-014,E501,src/image_downloader/plugins/plugin_invoker.py,403,80,Line too long (98 > 79)
QS-014,E501,src/image_downloader/plugins/plugin_invoker.py,404,80,Line too long (96 > 79)
QS-014,E501,src/image_downloader/plugins/plugin_invoker.py,406,80,Line too long (95 > 79)
QS-014,E501,src/image_downloader/plugins/plugin_invoker.py,407,80,Line too long (105 > 79)
QS-014,E501,src/image_downloader/plugins/plugin_invoker.py,410,80,Line too long (99 > 79)
QS-014,E501,src/image_downloader/plugins/plugin_invoker.py,415,80,Line too long (106 > 79)
QS-014,E501,src/image_downloader/plugins/plugin_invoker.py,420,80,Line too long (114 > 79)
QS-014,E501,src/image_downloader/plugins/plugin_invoker.py,426,80,Line too long (88 > 79)
QS-014,E501,src/image_downloader/plugins/plugin_invoker.py,428,80,Line too long (100 > 79)
QS-014,E501,src/image_downloader/plugins/plugin_invoker.py,431,80,Line too long (80 > 79)
QS-014,E501,src/image_downloader/plugins/plugin_invoker.py,436,80,Line too long (92 > 79)
QS-014,E501,src/image_downloader/plugins/plugin_invoker.py,437,80,Line too long (107 > 79)
QS-014,E501,src/image_downloader/plugins/plugin_invoker.py,438,80,Line too long (87 > 79)
QS-014,E501,src/image_downloader/plugins/plugin_invoker.py,440,80,Line too long (86 > 79)
QS-014,E501,src/image_downloader/plugins/plugin_invoker.py,443,80,Line too long (87 > 79)
QS-014,E501,src/image_downloader/plugins/plugin_invoker.py,448,80,Line too long (87 > 79)
QS-014,E501,src/image_downloader/plugins/plugin_invoker.py,467,80,Line too long (108 > 79)
QS-014,E501,src/image_downloader/plugins/plugin_invoker.py,469,80,Line too long (81 > 79)
QS-014,E501,src/image_downloader/plugins/plugin_invoker.py,476,80,Line too long (80 > 79)
QS-014,E501,src/image_downloader/plugins/plugin_invoker.py,480,80,Line too long (87 > 79)
QS-014,E501,src/image_downloader/plugins/plugin_invoker.py,483,80,Line too long (101 > 79)
QS-014,E501,src/image_downloader/plugins/plugin_manifest.py,38,80,Line too long (88 > 79)
QS-014,E501,src/image_downloader/plugins/plugin_manifest.py,83,80,Line too long (101 > 79)
QS-014,E501,src/image_downloader/plugins/plugin_manifest.py,101,80,Line too long (100 > 79)
QS-014,E501,src/image_downloader/plugins/plugin_manifest.py,115,80,Line too long (98 > 79)
QS-014,E501,src/image_downloader/plugins/plugin_manifest.py,210,80,Line too long (84 > 79)
QS-014,E501,src/image_downloader/plugins/plugin_manifest.py,228,80,Line too long (119 > 79)
QS-014,E501,src/image_downloader/plugins/plugin_manifest.py,251,80,Line too long (81 > 79)
QS-014,E501,src/image_downloader/plugins/plugin_manifest.py,256,80,Line too long (115 > 79)
QS-014,E501,src/image_downloader/plugins/plugin_manifest.py,259,80,Line too long (80 > 79)
QS-014,E501,src/image_downloader/plugins/plugin_manifest.py,294,80,Line too long (85 > 79)
QS-014,E501,src/image_downloader/plugins/plugin_manifest.py,297,80,Line too long (100 > 79)
QS-014,E501,src/image_downloader/plugins/plugin_manifest.py,300,80,Line too long (90 > 79)
QS-014,E501,src/image_downloader/plugins/plugin_manifest.py,321,80,Line too long (104 > 79)
QS-014,E501,src/image_downloader/plugins/plugin_manifest.py,324,80,Line too long (97 > 79)
QS-014,E501,src/image_downloader/plugins/plugin_manifest.py,340,80,Line too long (91 > 79)
QS-014,E501,src/image_downloader/plugins/plugin_manifest.py,342,80,Line too long (111 > 79)
QS-014,E501,src/image_downloader/plugins/plugin_manifest.py,351,80,Line too long (82 > 79)
QS-014,E501,src/image_downloader/plugins/plugin_manifest.py,366,80,Line too long (118 > 79)
QS-014,E501,src/image_downloader/plugins/plugin_manifest.py,368,80,Line too long (88 > 79)
QS-014,E501,src/image_downloader/plugins/plugin_manifest.py,402,80,Line too long (116 > 79)
QS-014,E501,src/image_downloader/plugins/plugin_manifest.py,418,80,Line too long (81 > 79)
QS-014,E501,src/image_downloader/plugins/plugin_manifest.py,436,80,Line too long (92 > 79)
QS-014,E501,src/image_downloader/plugins/plugin_manifest.py,465,80,Line too long (97 > 79)
QS-014,E501,src/image_downloader/plugins/plugin_manifest.py,467,80,Line too long (84 > 79)
QS-014,E501,src/image_downloader/plugins/plugin_manifest.py,481,80,Line too long (84 > 79)
QS-014,E501,src/image_downloader/plugins/plugin_manifest.py,488,80,Line too long (81 > 79)
QS-014,E501,src/image_downloader/plugins/plugin_manifest.py,492,80,Line too long (81 > 79)
QS-014,E501,src/image_downloader/plugins/plugin_manifest.py,493,80,Line too long (82 > 79)
QS-014,E501,src/image_downloader/plugins/plugin_manifest.py,496,80,Line too long (92 > 79)
QS-014,E501,src/image_downloader/plugins/plugin_manifest.py,504,80,Line too long (80 > 79)
QS-014,E501,src/image_downloader/plugins/plugin_manifest.py,508,80,Line too long (86 > 79)
QS-014,E501,src/image_downloader/plugins/plugin_manifest.py,520,80,Line too long (96 > 79)
QS-014,E501,src/image_downloader/plugins/plugin_manifest.py,521,80,Line too long (80 > 79)
QS-014,E501,src/image_downloader/plugins/plugin_manifest.py,530,80,Line too long (94 > 79)
QS-014,E501,src/image_downloader/plugins/plugin_manifest.py,542,80,Line too long (87 > 79)
QS-014,E501,src/image_downloader/plugins/plugin_manifest.py,579,80,Line too long (85 > 79)
QS-014,E501,src/image_downloader/plugins/plugin_manifest.py,599,80,Line too long (81 > 79)
QS-014,E501,src/image_downloader/plugins/plugin_manifest.py,601,80,Line too long (82 > 79)
QS-014,E501,src/image_downloader/plugins/plugin_manifest.py,606,80,Line too long (104 > 79)
QS-014,E501,src/image_downloader/plugins/plugin_manifest.py,607,80,Line too long (80 > 79)
QS-014,E501,src/image_downloader/plugins/runtime.py,11,80,Line too long (82 > 79)
QS-014,E501,src/image_downloader/plugins/runtime.py,60,80,Line too long (95 > 79)
QS-014,E501,src/image_downloader/plugins/runtime.py,84,80,Line too long (100 > 79)
QS-014,E501,src/image_downloader/plugins/runtime.py,90,80,Line too long (85 > 79)
QS-014,E501,src/image_downloader/plugins/runtime.py,99,80,Line too long (89 > 79)
QS-014,E501,src/image_downloader/plugins/runtime.py,107,80,Line too long (110 > 79)
QS-014,E501,src/image_downloader/plugins/runtime.py,110,80,Line too long (88 > 79)
QS-014,E501,src/image_downloader/plugins/runtime.py,112,80,Line too long (96 > 79)
QS-014,E501,src/image_downloader/plugins/runtime.py,116,80,Line too long (99 > 79)
QS-014,E501,src/image_downloader/plugins/runtime.py,117,80,Line too long (93 > 79)
QS-014,E501,src/image_downloader/plugins/runtime.py,118,80,Line too long (100 > 79)
QS-014,E501,src/image_downloader/plugins/runtime.py,119,80,Line too long (115 > 79)
QS-014,E501,src/image_downloader/plugins/runtime.py,123,80,Line too long (97 > 79)
QS-014,E501,src/image_downloader/plugins/runtime.py,138,80,Line too long (90 > 79)
QS-014,E501,src/image_downloader/plugins/runtime.py,140,80,Line too long (102 > 79)
QS-014,E501,src/image_downloader/plugins/runtime.py,141,80,Line too long (111 > 79)
QS-014,E501,src/image_downloader/plugins/runtime.py,143,80,Line too long (92 > 79)
QS-014,E501,src/image_downloader/plugins/runtime.py,144,80,Line too long (90 > 79)
QS-014,E501,src/image_downloader/plugins/runtime.py,167,80,Line too long (97 > 79)
QS-014,E501,src/image_downloader/plugins/runtime.py,176,80,Line too long (105 > 79)
QS-014,E501,src/image_downloader/plugins/runtime.py,178,80,Line too long (89 > 79)
QS-014,E501,src/image_downloader/plugins/runtime.py,182,80,Line too long (95 > 79)
QS-014,E501,src/image_downloader/plugins/runtime.py,185,80,Line too long (95 > 79)
QS-014,E501,src/image_downloader/plugins/runtime.py,186,80,Line too long (99 > 79)
QS-014,E501,src/image_downloader/plugins/runtime.py,187,80,Line too long (101 > 79)
QS-014,E501,src/image_downloader/plugins/runtime.py,195,80,Line too long (104 > 79)
QS-014,E501,src/image_downloader/plugins/runtime.py,198,80,Line too long (104 > 79)
QS-014,E501,src/image_downloader/plugins/runtime.py,199,80,Line too long (105 > 79)
QS-014,E501,src/image_downloader/plugins/runtime.py,211,80,Line too long (86 > 79)
QS-014,E501,src/image_downloader/plugins/runtime.py,215,80,Line too long (102 > 79)
QS-014,E501,src/image_downloader/plugins/runtime.py,225,80,Line too long (82 > 79)
QS-014,E501,src/image_downloader/plugins/runtime.py,229,80,Line too long (111 > 79)
QS-014,E501,src/image_downloader/plugins/runtime.py,234,80,Line too long (109 > 79)
QS-014,E501,src/image_downloader/plugins/runtime.py,246,80,Line too long (96 > 79)
QS-014,E501,src/image_downloader/plugins/runtime.py,249,80,Line too long (90 > 79)
QS-014,E501,src/image_downloader/plugins/runtime.py,263,80,Line too long (91 > 79)
QS-014,E501,src/image_downloader/plugins/runtime.py,267,80,Line too long (116 > 79)
QS-014,E501,src/image_downloader/plugins/runtime.py,269,80,Line too long (81 > 79)
QS-014,E501,src/image_downloader/plugins/runtime.py,271,80,Line too long (92 > 79)
QS-014,E501,src/image_downloader/plugins/runtime.py,274,80,Line too long (82 > 79)
QS-014,E501,src/image_downloader/plugins/runtime.py,275,80,Line too long (80 > 79)
QS-014,E501,src/image_downloader/plugins/runtime.py,283,80,Line too long (93 > 79)
QS-014,E501,src/image_downloader/plugins/runtime.py,288,80,Line too long (91 > 79)
QS-014,E501,src/image_downloader/plugins/runtime.py,292,80,Line too long (117 > 79)
QS-014,E501,src/image_downloader/plugins/runtime.py,294,80,Line too long (81 > 79)
QS-014,E501,src/image_downloader/plugins/runtime.py,309,80,Line too long (83 > 79)
QS-014,E501,src/image_downloader/plugins/runtime.py,317,80,Line too long (88 > 79)
QS-014,E501,src/image_downloader/plugins/runtime.py,323,80,Line too long (111 > 79)
QS-014,E501,src/image_downloader/plugins/runtime.py,326,80,Line too long (111 > 79)
QS-014,E501,src/image_downloader/plugins/runtime.py,334,80,Line too long (100 > 79)
QS-014,E501,src/image_downloader/plugins/runtime.py,337,80,Line too long (118 > 79)
QS-014,E501,src/image_downloader/plugins/runtime.py,340,80,Line too long (86 > 79)
QS-014,E501,src/image_downloader/plugins/runtime.py,341,80,Line too long (80 > 79)
QS-014,E501,src/image_downloader/plugins/runtime.py,354,80,Line too long (118 > 79)
QS-014,E501,src/image_downloader/plugins/runtime.py,357,80,Line too long (83 > 79)
QS-014,E501,src/image_downloader/plugins/runtime.py,399,80,Line too long (94 > 79)
QS-014,E501,src/image_downloader/plugins/runtime.py,403,80,Line too long (88 > 79)
QS-014,E501,src/image_downloader/plugins/runtime.py,411,80,Line too long (90 > 79)
QS-014,E501,src/image_downloader/plugins/runtime.py,416,80,Line too long (108 > 79)
QS-014,E501,src/image_downloader/plugins/runtime.py,426,80,Line too long (95 > 79)
QS-014,E501,src/image_downloader/plugins/runtime.py,440,80,Line too long (81 > 79)
QS-014,E501,src/image_downloader/ports.py,40,80,Line too long (94 > 79)
QS-014,E501,src/image_downloader/ports.py,54,80,Line too long (83 > 79)
QS-014,E501,src/image_downloader/ports.py,107,80,Line too long (96 > 79)
QS-014,E501,src/image_downloader/ports.py,108,80,Line too long (88 > 79)
QS-014,E501,src/image_downloader/ports.py,115,80,Line too long (83 > 79)
QS-014,E501,src/image_downloader/ports.py,153,80,Line too long (81 > 79)
QS-014,E501,src/image_downloader/ports.py,187,80,Line too long (110 > 79)
QS-014,E501,src/image_downloader/ports.py,188,80,Line too long (105 > 79)
QS-014,E501,src/image_downloader/ports.py,189,80,Line too long (88 > 79)
QS-014,E501,src/image_downloader/ports.py,194,80,Line too long (83 > 79)
QS-014,E501,src/image_downloader/ports.py,195,80,Line too long (101 > 79)
QS-014,E501,src/image_downloader/ports.py,196,80,Line too long (98 > 79)
QS-014,E501,src/image_downloader/ports.py,215,80,Line too long (85 > 79)
QS-014,E501,src/image_downloader/ports.py,257,80,Line too long (91 > 79)
QS-014,E501,src/image_downloader/ports.py,259,80,Line too long (102 > 79)
QS-014,E501,src/image_downloader/ports.py,264,80,Line too long (83 > 79)
QS-014,E501,src/image_downloader/ports.py,273,80,Line too long (90 > 79)
QS-014,E501,src/image_downloader/ports.py,278,80,Line too long (108 > 79)
QS-014,E501,src/image_downloader/ports.py,281,80,Line too long (95 > 79)
QS-014,E501,src/image_downloader/ports.py,286,80,Line too long (115 > 79)
QS-014,E501,src/image_downloader/ports.py,288,80,Line too long (80 > 79)
QS-014,E501,src/image_downloader/ports.py,289,80,Line too long (109 > 79)
QS-014,E501,src/image_downloader/ports.py,294,80,Line too long (81 > 79)
QS-014,E501,src/image_downloader/ports.py,302,80,Line too long (88 > 79)
QS-014,E501,src/image_downloader/ports.py,308,80,Line too long (99 > 79)
QS-014,E501,src/image_downloader/ports.py,315,80,Line too long (118 > 79)
QS-014,E501,src/image_downloader/ports.py,325,80,Line too long (82 > 79)
QS-014,E501,src/image_downloader/ports.py,338,80,Line too long (108 > 79)
QS-014,E501,src/image_downloader/ports.py,340,80,Line too long (103 > 79)
QS-014,E501,src/image_downloader/ports.py,347,80,Line too long (83 > 79)
QS-014,E501,src/image_downloader/privacy/log_safety.py,12,80,Line too long (116 > 79)
QS-014,E501,src/image_downloader/privacy/log_safety.py,21,80,Line too long (98 > 79)
QS-014,E501,src/image_downloader/privacy/log_safety.py,47,80,Line too long (80 > 79)
QS-014,E501,src/image_downloader/privacy/log_safety.py,77,80,Line too long (80 > 79)
QS-014,E501,src/image_downloader/privacy/log_safety.py,86,80,Line too long (107 > 79)
QS-014,E501,src/image_downloader/privacy/log_safety.py,87,80,Line too long (82 > 79)
QS-014,E501,src/image_downloader/privacy/log_safety.py,150,80,Line too long (89 > 79)
QS-014,E501,src/image_downloader/privacy/log_safety.py,155,80,Line too long (100 > 79)
QS-014,E501,src/image_downloader/privacy/log_safety.py,161,80,Line too long (102 > 79)
QS-014,E501,src/image_downloader/privacy/log_safety.py,166,80,Line too long (80 > 79)
QS-014,E501,src/image_downloader/privacy/sensitive_values.py,28,80,Line too long (83 > 79)
QS-014,E501,src/image_downloader/privacy/sensitive_values.py,33,80,Line too long (82 > 79)
QS-014,E501,src/image_downloader/privacy/sensitive_values.py,47,80,Line too long (81 > 79)
QS-014,E501,src/image_downloader/privacy/sensitive_values.py,55,80,Line too long (82 > 79)
QS-014,E501,src/image_downloader/privacy/sensitive_values.py,58,80,Line too long (91 > 79)
QS-014,E501,src/image_downloader/runtime.py,4,80,Line too long (82 > 79)
QS-014,E501,src/image_downloader/runtime.py,9,80,Line too long (91 > 79)
QS-014,E501,src/image_downloader/storage/_path_limits.py,22,80,Line too long (119 > 79)
QS-014,E501,src/image_downloader/storage/_path_limits.py,27,80,Line too long (100 > 79)
QS-014,E501,src/image_downloader/storage/_path_limits.py,30,80,Line too long (86 > 79)
QS-014,E501,src/image_downloader/storage/_path_limits.py,86,80,Line too long (92 > 79)
QS-014,E501,src/image_downloader/storage/_path_limits.py,107,80,Line too long (104 > 79)
QS-014,E501,src/image_downloader/storage/_path_limits.py,110,80,Line too long (117 > 79)
QS-014,E501,src/image_downloader/storage/_path_limits.py,112,80,Line too long (84 > 79)
QS-014,E501,src/image_downloader/storage/_path_limits.py,118,80,Line too long (109 > 79)
QS-014,E501,src/image_downloader/storage/_path_limits.py,122,80,Line too long (113 > 79)
QS-014,E501,src/image_downloader/storage/_path_limits.py,127,80,Line too long (81 > 79)
QS-014,E501,src/image_downloader/storage/_path_limits.py,128,80,Line too long (81 > 79)
QS-014,E501,src/image_downloader/storage/cookies.py,29,80,Line too long (86 > 79)
QS-014,E501,src/image_downloader/storage/cookies.py,31,80,Line too long (94 > 79)
QS-014,E501,src/image_downloader/storage/cookies.py,36,80,Line too long (91 > 79)
QS-014,E501,src/image_downloader/storage/cookies.py,51,80,Line too long (82 > 79)
QS-014,E501,src/image_downloader/storage/cookies.py,56,80,Line too long (89 > 79)
QS-014,E501,src/image_downloader/storage/cookies.py,57,80,Line too long (91 > 79)
QS-014,E501,src/image_downloader/storage/cookies.py,68,80,Line too long (104 > 79)
QS-014,E501,src/image_downloader/storage/cookies.py,70,80,Line too long (86 > 79)
QS-014,E501,src/image_downloader/storage/cookies.py,74,80,Line too long (89 > 79)
QS-014,E501,src/image_downloader/storage/cookies.py,80,80,Line too long (96 > 79)
QS-014,E501,src/image_downloader/storage/cookies.py,81,80,Line too long (105 > 79)
QS-014,E501,src/image_downloader/storage/cookies.py,83,80,Line too long (92 > 79)
QS-014,E501,src/image_downloader/storage/cookies.py,92,80,Line too long (103 > 79)
QS-014,E501,src/image_downloader/storage/cookies.py,94,80,Line too long (119 > 79)
QS-014,E501,src/image_downloader/storage/cookies.py,95,80,Line too long (99 > 79)
QS-014,E501,src/image_downloader/storage/cookies.py,96,80,Line too long (83 > 79)
QS-014,E501,src/image_downloader/storage/cookies.py,113,80,Line too long (96 > 79)
QS-014,E501,src/image_downloader/storage/cookies.py,121,80,Line too long (88 > 79)
QS-014,E501,src/image_downloader/storage/cookies.py,126,80,Line too long (86 > 79)
QS-014,E501,src/image_downloader/storage/cookies.py,131,80,Line too long (82 > 79)
QS-014,E501,src/image_downloader/storage/cookies.py,143,80,Line too long (89 > 79)
QS-014,E501,src/image_downloader/storage/cookies.py,144,80,Line too long (91 > 79)
QS-014,E501,src/image_downloader/storage/cookies.py,177,80,Line too long (81 > 79)
QS-014,E501,src/image_downloader/storage/cookies.py,179,80,Line too long (120 > 79)
QS-014,E501,src/image_downloader/storage/cookies.py,194,80,Line too long (115 > 79)
QS-014,E501,src/image_downloader/storage/cookies.py,212,80,Line too long (99 > 79)
QS-014,E501,src/image_downloader/storage/cookies.py,216,80,Line too long (93 > 79)
QS-014,E501,src/image_downloader/storage/cookies.py,222,80,Line too long (96 > 79)
QS-014,E501,src/image_downloader/storage/cookies.py,278,80,Line too long (94 > 79)
QS-014,E501,src/image_downloader/storage/cookies.py,283,80,Line too long (86 > 79)
QS-014,E501,src/image_downloader/storage/filesystem.py,32,80,Line too long (101 > 79)
QS-014,E501,src/image_downloader/storage/filesystem.py,34,80,Line too long (86 > 79)
QS-014,E501,src/image_downloader/storage/filesystem.py,40,80,Line too long (89 > 79)
QS-014,E501,src/image_downloader/storage/filesystem.py,51,80,Line too long (84 > 79)
QS-014,E501,src/image_downloader/storage/filesystem.py,92,80,Line too long (95 > 79)
QS-014,E501,src/image_downloader/storage/filesystem.py,94,80,Line too long (80 > 79)
QS-014,E501,src/image_downloader/storage/filesystem.py,95,80,Line too long (93 > 79)
QS-014,E501,src/image_downloader/storage/filesystem.py,100,80,Line too long (108 > 79)
QS-014,E501,src/image_downloader/storage/filesystem.py,102,80,Line too long (81 > 79)
QS-014,E501,src/image_downloader/storage/filesystem.py,121,80,Line too long (89 > 79)
QS-014,E501,src/image_downloader/storage/filesystem.py,127,80,Line too long (80 > 79)
QS-014,E501,src/image_downloader/storage/filesystem.py,128,80,Line too long (81 > 79)
QS-014,E501,src/image_downloader/storage/filesystem.py,131,80,Line too long (97 > 79)
QS-014,E501,src/image_downloader/storage/filesystem.py,165,80,Line too long (110 > 79)
QS-014,E501,src/image_downloader/storage/filesystem.py,172,80,Line too long (80 > 79)
QS-014,E501,src/image_downloader/storage/filesystem.py,179,80,Line too long (100 > 79)
QS-014,E501,src/image_downloader/storage/filesystem.py,181,80,Line too long (81 > 79)
QS-014,E501,src/image_downloader/storage/filesystem.py,186,80,Line too long (82 > 79)
QS-014,E501,src/image_downloader/storage/filesystem.py,195,80,Line too long (92 > 79)
QS-014,E501,src/image_downloader/storage/filesystem.py,197,80,Line too long (95 > 79)
QS-014,E501,src/image_downloader/storage/filesystem.py,199,80,Line too long (90 > 79)
QS-014,E501,src/image_downloader/storage/filesystem.py,202,80,Line too long (86 > 79)
QS-014,E501,src/image_downloader/storage/filesystem.py,205,80,Line too long (85 > 79)
QS-014,E501,src/image_downloader/storage/filesystem.py,228,80,Line too long (86 > 79)
QS-014,E501,src/image_downloader/storage/filesystem.py,232,80,Line too long (107 > 79)
QS-014,E501,src/image_downloader/storage/filesystem.py,246,80,Line too long (102 > 79)
QS-014,E501,src/image_downloader/storage/filesystem.py,251,80,Line too long (98 > 79)
QS-014,E501,src/image_downloader/storage/interprocess_lock.py,36,80,Line too long (89 > 79)
QS-014,E501,src/image_downloader/storage/interprocess_lock.py,78,80,Line too long (84 > 79)
QS-014,E501,src/image_downloader/storage/interprocess_lock.py,83,80,Line too long (96 > 79)
QS-014,E501,src/image_downloader/storage/interprocess_lock.py,88,80,Line too long (103 > 79)
QS-014,E501,src/image_downloader/storage/interprocess_lock.py,93,80,Line too long (86 > 79)
QS-014,E501,src/image_downloader/storage/interprocess_lock.py,102,80,Line too long (108 > 79)
QS-014,E501,src/image_downloader/storage/interprocess_lock.py,112,80,Line too long (104 > 79)
QS-014,E501,src/image_downloader/storage/interprocess_lock.py,117,80,Line too long (86 > 79)
QS-014,E501,src/image_downloader/storage/interprocess_lock.py,126,80,Line too long (108 > 79)
QS-014,E501,src/image_downloader/storage/interprocess_lock.py,133,80,Line too long (108 > 79)
QS-014,E501,src/image_downloader/storage/interprocess_lock.py,144,80,Line too long (104 > 79)
QS-014,E501,src/image_downloader/storage/path_safety.py,5,80,Line too long (81 > 79)
QS-014,E501,src/image_downloader/storage/path_safety.py,18,80,Line too long (87 > 79)
QS-014,E501,src/image_downloader/storage/path_safety.py,21,80,Line too long (98 > 79)
QS-014,E501,src/image_downloader/storage/path_safety.py,26,80,Line too long (86 > 79)
QS-014,E501,src/image_downloader/storage/path_safety.py,37,80,Line too long (98 > 79)
QS-014,E501,src/image_downloader/storage/path_safety.py,44,80,Line too long (83 > 79)
QS-014,E501,src/image_downloader/storage/path_safety.py,46,80,Line too long (102 > 79)
QS-014,E501,src/image_downloader/storage/path_safety.py,48,80,Line too long (109 > 79)
QS-014,E501,src/image_downloader/storage/path_safety.py,52,80,Line too long (84 > 79)
QS-014,E501,src/image_downloader/storage/path_safety.py,53,80,Line too long (88 > 79)
QS-014,E501,src/image_downloader/storage/path_safety.py,64,80,Line too long (84 > 79)
QS-014,E501,src/image_downloader/storage/path_safety.py,68,80,Line too long (82 > 79)
QS-014,E501,src/image_downloader/storage/path_safety.py,69,80,Line too long (90 > 79)
QS-014,E501,src/image_downloader/storage/path_safety.py,80,80,Line too long (104 > 79)
QS-014,E501,src/image_downloader/storage/state.py,15,80,Line too long (84 > 79)
QS-014,E501,src/image_downloader/storage/state.py,31,80,Line too long (80 > 79)
QS-014,E501,src/image_downloader/storage/state.py,36,80,Line too long (94 > 79)
QS-014,E501,src/image_downloader/storage/state.py,59,80,Line too long (88 > 79)
QS-014,E501,src/image_downloader/storage/state.py,61,80,Line too long (81 > 79)
QS-014,E501,src/image_downloader/storage/state.py,69,80,Line too long (93 > 79)
QS-014,E501,src/image_downloader/storage/state.py,70,80,Line too long (107 > 79)
QS-014,E501,src/image_downloader/storage/state.py,98,80,Line too long (90 > 79)
QS-014,E501,src/image_downloader/storage/state.py,101,80,Line too long (87 > 79)
QS-014,E501,src/image_downloader/storage/state.py,104,80,Line too long (113 > 79)
QS-014,E501,src/image_downloader/storage/state.py,106,80,Line too long (86 > 79)
QS-014,E501,src/image_downloader/storage/state.py,108,80,Line too long (115 > 79)
QS-014,E501,src/image_downloader/storage/state.py,125,80,Line too long (94 > 79)
QS-014,E501,src/image_downloader/storage/state.py,136,80,Line too long (95 > 79)
QS-014,E501,src/image_downloader/storage/state.py,137,80,Line too long (120 > 79)
QS-014,E501,src/image_downloader/storage/state.py,150,80,Line too long (116 > 79)
QS-014,E501,src/image_downloader/storage/state.py,153,80,Line too long (105 > 79)
QS-014,E501,src/image_downloader/storage/state.py,168,80,Line too long (80 > 79)
QS-014,E501,src/image_downloader/storage/state.py,170,80,Line too long (93 > 79)
QS-014,E501,src/image_downloader/storage/state.py,177,80,Line too long (85 > 79)
QS-014,E501,src/image_downloader/storage/state.py,181,80,Line too long (89 > 79)
QS-014,E501,src/image_downloader/storage/state.py,182,80,Line too long (80 > 79)
QS-014,E501,src/image_downloader/storage/state.py,185,80,Line too long (80 > 79)
QS-014,E501,src/image_downloader/storage/state.py,201,80,Line too long (90 > 79)
QS-014,E501,src/image_downloader/storage/state.py,202,80,Line too long (95 > 79)
QS-014,E501,src/image_downloader/storage/state.py,210,80,Line too long (88 > 79)
QS-014,E501,src/image_downloader/storage/workflow.py,36,80,Line too long (94 > 79)
QS-014,E501,src/image_downloader/storage/workflow.py,44,80,Line too long (110 > 79)
QS-014,E501,src/image_downloader/storage/workflow.py,56,80,Line too long (85 > 79)
QS-014,E501,src/image_downloader/storage/workflow.py,57,80,Line too long (101 > 79)
QS-014,E501,src/image_downloader/storage/workflow.py,62,80,Line too long (119 > 79)
QS-014,E501,src/image_downloader/storage/workflow.py,86,80,Line too long (116 > 79)
QS-014,E501,src/image_downloader/storage/workflow.py,89,80,Line too long (103 > 79)
QS-014,E501,src/image_downloader/storage/workflow.py,95,80,Line too long (89 > 79)
QS-014,E501,src/image_downloader/storage/workflow.py,107,80,Line too long (85 > 79)
QS-014,E501,src/image_downloader/storage/workflow.py,108,80,Line too long (99 > 79)
QS-014,E501,src/image_downloader/storage/workflow.py,127,80,Line too long (81 > 79)
QS-014,E501,src/image_downloader/storage/workflow.py,130,80,Line too long (100 > 79)
QS-014,E501,src/image_downloader/storage/workflow.py,137,80,Line too long (115 > 79)
QS-014,E501,src/image_downloader/storage/workflow.py,142,80,Line too long (81 > 79)
QS-014,E501,src/image_downloader/storage/workflow.py,150,80,Line too long (86 > 79)
QS-014,E501,src/image_downloader/storage/workflow.py,152,80,Line too long (101 > 79)
QS-014,E501,src/image_downloader/storage/workflow.py,153,80,Line too long (83 > 79)
QS-014,E501,src/image_downloader/storage/workflow.py,156,80,Line too long (111 > 79)
QS-014,E501,src/image_downloader/storage/workflow.py,162,80,Line too long (85 > 79)
QS-014,E501,src/image_downloader/storage/workflow.py,171,80,Line too long (114 > 79)
QS-014,E501,src/image_downloader/storage/workflow.py,177,80,Line too long (112 > 79)
QS-014,E501,src/image_downloader/storage/workflow_history.py,63,80,Line too long (93 > 79)
QS-014,E501,src/image_downloader/storage/workflow_history.py,65,80,Line too long (110 > 79)
QS-014,E501,src/image_downloader/storage/workflow_history.py,68,80,Line too long (99 > 79)
QS-014,E501,src/image_downloader/storage/workflow_history.py,72,80,Line too long (96 > 79)
QS-014,E501,src/image_downloader/storage/workflow_history.py,103,80,Line too long (117 > 79)
QS-014,E501,src/image_downloader/storage/workflow_history.py,112,80,Line too long (110 > 79)
QS-014,E501,src/image_downloader/storage/workflow_history.py,119,80,Line too long (114 > 79)
QS-014,E501,src/image_downloader/storage/workflow_history.py,120,80,Line too long (87 > 79)
QS-014,E501,src/image_downloader/storage/workflow_history.py,122,80,Line too long (88 > 79)
QS-014,E501,src/image_downloader/storage/workflow_history.py,130,80,Line too long (90 > 79)
QS-014,E501,src/image_downloader/storage/workflow_history.py,132,80,Line too long (80 > 79)
QS-014,E501,src/image_downloader/storage/workflow_history.py,133,80,Line too long (103 > 79)
QS-014,E501,src/image_downloader/storage/workflow_history.py,142,80,Line too long (107 > 79)
QS-014,E501,src/image_downloader/storage/workflow_history.py,147,80,Line too long (105 > 79)
QS-014,E501,src/image_downloader/storage/workflow_history.py,149,80,Line too long (91 > 79)
QS-014,E501,src/image_downloader/storage/workflow_history.py,151,80,Line too long (80 > 79)
QS-014,E501,src/image_downloader/storage/workflow_history.py,154,80,Line too long (83 > 79)
QS-014,E501,src/image_downloader/storage/workflow_history.py,162,80,Line too long (86 > 79)
QS-014,E501,src/image_downloader/storage/workflow_history.py,166,80,Line too long (86 > 79)
QS-014,E501,src/image_downloader/storage/workflow_history.py,172,80,Line too long (89 > 79)
QS-014,E501,src/image_downloader/storage/workflow_history.py,176,80,Line too long (86 > 79)
QS-014,E501,src/image_downloader/storage/workflow_history.py,182,80,Line too long (120 > 79)
QS-014,E501,src/image_downloader/storage/workflow_history.py,185,80,Line too long (82 > 79)
QS-014,E501,src/image_downloader/storage/workflow_history.py,189,80,Line too long (98 > 79)
QS-014,E501,src/image_downloader/storage/workflow_history.py,198,80,Line too long (116 > 79)
QS-014,E501,src/image_downloader/storage/workflow_history_schema.py,1,80,Line too long (83 > 79)
QS-014,E501,src/image_downloader/storage/workflow_history_schema.py,50,80,Line too long (107 > 79)
QS-014,E501,src/image_downloader/storage/workflow_history_schema.py,51,80,Line too long (87 > 79)
QS-014,E501,src/image_downloader/storage/workflow_logging.py,39,80,Line too long (119 > 79)
QS-014,E501,src/image_downloader/storage/workflow_logging.py,54,80,Line too long (97 > 79)
QS-014,E501,src/image_downloader/storage/workflow_logging.py,55,80,Line too long (81 > 79)
QS-014,E501,src/image_downloader/storage/workflow_logging.py,64,80,Line too long (88 > 79)
QS-014,E501,src/image_downloader/storage/workflow_logging.py,69,80,Line too long (93 > 79)
QS-014,E501,src/image_downloader/storage/workflow_logging.py,71,80,Line too long (90 > 79)
QS-014,E501,src/image_downloader/storage/workflow_logging.py,81,80,Line too long (114 > 79)
QS-014,E501,src/image_downloader/storage/workflow_logging.py,86,80,Line too long (120 > 79)
QS-014,E501,src/image_downloader/storage/workflow_logging.py,93,80,Line too long (90 > 79)
QS-014,E501,src/image_downloader/storage/workflow_logging.py,95,80,Line too long (114 > 79)
QS-014,E501,src/image_downloader/storage/workflow_logging.py,97,80,Line too long (85 > 79)
QS-014,E501,src/image_downloader/storage/workflow_logging.py,124,80,Line too long (97 > 79)
QS-014,E501,src/image_downloader/storage/workflow_logging.py,125,80,Line too long (80 > 79)
QS-014,E501,src/image_downloader/storage/workflow_logging.py,126,80,Line too long (84 > 79)
QS-014,E501,src/image_downloader/storage/workflow_logging.py,134,80,Line too long (81 > 79)
QS-014,E501,src/image_downloader/storage/workflow_logging.py,157,80,Line too long (100 > 79)
QS-014,E501,src/image_downloader/storage/workflow_logging.py,161,80,Line too long (91 > 79)
QS-014,E501,src/image_downloader/storage/workflow_logging.py,164,80,Line too long (112 > 79)
QS-014,E501,src/image_downloader/storage/workflow_logging.py,181,80,Line too long (84 > 79)
QS-014,E501,src/image_downloader/transport/gateway.py,78,80,Line too long (81 > 79)
QS-014,E501,src/image_downloader/transport/gateway.py,108,80,Line too long (82 > 79)
QS-014,E501,src/image_downloader/transport/gateway.py,113,80,Line too long (93 > 79)
QS-014,E501,src/image_downloader/transport/gateway.py,119,80,Line too long (86 > 79)
QS-014,E501,src/image_downloader/transport/gateway.py,133,80,Line too long (84 > 79)
QS-014,E501,src/image_downloader/transport/gateway.py,181,80,Line too long (87 > 79)
QS-014,E501,src/image_downloader/transport/gateway.py,182,80,Line too long (81 > 79)
QS-014,E501,src/image_downloader/transport/gateway.py,183,80,Line too long (83 > 79)
QS-014,E501,src/image_downloader/transport/gateway.py,184,80,Line too long (81 > 79)
QS-014,E501,src/image_downloader/transport/gateway.py,193,80,Line too long (83 > 79)
QS-014,E501,src/image_downloader/transport/gateway.py,201,80,Line too long (104 > 79)
QS-014,E501,src/image_downloader/transport/gateway.py,204,80,Line too long (116 > 79)
QS-014,E501,src/image_downloader/transport/gateway.py,215,80,Line too long (92 > 79)
QS-014,E501,src/image_downloader/transport/gateway.py,226,80,Line too long (84 > 79)
QS-014,E501,src/image_downloader/transport/gateway.py,231,80,Line too long (89 > 79)
QS-014,E501,src/image_downloader/transport/gateway.py,241,80,Line too long (85 > 79)
QS-014,E501,src/image_downloader/transport/gateway.py,242,80,Line too long (107 > 79)
QS-014,E501,src/image_downloader/transport/gateway.py,251,80,Line too long (117 > 79)
QS-014,E501,src/image_downloader/transport/gateway.py,253,80,Line too long (104 > 79)
QS-014,E501,src/image_downloader/transport/gateway.py,264,80,Line too long (86 > 79)
QS-014,E501,src/image_downloader/transport/gateway.py,288,80,Line too long (104 > 79)
QS-014,E501,src/image_downloader/transport/gateway.py,289,80,Line too long (82 > 79)
QS-014,E501,src/image_downloader/transport/gateway.py,290,80,Line too long (85 > 79)
QS-014,E501,src/image_downloader/transport/gateway.py,307,80,Line too long (102 > 79)
QS-014,E501,src/image_downloader/transport/gateway.py,317,80,Line too long (111 > 79)
QS-014,E501,src/image_downloader/transport/gateway.py,331,80,Line too long (88 > 79)
QS-014,E501,src/image_downloader/transport/gateway.py,337,80,Line too long (81 > 79)
QS-014,E501,src/image_downloader/transport/gateway.py,350,80,Line too long (91 > 79)
QS-014,E501,src/image_downloader/transport/gateway.py,355,80,Line too long (80 > 79)
QS-014,E501,src/image_downloader/transport/gateway.py,358,80,Line too long (83 > 79)
QS-014,E501,src/image_downloader/transport/gateway.py,364,80,Line too long (102 > 79)
QS-014,E501,src/image_downloader/transport/gateway.py,382,80,Line too long (84 > 79)
QS-014,E501,src/image_downloader/transport/gateway.py,383,80,Line too long (92 > 79)
QS-014,E501,src/image_downloader/transport/gateway.py,385,80,Line too long (101 > 79)
QS-014,E501,src/image_downloader/transport/gateway.py,387,80,Line too long (92 > 79)
QS-014,E501,src/image_downloader/transport/gateway.py,388,80,Line too long (97 > 79)
QS-014,E501,src/image_downloader/transport/gateway.py,389,80,Line too long (89 > 79)
QS-014,E501,src/image_downloader/transport/gateway.py,390,80,Line too long (88 > 79)
QS-014,E501,src/image_downloader/transport/gateway.py,396,80,Line too long (80 > 79)
QS-014,E501,src/image_downloader/transport/gateway.py,397,80,Line too long (92 > 79)
QS-014,E501,src/image_downloader/transport/gateway.py,398,80,Line too long (80 > 79)
QS-014,E501,src/image_downloader/transport/gateway.py,423,80,Line too long (108 > 79)
QS-014,E501,src/image_downloader/transport/gateway.py,456,80,Line too long (88 > 79)
QS-014,E501,src/image_downloader/transport/gateway.py,458,80,Line too long (80 > 79)
QS-014,E501,src/image_downloader/transport/gateway.py,478,80,Line too long (93 > 79)
QS-014,E501,src/image_downloader/transport/gateway.py,483,80,Line too long (113 > 79)
QS-014,E501,src/image_downloader/transport/gateway.py,494,80,Line too long (99 > 79)
QS-014,E501,src/image_downloader/transport/gateway.py,519,80,Line too long (88 > 79)
QS-014,E501,src/image_downloader/transport/gateway.py,531,80,Line too long (84 > 79)
QS-014,E501,src/image_downloader/transport/gateway.py,539,80,Line too long (114 > 79)
QS-014,E501,src/image_downloader/transport/gateway.py,541,80,Line too long (112 > 79)
QS-014,E501,src/image_downloader/transport/gateway.py,544,80,Line too long (96 > 79)
QS-014,E501,src/image_downloader/transport/gateway.py,555,80,Line too long (101 > 79)
QS-014,E501,src/image_downloader/transport/gateway.py,558,80,Line too long (88 > 79)
QS-014,E501,src/image_downloader/transport/gateway.py,559,80,Line too long (85 > 79)
QS-014,E501,src/image_downloader/transport/gateway.py,562,80,Line too long (94 > 79)
QS-014,E501,src/image_downloader/transport/gateway.py,587,80,Line too long (103 > 79)
QS-014,E501,src/image_downloader/transport/gateway.py,591,80,Line too long (91 > 79)
QS-014,E501,src/image_downloader/transport/gateway.py,597,80,Line too long (116 > 79)
QS-014,E501,src/image_downloader/transport/gateway.py,627,80,Line too long (82 > 79)
QS-014,E501,src/image_downloader/transport/gateway.py,628,80,Line too long (86 > 79)
QS-014,E501,src/image_downloader/transport/gateway.py,629,80,Line too long (104 > 79)
QS-014,E501,src/image_downloader/transport/gateway.py,633,80,Line too long (83 > 79)
QS-014,E501,src/image_downloader/transport/gateway.py,634,80,Line too long (95 > 79)
QS-014,E501,src/image_downloader/transport/gateway.py,635,80,Line too long (106 > 79)
QS-014,E501,src/image_downloader/transport/gateway.py,637,80,Line too long (92 > 79)
QS-014,E501,src/image_downloader/transport/gateway.py,640,80,Line too long (96 > 79)
QS-014,E501,src/image_downloader/transport/gateway.py,646,80,Line too long (80 > 79)
QS-014,E501,src/image_downloader/transport/gateway.py,653,80,Line too long (81 > 79)
QS-014,E501,src/image_downloader/transport/gateway.py,659,80,Line too long (108 > 79)
QS-014,E501,src/image_downloader/transport/gateway.py,660,80,Line too long (94 > 79)
QS-014,E501,src/image_downloader/transport/gateway.py,663,80,Line too long (102 > 79)
QS-014,E501,src/image_downloader/transport/gateway.py,664,80,Line too long (97 > 79)
QS-014,E501,src/image_downloader/transport/gateway.py,668,80,Line too long (88 > 79)
QS-014,E501,src/image_downloader/transport/gateway.py,671,80,Line too long (106 > 79)
QS-014,E501,src/image_downloader/transport/gateway.py,673,80,Line too long (98 > 79)
QS-014,E501,src/image_downloader/transport/gateway.py,674,80,Line too long (89 > 79)
QS-014,PEP8-documentation-72-measurement,src/image_downloader/application/additional_files.py,1,73,文書行の長さ=88。URL・コード例などの適用除外を断定しない測定値。
QS-014,PEP8-documentation-72-measurement,src/image_downloader/application/additional_files.py,271,73,文書行の長さ=83。URL・コード例などの適用除外を断定しない測定値。
QS-014,PEP8-documentation-72-measurement,src/image_downloader/application/additional_files.py,322,73,文書行の長さ=75。URL・コード例などの適用除外を断定しない測定値。
QS-014,PEP8-documentation-72-measurement,src/image_downloader/application/composer.py,60,73,文書行の長さ=86。URL・コード例などの適用除外を断定しない測定値。
QS-014,PEP8-documentation-72-measurement,src/image_downloader/application/composer.py,65,73,文書行の長さ=80。URL・コード例などの適用除外を断定しない測定値。
QS-014,PEP8-documentation-72-measurement,src/image_downloader/application/composer.py,116,73,文書行の長さ=82。URL・コード例などの適用除外を断定しない測定値。
QS-014,PEP8-documentation-72-measurement,src/image_downloader/application/dependencies.py,24,73,文書行の長さ=73。URL・コード例などの適用除外を断定しない測定値。
QS-014,PEP8-documentation-72-measurement,src/image_downloader/application/log_verification.py,1,73,文書行の長さ=78。URL・コード例などの適用除外を断定しない測定値。
QS-014,PEP8-documentation-72-measurement,src/image_downloader/application/log_verification.py,51,73,文書行の長さ=83。URL・コード例などの適用除外を断定しない測定値。
QS-014,PEP8-documentation-72-measurement,src/image_downloader/application/log_verification.py,57,73,文書行の長さ=78。URL・コード例などの適用除外を断定しない測定値。
QS-014,PEP8-documentation-72-measurement,src/image_downloader/application/log_verification.py,58,73,文書行の長さ=81。URL・コード例などの適用除外を断定しない測定値。
QS-014,PEP8-documentation-72-measurement,src/image_downloader/application/log_verification.py,59,73,文書行の長さ=76。URL・コード例などの適用除外を断定しない測定値。
QS-014,PEP8-documentation-72-measurement,src/image_downloader/application/service.py,149,73,文書行の長さ=81。URL・コード例などの適用除外を断定しない測定値。
QS-014,PEP8-documentation-72-measurement,src/image_downloader/application/service.py,187,73,文書行の長さ=81。URL・コード例などの適用除外を断定しない測定値。
QS-014,PEP8-documentation-72-measurement,src/image_downloader/application/service.py,252,73,文書行の長さ=82。URL・コード例などの適用除外を断定しない測定値。
QS-014,PEP8-documentation-72-measurement,src/image_downloader/application/service.py,336,73,文書行の長さ=84。URL・コード例などの適用除外を断定しない測定値。
QS-014,PEP8-documentation-72-measurement,src/image_downloader/application/service.py,338,73,文書行の長さ=77。URL・コード例などの適用除外を断定しない測定値。
QS-014,PEP8-documentation-72-measurement,src/image_downloader/application/service.py,339,73,文書行の長さ=78。URL・コード例などの適用除外を断定しない測定値。
QS-014,PEP8-documentation-72-measurement,src/image_downloader/application/service.py,340,73,文書行の長さ=81。URL・コード例などの適用除外を断定しない測定値。
QS-014,PEP8-documentation-72-measurement,src/image_downloader/application/service.py,761,73,文書行の長さ=90。URL・コード例などの適用除外を断定しない測定値。
QS-014,PEP8-documentation-72-measurement,src/image_downloader/application/service.py,1000,73,文書行の長さ=92。URL・コード例などの適用除外を断定しない測定値。
QS-014,PEP8-documentation-72-measurement,src/image_downloader/application/service.py,1007,73,文書行の長さ=79。URL・コード例などの適用除外を断定しない測定値。
QS-014,PEP8-documentation-72-measurement,src/image_downloader/application/service.py,1008,73,文書行の長さ=79。URL・コード例などの適用除外を断定しない測定値。
QS-014,PEP8-documentation-72-measurement,src/image_downloader/application/service.py,1053,73,文書行の長さ=86。URL・コード例などの適用除外を断定しない測定値。
QS-014,PEP8-documentation-72-measurement,src/image_downloader/application/service.py,1082,73,文書行の長さ=92。URL・コード例などの適用除外を断定しない測定値。
QS-014,PEP8-documentation-72-measurement,src/image_downloader/application/service.py,1086,73,文書行の長さ=86。URL・コード例などの適用除外を断定しない測定値。
QS-014,PEP8-documentation-72-measurement,src/image_downloader/application/service.py,1447,73,文書行の長さ=83。URL・コード例などの適用除外を断定しない測定値。
QS-014,PEP8-documentation-72-measurement,src/image_downloader/application/service.py,1506,73,文書行の長さ=79。URL・コード例などの適用除外を断定しない測定値。
QS-014,PEP8-documentation-72-measurement,src/image_downloader/application/verification_recording.py,1,73,文書行の長さ=75。URL・コード例などの適用除外を断定しない測定値。
QS-014,PEP8-documentation-72-measurement,src/image_downloader/application/verification_recording.py,35,73,文書行の長さ=99。URL・コード例などの適用除外を断定しない測定値。
QS-014,PEP8-documentation-72-measurement,src/image_downloader/application/workflow.py,1,73,文書行の長さ=80。URL・コード例などの適用除外を断定しない測定値。
QS-014,PEP8-documentation-72-measurement,src/image_downloader/application/workflow.py,203,73,文書行の長さ=79。URL・コード例などの適用除外を断定しない測定値。
QS-014,PEP8-documentation-72-measurement,src/image_downloader/application/workflow.py,360,73,文書行の長さ=84。URL・コード例などの適用除外を断定しない測定値。
QS-014,PEP8-documentation-72-measurement,src/image_downloader/application/workflow.py,361,73,文書行の長さ=80。URL・コード例などの適用除外を断定しない測定値。
QS-014,PEP8-documentation-72-measurement,src/image_downloader/application/workflow.py,368,73,文書行の長さ=82。URL・コード例などの適用除外を断定しない測定値。
QS-014,PEP8-documentation-72-measurement,src/image_downloader/application/workflow.py,457,73,文書行の長さ=75。URL・コード例などの適用除外を断定しない測定値。
QS-014,PEP8-documentation-72-measurement,src/image_downloader/application/workflow_plan.py,1,73,文書行の長さ=82。URL・コード例などの適用除外を断定しない測定値。
QS-014,PEP8-documentation-72-measurement,src/image_downloader/application/workflow_plan.py,48,73,文書行の長さ=88。URL・コード例などの適用除外を断定しない測定値。
QS-014,PEP8-documentation-72-measurement,src/image_downloader/application/workflow_recording.py,1,73,文書行の長さ=75。URL・コード例などの適用除外を断定しない測定値。
QS-014,PEP8-documentation-72-measurement,src/image_downloader/application/workflow_recording.py,138,73,文書行の長さ=82。URL・コード例などの適用除外を断定しない測定値。
QS-014,PEP8-documentation-72-measurement,src/image_downloader/application/workflow_reporting.py,1,73,文書行の長さ=77。URL・コード例などの適用除外を断定しない測定値。
QS-014,PEP8-documentation-72-measurement,src/image_downloader/application/workflow_reporting.py,40,73,文書行の長さ=75。URL・コード例などの適用除外を断定しない測定値。
QS-014,PEP8-documentation-72-measurement,src/image_downloader/application/workflow_reporting.py,147,73,文書行の長さ=81。URL・コード例などの適用除外を断定しない測定値。
QS-014,PEP8-documentation-72-measurement,src/image_downloader/application/workflow_retry.py,1,73,文書行の長さ=76。URL・コード例などの適用除外を断定しない測定値。
QS-014,PEP8-documentation-72-measurement,src/image_downloader/application/workflow_retry.py,39,73,文書行の長さ=90。URL・コード例などの適用除外を断定しない測定値。
QS-014,PEP8-documentation-72-measurement,src/image_downloader/application/workflow_selection.py,1,73,文書行の長さ=87。URL・コード例などの適用除外を断定しない測定値。
QS-014,PEP8-documentation-72-measurement,src/image_downloader/application/workflow_selection.py,12,73,文書行の長さ=87。URL・コード例などの適用除外を断定しない測定値。
QS-014,PEP8-documentation-72-measurement,src/image_downloader/application/workflow_selection.py,32,73,文書行の長さ=87。URL・コード例などの適用除外を断定しない測定値。
QS-014,PEP8-documentation-72-measurement,src/image_downloader/application/workflow_selection.py,45,73,文書行の長さ=81。URL・コード例などの適用除外を断定しない測定値。
QS-014,PEP8-documentation-72-measurement,src/image_downloader/application/workflow_state.py,1,73,文書行の長さ=76。URL・コード例などの適用除外を断定しない測定値。
QS-014,PEP8-documentation-72-measurement,src/image_downloader/application/workflow_state.py,26,73,文書行の長さ=76。URL・コード例などの適用除外を断定しない測定値。
QS-014,PEP8-documentation-72-measurement,src/image_downloader/application/workflow_verification.py,1,73,文書行の長さ=79。URL・コード例などの適用除外を断定しない測定値。
QS-014,PEP8-documentation-72-measurement,src/image_downloader/application/workflow_verification.py,27,73,文書行の長さ=82。URL・コード例などの適用除外を断定しない測定値。
QS-014,PEP8-documentation-72-measurement,src/image_downloader/application/workflow_verification.py,37,73,文書行の長さ=98。URL・コード例などの適用除外を断定しない測定値。
QS-014,PEP8-documentation-72-measurement,src/image_downloader/application/workflow_verification.py,78,73,文書行の長さ=95。URL・コード例などの適用除外を断定しない測定値。
QS-014,PEP8-documentation-72-measurement,src/image_downloader/application/workflow_verification.py,117,73,文書行の長さ=85。URL・コード例などの適用除外を断定しない測定値。
QS-014,PEP8-documentation-72-measurement,src/image_downloader/commands/config.py,1,73,文書行の長さ=79。URL・コード例などの適用除外を断定しない測定値。
QS-014,PEP8-documentation-72-measurement,src/image_downloader/commands/cookie.py,58,73,文書行の長さ=81。URL・コード例などの適用除外を断定しない測定値。
QS-014,PEP8-documentation-72-measurement,src/image_downloader/commands/cookie.py,59,73,文書行の長さ=78。URL・コード例などの適用除外を断定しない測定値。
QS-014,PEP8-documentation-72-measurement,src/image_downloader/commands/inspect.py,26,73,文書行の長さ=74。URL・コード例などの適用除外を断定しない測定値。
QS-014,PEP8-documentation-72-measurement,src/image_downloader/commands/inspect.py,54,73,文書行の長さ=80。URL・コード例などの適用除外を断定しない測定値。
QS-014,PEP8-documentation-72-measurement,src/image_downloader/commands/inspect.py,55,73,文書行の長さ=79。URL・コード例などの適用除外を断定しない測定値。
QS-014,PEP8-documentation-72-measurement,src/image_downloader/commands/inspect.py,64,73,文書行の長さ=76。URL・コード例などの適用除外を断定しない測定値。
QS-014,PEP8-documentation-72-measurement,src/image_downloader/commands/options.py,1,73,文書行の長さ=83。URL・コード例などの適用除外を断定しない測定値。
QS-014,PEP8-documentation-72-measurement,src/image_downloader/commands/options.py,148,73,文書行の長さ=79。URL・コード例などの適用除外を断定しない測定値。
QS-014,PEP8-documentation-72-measurement,src/image_downloader/commands/parser.py,112,73,文書行の長さ=82。URL・コード例などの適用除外を断定しない測定値。
QS-014,PEP8-documentation-72-measurement,src/image_downloader/commands/parser.py,174,73,文書行の長さ=80。URL・コード例などの適用除外を断定しない測定値。
QS-014,PEP8-documentation-72-measurement,src/image_downloader/commands/parser.py,184,73,文書行の長さ=81。URL・コード例などの適用除外を断定しない測定値。
QS-014,PEP8-documentation-72-measurement,src/image_downloader/commands/parser.py,219,73,文書行の長さ=76。URL・コード例などの適用除外を断定しない測定値。
QS-014,PEP8-documentation-72-measurement,src/image_downloader/commands/parser.py,276,73,文書行の長さ=77。URL・コード例などの適用除外を断定しない測定値。
QS-014,PEP8-documentation-72-measurement,src/image_downloader/commands/parser.py,277,73,文書行の長さ=79。URL・コード例などの適用除外を断定しない測定値。
QS-014,PEP8-documentation-72-measurement,src/image_downloader/commands/reporting.py,17,73,文書行の長さ=80。URL・コード例などの適用除外を断定しない測定値。
QS-014,PEP8-documentation-72-measurement,src/image_downloader/commands/reporting.py,21,73,文書行の長さ=73。URL・コード例などの適用除外を断定しない測定値。
QS-014,PEP8-documentation-72-measurement,src/image_downloader/commands/reporting.py,22,73,文書行の長さ=77。URL・コード例などの適用除外を断定しない測定値。
QS-014,PEP8-documentation-72-measurement,src/image_downloader/commands/reporting.py,23,73,文書行の長さ=79。URL・コード例などの適用除外を断定しない測定値。
QS-014,PEP8-documentation-72-measurement,src/image_downloader/commands/reporting.py,34,73,文書行の長さ=73。URL・コード例などの適用除外を断定しない測定値。
QS-014,PEP8-documentation-72-measurement,src/image_downloader/commands/reporting.py,41,73,文書行の長さ=81。URL・コード例などの適用除外を断定しない測定値。
QS-014,PEP8-documentation-72-measurement,src/image_downloader/commands/reporting.py,90,73,文書行の長さ=77。URL・コード例などの適用除外を断定しない測定値。
QS-014,PEP8-documentation-72-measurement,src/image_downloader/commands/setup.py,33,73,文書行の長さ=92。URL・コード例などの適用除外を断定しない測定値。
QS-014,PEP8-documentation-72-measurement,src/image_downloader/commands/setup.py,53,73,文書行の長さ=81。URL・コード例などの適用除外を断定しない測定値。
QS-014,PEP8-documentation-72-measurement,src/image_downloader/commands/setup.py,77,73,文書行の長さ=74。URL・コード例などの適用除外を断定しない測定値。
QS-014,PEP8-documentation-72-measurement,src/image_downloader/commands/setup.py,89,73,文書行の長さ=78。URL・コード例などの適用除外を断定しない測定値。
QS-014,PEP8-documentation-72-measurement,src/image_downloader/commands/setup.py,90,73,文書行の長さ=73。URL・コード例などの適用除外を断定しない測定値。
QS-014,PEP8-documentation-72-measurement,src/image_downloader/commands/setup.py,104,73,文書行の長さ=76。URL・コード例などの適用除外を断定しない測定値。
QS-014,PEP8-documentation-72-measurement,src/image_downloader/commands/setup.py,122,73,文書行の長さ=77。URL・コード例などの適用除外を断定しない測定値。
QS-014,PEP8-documentation-72-measurement,src/image_downloader/commands/setup.py,308,73,文書行の長さ=98。URL・コード例などの適用除外を断定しない測定値。
QS-014,PEP8-documentation-72-measurement,src/image_downloader/commands/state.py,1,73,文書行の長さ=76。URL・コード例などの適用除外を断定しない測定値。
QS-014,PEP8-documentation-72-measurement,src/image_downloader/commands/state.py,113,73,文書行の長さ=78。URL・コード例などの適用除外を断定しない測定値。
QS-014,PEP8-documentation-72-measurement,src/image_downloader/commands/state.py,132,73,文書行の長さ=97。URL・コード例などの適用除外を断定しない測定値。
QS-014,PEP8-documentation-72-measurement,src/image_downloader/commands/validation.py,178,73,文書行の長さ=86。URL・コード例などの適用除外を断定しない測定値。
QS-014,PEP8-documentation-72-measurement,src/image_downloader/commands/validation.py,269,73,文書行の長さ=80。URL・コード例などの適用除外を断定しない測定値。
QS-014,PEP8-documentation-72-measurement,src/image_downloader/commands/workflow.py,1,73,文書行の長さ=81。URL・コード例などの適用除外を断定しない測定値。
QS-014,PEP8-documentation-72-measurement,src/image_downloader/configuration/hosts.py,10,73,文書行の長さ=76。URL・コード例などの適用除外を断定しない測定値。
QS-014,PEP8-documentation-72-measurement,src/image_downloader/configuration/hosts.py,16,73,文書行の長さ=77。URL・コード例などの適用除外を断定しない測定値。
QS-014,PEP8-documentation-72-measurement,src/image_downloader/configuration/layers.py,32,73,文書行の長さ=80。URL・コード例などの適用除外を断定しない測定値。
QS-014,PEP8-documentation-72-measurement,src/image_downloader/configuration/layers.py,38,73,文書行の長さ=75。URL・コード例などの適用除外を断定しない測定値。
QS-014,PEP8-documentation-72-measurement,src/image_downloader/configuration/layers.py,66,73,文書行の長さ=73。URL・コード例などの適用除外を断定しない測定値。
QS-014,PEP8-documentation-72-measurement,src/image_downloader/configuration/layers.py,78,73,文書行の長さ=84。URL・コード例などの適用除外を断定しない測定値。
QS-014,PEP8-documentation-72-measurement,src/image_downloader/configuration/layers.py,104,73,文書行の長さ=77。URL・コード例などの適用除外を断定しない測定値。
QS-014,PEP8-documentation-72-measurement,src/image_downloader/configuration/layers.py,142,73,文書行の長さ=79。URL・コード例などの適用除外を断定しない測定値。
QS-014,PEP8-documentation-72-measurement,src/image_downloader/configuration/layers.py,267,73,文書行の長さ=81。URL・コード例などの適用除外を断定しない測定値。
QS-014,PEP8-documentation-72-measurement,src/image_downloader/configuration/layers.py,323,73,文書行の長さ=78。URL・コード例などの適用除外を断定しない測定値。
QS-014,PEP8-documentation-72-measurement,src/image_downloader/configuration/layers.py,353,73,文書行の長さ=79。URL・コード例などの適用除外を断定しない測定値。
QS-014,PEP8-documentation-72-measurement,src/image_downloader/configuration/layers.py,382,73,文書行の長さ=86。URL・コード例などの適用除外を断定しない測定値。
QS-014,PEP8-documentation-72-measurement,src/image_downloader/configuration/layers.py,487,73,文書行の長さ=82。URL・コード例などの適用除外を断定しない測定値。
QS-014,PEP8-documentation-72-measurement,src/image_downloader/configuration/layers.py,507,73,文書行の長さ=75。URL・コード例などの適用除外を断定しない測定値。
QS-014,PEP8-documentation-72-measurement,src/image_downloader/configuration/layers.py,508,73,文書行の長さ=79。URL・コード例などの適用除外を断定しない測定値。
QS-014,PEP8-documentation-72-measurement,src/image_downloader/configuration/layers.py,586,73,文書行の長さ=93。URL・コード例などの適用除外を断定しない測定値。
QS-014,PEP8-documentation-72-measurement,src/image_downloader/configuration/models.py,29,73,文書行の長さ=82。URL・コード例などの適用除外を断定しない測定値。
QS-014,PEP8-documentation-72-measurement,src/image_downloader/configuration/models.py,63,73,文書行の長さ=78。URL・コード例などの適用除外を断定しない測定値。
QS-014,PEP8-documentation-72-measurement,src/image_downloader/configuration/models.py,93,73,文書行の長さ=73。URL・コード例などの適用除外を断定しない測定値。
QS-014,PEP8-documentation-72-measurement,src/image_downloader/configuration/models.py,218,73,文書行の長さ=80。URL・コード例などの適用除外を断定しない測定値。
QS-014,PEP8-documentation-72-measurement,src/image_downloader/configuration/models.py,252,73,文書行の長さ=74。URL・コード例などの適用除外を断定しない測定値。
QS-014,PEP8-documentation-72-measurement,src/image_downloader/configuration/paths.py,16,73,文書行の長さ=89。URL・コード例などの適用除外を断定しない測定値。
QS-014,PEP8-documentation-72-measurement,src/image_downloader/configuration/paths.py,37,73,文書行の長さ=82。URL・コード例などの適用除外を断定しない測定値。
QS-014,PEP8-documentation-72-measurement,src/image_downloader/configuration/paths.py,57,73,文書行の長さ=75。URL・コード例などの適用除外を断定しない測定値。
QS-014,PEP8-documentation-72-measurement,src/image_downloader/diagnostics.py,1,73,文書行の長さ=79。URL・コード例などの適用除外を断定しない測定値。
QS-014,PEP8-documentation-72-measurement,src/image_downloader/diagnostics.py,3,73,文書行の長さ=77。URL・コード例などの適用除外を断定しない測定値。
QS-014,PEP8-documentation-72-measurement,src/image_downloader/diagnostics.py,4,73,文書行の長さ=75。URL・コード例などの適用除外を断定しない測定値。
QS-014,PEP8-documentation-72-measurement,src/image_downloader/diagnostics.py,45,73,文書行の長さ=82。URL・コード例などの適用除外を断定しない測定値。
QS-014,PEP8-documentation-72-measurement,src/image_downloader/diagnostics.py,51,73,文書行の長さ=79。URL・コード例などの適用除外を断定しない測定値。
QS-014,PEP8-documentation-72-measurement,src/image_downloader/diagnostics.py,52,73,文書行の長さ=77。URL・コード例などの適用除外を断定しない測定値。
QS-014,PEP8-documentation-72-measurement,src/image_downloader/diagnostics.py,70,73,文書行の長さ=75。URL・コード例などの適用除外を断定しない測定値。
QS-014,PEP8-documentation-72-measurement,src/image_downloader/exceptions.py,3,73,文書行の長さ=76。URL・コード例などの適用除外を断定しない測定値。
QS-014,PEP8-documentation-72-measurement,src/image_downloader/exceptions.py,4,73,文書行の長さ=73。URL・コード例などの適用除外を断定しない測定値。
QS-014,PEP8-documentation-72-measurement,src/image_downloader/exceptions.py,30,73,文書行の長さ=76。URL・コード例などの適用除外を断定しない測定値。
QS-014,PEP8-documentation-72-measurement,src/image_downloader/exceptions.py,71,73,文書行の長さ=75。URL・コード例などの適用除外を断定しない測定値。
QS-014,PEP8-documentation-72-measurement,src/image_downloader/exceptions.py,108,73,文書行の長さ=79。URL・コード例などの適用除外を断定しない測定値。
QS-014,PEP8-documentation-72-measurement,src/image_downloader/exceptions.py,109,73,文書行の長さ=82。URL・コード例などの適用除外を断定しない測定値。
QS-014,PEP8-documentation-72-measurement,src/image_downloader/exceptions.py,132,73,文書行の長さ=76。URL・コード例などの適用除外を断定しない測定値。
QS-014,PEP8-documentation-72-measurement,src/image_downloader/exceptions.py,193,73,文書行の長さ=80。URL・コード例などの適用除外を断定しない測定値。
QS-014,PEP8-documentation-72-measurement,src/image_downloader/exceptions.py,210,73,文書行の長さ=73。URL・コード例などの適用除外を断定しない測定値。
QS-014,PEP8-documentation-72-measurement,src/image_downloader/exceptions.py,217,73,文書行の長さ=73。URL・コード例などの適用除外を断定しない測定値。
QS-014,PEP8-documentation-72-measurement,src/image_downloader/exceptions.py,287,73,文書行の長さ=74。URL・コード例などの適用除外を断定しない測定値。
QS-014,PEP8-documentation-72-measurement,src/image_downloader/exceptions.py,308,73,文書行の長さ=84。URL・コード例などの適用除外を断定しない測定値。
QS-014,PEP8-documentation-72-measurement,src/image_downloader/exceptions.py,332,73,文書行の長さ=81。URL・コード例などの適用除外を断定しない測定値。
QS-014,PEP8-documentation-72-measurement,src/image_downloader/exceptions.py,342,73,文書行の長さ=75。URL・コード例などの適用除外を断定しない測定値。
QS-014,PEP8-documentation-72-measurement,src/image_downloader/immutable.py,1,73,文書行の長さ=73。URL・コード例などの適用除外を断定しない測定値。
QS-014,PEP8-documentation-72-measurement,src/image_downloader/immutable.py,10,73,文書行の長さ=74。URL・コード例などの適用除外を断定しない測定値。
QS-014,PEP8-documentation-72-measurement,src/image_downloader/immutable.py,12,73,文書行の長さ=75。URL・コード例などの適用除外を断定しない測定値。
QS-014,PEP8-documentation-72-measurement,src/image_downloader/immutable.py,13,73,文書行の長さ=74。URL・コード例などの適用除外を断定しない測定値。
QS-014,PEP8-documentation-72-measurement,src/image_downloader/immutable.py,26,73,文書行の長さ=78。URL・コード例などの適用除外を断定しない測定値。
QS-014,PEP8-documentation-72-measurement,src/image_downloader/media/artifact_pipeline.py,202,73,文書行の長さ=81。URL・コード例などの適用除外を断定しない測定値。
QS-014,PEP8-documentation-72-measurement,src/image_downloader/media/artifact_pipeline.py,205,73,文書行の長さ=78。URL・コード例などの適用除外を断定しない測定値。
QS-014,PEP8-documentation-72-measurement,src/image_downloader/media/artifact_pipeline.py,206,73,文書行の長さ=78。URL・コード例などの適用除外を断定しない測定値。
QS-014,PEP8-documentation-72-measurement,src/image_downloader/media/image_processor.py,47,73,文書行の長さ=78。URL・コード例などの適用除外を断定しない測定値。
QS-014,PEP8-documentation-72-measurement,src/image_downloader/media/image_processor.py,73,73,文書行の長さ=88。URL・コード例などの適用除外を断定しない測定値。
QS-014,PEP8-documentation-72-measurement,src/image_downloader/media/image_processor.py,111,73,文書行の長さ=75。URL・コード例などの適用除外を断定しない測定値。
QS-014,PEP8-documentation-72-measurement,src/image_downloader/media/image_processor.py,112,73,文書行の長さ=78。URL・コード例などの適用除外を断定しない測定値。
QS-014,PEP8-documentation-72-measurement,src/image_downloader/media/image_processor.py,134,73,文書行の長さ=97。URL・コード例などの適用除外を断定しない測定値。
QS-014,PEP8-documentation-72-measurement,src/image_downloader/media/image_processor.py,151,73,文書行の長さ=78。URL・コード例などの適用除外を断定しない測定値。
QS-014,PEP8-documentation-72-measurement,src/image_downloader/media/image_processor.py,152,73,文書行の長さ=78。URL・コード例などの適用除外を断定しない測定値。
QS-014,PEP8-documentation-72-measurement,src/image_downloader/media/image_processor.py,190,73,文書行の長さ=78。URL・コード例などの適用除外を断定しない測定値。
QS-014,PEP8-documentation-72-measurement,src/image_downloader/media/processor_chain.py,31,73,文書行の長さ=79。URL・コード例などの適用除外を断定しない測定値。
QS-014,PEP8-documentation-72-measurement,src/image_downloader/models.py,80,73,文書行の長さ=78。URL・コード例などの適用除外を断定しない測定値。
QS-014,PEP8-documentation-72-measurement,src/image_downloader/models.py,81,73,文書行の長さ=78。URL・コード例などの適用除外を断定しない測定値。
QS-014,PEP8-documentation-72-measurement,src/image_downloader/models.py,95,73,文書行の長さ=77。URL・コード例などの適用除外を断定しない測定値。
QS-014,PEP8-documentation-72-measurement,src/image_downloader/models.py,120,73,文書行の長さ=74。URL・コード例などの適用除外を断定しない測定値。
QS-014,PEP8-documentation-72-measurement,src/image_downloader/models.py,122,73,文書行の長さ=77。URL・コード例などの適用除外を断定しない測定値。
QS-014,PEP8-documentation-72-measurement,src/image_downloader/models.py,123,73,文書行の長さ=81。URL・コード例などの適用除外を断定しない測定値。
QS-014,PEP8-documentation-72-measurement,src/image_downloader/models.py,206,73,文書行の長さ=78。URL・コード例などの適用除外を断定しない測定値。
QS-014,PEP8-documentation-72-measurement,src/image_downloader/models.py,246,73,文書行の長さ=75。URL・コード例などの適用除外を断定しない測定値。
QS-014,PEP8-documentation-72-measurement,src/image_downloader/models.py,286,73,文書行の長さ=74。URL・コード例などの適用除外を断定しない測定値。
QS-014,PEP8-documentation-72-measurement,src/image_downloader/models.py,288,73,文書行の長さ=77。URL・コード例などの適用除外を断定しない測定値。
QS-014,PEP8-documentation-72-measurement,src/image_downloader/models.py,340,73,文書行の長さ=86。URL・コード例などの適用除外を断定しない測定値。
QS-014,PEP8-documentation-72-measurement,src/image_downloader/models.py,371,73,文書行の長さ=74。URL・コード例などの適用除外を断定しない測定値。
QS-014,PEP8-documentation-72-measurement,src/image_downloader/models.py,373,73,文書行の長さ=76。URL・コード例などの適用除外を断定しない測定値。
QS-014,PEP8-documentation-72-measurement,src/image_downloader/observability/chapter_reporter.py,78,73,文書行の長さ=85。URL・コード例などの適用除外を断定しない測定値。
QS-014,PEP8-documentation-72-measurement,src/image_downloader/observability/diagnostic_safety.py,1,73,文書行の長さ=79。URL・コード例などの適用除外を断定しない測定値。
QS-014,PEP8-documentation-72-measurement,src/image_downloader/observability/diagnostic_safety.py,10,73,文書行の長さ=87。URL・コード例などの適用除外を断定しない測定値。
QS-014,PEP8-documentation-72-measurement,src/image_downloader/observability/events.py,85,73,文書行の長さ=81。URL・コード例などの適用除外を断定しない測定値。
QS-014,PEP8-documentation-72-measurement,src/image_downloader/observability/events.py,191,73,文書行の長さ=73。URL・コード例などの適用除外を断定しない測定値。
QS-014,PEP8-documentation-72-measurement,src/image_downloader/observability/logging.py,105,73,文書行の長さ=73。URL・コード例などの適用除外を断定しない測定値。
QS-014,PEP8-documentation-72-measurement,src/image_downloader/observability/logging.py,180,73,文書行の長さ=87。URL・コード例などの適用除外を断定しない測定値。
QS-014,PEP8-documentation-72-measurement,src/image_downloader/observability/logging.py,206,73,文書行の長さ=78。URL・コード例などの適用除外を断定しない測定値。
QS-014,PEP8-documentation-72-measurement,src/image_downloader/observability/logging.py,256,73,文書行の長さ=86。URL・コード例などの適用除外を断定しない測定値。
QS-014,PEP8-documentation-72-measurement,src/image_downloader/observability/logging.py,260,73,文書行の長さ=73。URL・コード例などの適用除外を断定しない測定値。
QS-014,PEP8-documentation-72-measurement,src/image_downloader/observability/logging.py,263,73,文書行の長さ=80。URL・コード例などの適用除外を断定しない測定値。
QS-014,PEP8-documentation-72-measurement,src/image_downloader/observability/logging.py,264,73,文書行の長さ=81。URL・コード例などの適用除外を断定しない測定値。
QS-014,PEP8-documentation-72-measurement,src/image_downloader/observability/logging.py,278,73,文書行の長さ=85。URL・コード例などの適用除外を断定しない測定値。
QS-014,PEP8-documentation-72-measurement,src/image_downloader/observability/logging.py,320,73,文書行の長さ=94。URL・コード例などの適用除外を断定しない測定値。
QS-014,PEP8-documentation-72-measurement,src/image_downloader/observability/logging.py,426,73,文書行の長さ=77。URL・コード例などの適用除外を断定しない測定値。
QS-014,PEP8-documentation-72-measurement,src/image_downloader/observability/logging.py,442,73,文書行の長さ=92。URL・コード例などの適用除外を断定しない測定値。
QS-014,PEP8-documentation-72-measurement,src/image_downloader/observability/notifications.py,57,73,文書行の長さ=83。URL・コード例などの適用除外を断定しない測定値。
QS-014,PEP8-documentation-72-measurement,src/image_downloader/observability/notifications.py,111,73,文書行の長さ=79。URL・コード例などの適用除外を断定しない測定値。
QS-014,PEP8-documentation-72-measurement,src/image_downloader/observability/notifications.py,145,73,文書行の長さ=85。URL・コード例などの適用除外を断定しない測定値。
QS-014,PEP8-documentation-72-measurement,src/image_downloader/observability/notifications.py,167,73,文書行の長さ=85。URL・コード例などの適用除外を断定しない測定値。
QS-014,PEP8-documentation-72-measurement,src/image_downloader/observability/scope.py,16,73,文書行の長さ=79。URL・コード例などの適用除外を断定しない測定値。
QS-014,PEP8-documentation-72-measurement,src/image_downloader/output/format_tokens.py,7,73,文書行の長さ=73。URL・コード例などの適用除外を断定しない測定値。
QS-014,PEP8-documentation-72-measurement,src/image_downloader/output/format_tokens.py,8,73,文書行の長さ=73。URL・コード例などの適用除外を断定しない測定値。
QS-014,PEP8-documentation-72-measurement,src/image_downloader/output/format_tokens.py,16,73,文書行の長さ=73。URL・コード例などの適用除外を断定しない測定値。
QS-014,PEP8-documentation-72-measurement,src/image_downloader/output/original_filename.py,13,73,文書行の長さ=82。URL・コード例などの適用除外を断定しない測定値。
QS-014,PEP8-documentation-72-measurement,src/image_downloader/output/original_filename.py,15,73,文書行の長さ=80。URL・コード例などの適用除外を断定しない測定値。
QS-014,PEP8-documentation-72-measurement,src/image_downloader/output/original_filename.py,16,73,文書行の長さ=76。URL・コード例などの適用除外を断定しない測定値。
QS-014,PEP8-documentation-72-measurement,src/image_downloader/output/original_filename.py,17,73,文書行の長さ=74。URL・コード例などの適用除外を断定しない測定値。
QS-014,PEP8-documentation-72-measurement,src/image_downloader/output/original_filename.py,31,73,文書行の長さ=80。URL・コード例などの適用除外を断定しない測定値。
QS-014,PEP8-documentation-72-measurement,src/image_downloader/output/original_filename.py,66,73,文書行の長さ=79。URL・コード例などの適用除外を断定しない測定値。
QS-014,PEP8-documentation-72-measurement,src/image_downloader/output/output_allocator.py,66,73,文書行の長さ=80。URL・コード例などの適用除外を断定しない測定値。
QS-014,PEP8-documentation-72-measurement,src/image_downloader/output/output_allocator.py,110,73,文書行の長さ=82。URL・コード例などの適用除外を断定しない測定値。
QS-014,PEP8-documentation-72-measurement,src/image_downloader/output/output_allocator.py,144,73,文書行の長さ=89。URL・コード例などの適用除外を断定しない測定値。
QS-014,PEP8-documentation-72-measurement,src/image_downloader/output/output_lock.py,1,73,文書行の長さ=74。URL・コード例などの適用除外を断定しない測定値。
QS-014,PEP8-documentation-72-measurement,src/image_downloader/output/output_lock.py,23,73,文書行の長さ=82。URL・コード例などの適用除外を断定しない測定値。
QS-014,PEP8-documentation-72-measurement,src/image_downloader/output/output_lock.py,24,73,文書行の長さ=81。URL・コード例などの適用除外を断定しない測定値。
QS-014,PEP8-documentation-72-measurement,src/image_downloader/output/output_lock.py,29,73,文書行の長さ=80。URL・コード例などの適用除外を断定しない測定値。
QS-014,PEP8-documentation-72-measurement,src/image_downloader/plugins/builtin.py,40,73,文書行の長さ=76。URL・コード例などの適用除外を断定しない測定値。
QS-014,PEP8-documentation-72-measurement,src/image_downloader/plugins/builtin.py,64,73,文書行の長さ=81。URL・コード例などの適用除外を断定しない測定値。
QS-014,PEP8-documentation-72-measurement,src/image_downloader/plugins/builtin.py,83,73,文書行の長さ=77。URL・コード例などの適用除外を断定しない測定値。
QS-014,PEP8-documentation-72-measurement,src/image_downloader/plugins/builtin.py,96,73,文書行の長さ=84。URL・コード例などの適用除外を断定しない測定値。
QS-014,PEP8-documentation-72-measurement,src/image_downloader/plugins/format_values.py,17,73,文書行の長さ=79。URL・コード例などの適用除外を断定しない測定値。
QS-014,PEP8-documentation-72-measurement,src/image_downloader/plugins/format_values.py,30,73,文書行の長さ=80。URL・コード例などの適用除外を断定しない測定値。
QS-014,PEP8-documentation-72-measurement,src/image_downloader/plugins/html_encoding.py,25,73,文書行の長さ=73。URL・コード例などの適用除外を断定しない測定値。
QS-014,PEP8-documentation-72-measurement,src/image_downloader/plugins/html_encoding.py,79,73,文書行の長さ=87。URL・コード例などの適用除外を断定しない測定値。
QS-014,PEP8-documentation-72-measurement,src/image_downloader/plugins/lifecycle.py,1,73,文書行の長さ=77。URL・コード例などの適用除外を断定しない測定値。
QS-014,PEP8-documentation-72-measurement,src/image_downloader/plugins/lifecycle.py,85,73,文書行の長さ=79。URL・コード例などの適用除外を断定しない測定値。
QS-014,PEP8-documentation-72-measurement,src/image_downloader/plugins/lifecycle.py,148,73,文書行の長さ=74。URL・コード例などの適用除外を断定しない測定値。
QS-014,PEP8-documentation-72-measurement,src/image_downloader/plugins/lifecycle.py,209,73,文書行の長さ=77。URL・コード例などの適用除外を断定しない測定値。
QS-014,PEP8-documentation-72-measurement,src/image_downloader/plugins/lifecycle.py,236,73,文書行の長さ=78。URL・コード例などの適用除外を断定しない測定値。
QS-014,PEP8-documentation-72-measurement,src/image_downloader/plugins/lifecycle.py,250,73,文書行の長さ=82。URL・コード例などの適用除外を断定しない測定値。
QS-014,PEP8-documentation-72-measurement,src/image_downloader/plugins/management.py,82,73,文書行の長さ=83。URL・コード例などの適用除外を断定しない測定値。
QS-014,PEP8-documentation-72-measurement,src/image_downloader/plugins/management.py,226,73,文書行の長さ=84。URL・コード例などの適用除外を断定しない測定値。
QS-014,PEP8-documentation-72-measurement,src/image_downloader/plugins/management.py,230,73,文書行の長さ=89。URL・コード例などの適用除外を断定しない測定値。
QS-014,PEP8-documentation-72-measurement,src/image_downloader/plugins/management.py,244,73,文書行の長さ=77。URL・コード例などの適用除外を断定しない測定値。
QS-014,PEP8-documentation-72-measurement,src/image_downloader/plugins/management.py,289,73,文書行の長さ=85。URL・コード例などの適用除外を断定しない測定値。
QS-014,PEP8-documentation-72-measurement,src/image_downloader/plugins/plugin_invoker.py,44,73,文書行の長さ=81。URL・コード例などの適用除外を断定しない測定値。
QS-014,PEP8-documentation-72-measurement,src/image_downloader/plugins/plugin_invoker.py,124,73,文書行の長さ=99。URL・コード例などの適用除外を断定しない測定値。
QS-014,PEP8-documentation-72-measurement,src/image_downloader/plugins/plugin_invoker.py,280,73,文書行の長さ=88。URL・コード例などの適用除外を断定しない測定値。
QS-014,PEP8-documentation-72-measurement,src/image_downloader/plugins/plugin_manifest.py,91,73,文書行の長さ=74。URL・コード例などの適用除外を断定しない測定値。
QS-014,PEP8-documentation-72-measurement,src/image_downloader/plugins/plugin_manifest.py,94,73,文書行の長さ=77。URL・コード例などの適用除外を断定しない測定値。
QS-014,PEP8-documentation-72-measurement,src/image_downloader/plugins/plugin_manifest.py,421,73,文書行の長さ=78。URL・コード例などの適用除外を断定しない測定値。
QS-014,PEP8-documentation-72-measurement,src/image_downloader/plugins/plugin_manifest.py,422,73,文書行の長さ=77。URL・コード例などの適用除外を断定しない測定値。
QS-014,PEP8-documentation-72-measurement,src/image_downloader/plugins/plugin_manifest.py,504,73,文書行の長さ=80。URL・コード例などの適用除外を断定しない測定値。
QS-014,PEP8-documentation-72-measurement,src/image_downloader/plugins/plugin_manifest.py,521,73,文書行の長さ=80。URL・コード例などの適用除外を断定しない測定値。
QS-014,PEP8-documentation-72-measurement,src/image_downloader/plugins/plugin_manifest.py,537,73,文書行の長さ=75。URL・コード例などの適用除外を断定しない測定値。
QS-014,PEP8-documentation-72-measurement,src/image_downloader/plugins/runtime.py,71,73,文書行の長さ=79。URL・コード例などの適用除外を断定しない測定値。
QS-014,PEP8-documentation-72-measurement,src/image_downloader/plugins/runtime.py,138,73,文書行の長さ=90。URL・コード例などの適用除外を断定しない測定値。
QS-014,PEP8-documentation-72-measurement,src/image_downloader/plugins/runtime.py,272,73,文書行の長さ=76。URL・コード例などの適用除外を断定しない測定値。
QS-014,PEP8-documentation-72-measurement,src/image_downloader/plugins/runtime.py,274,73,文書行の長さ=82。URL・コード例などの適用除外を断定しない測定値。
QS-014,PEP8-documentation-72-measurement,src/image_downloader/plugins/runtime.py,275,73,文書行の長さ=80。URL・コード例などの適用除外を断定しない測定値。
QS-014,PEP8-documentation-72-measurement,src/image_downloader/plugins/runtime.py,306,73,文書行の長さ=77。URL・コード例などの適用除外を断定しない測定値。
QS-014,PEP8-documentation-72-measurement,src/image_downloader/plugins/runtime.py,341,73,文書行の長さ=80。URL・コード例などの適用除外を断定しない測定値。
QS-014,PEP8-documentation-72-measurement,src/image_downloader/plugins/runtime.py,440,73,文書行の長さ=81。URL・コード例などの適用除外を断定しない測定値。
QS-014,PEP8-documentation-72-measurement,src/image_downloader/ports.py,1,73,文書行の長さ=77。URL・コード例などの適用除外を断定しない測定値。
QS-014,PEP8-documentation-72-measurement,src/image_downloader/ports.py,38,73,文書行の長さ=75。URL・コード例などの適用除外を断定しない測定値。
QS-014,PEP8-documentation-72-measurement,src/image_downloader/ports.py,84,73,文書行の長さ=79。URL・コード例などの適用除外を断定しない測定値。
QS-014,PEP8-documentation-72-measurement,src/image_downloader/ports.py,153,73,文書行の長さ=81。URL・コード例などの適用除外を断定しない測定値。
QS-014,PEP8-documentation-72-measurement,src/image_downloader/ports.py,215,73,文書行の長さ=85。URL・コード例などの適用除外を断定しない測定値。
QS-014,PEP8-documentation-72-measurement,src/image_downloader/ports.py,264,73,文書行の長さ=83。URL・コード例などの適用除外を断定しない測定値。
QS-014,PEP8-documentation-72-measurement,src/image_downloader/ports.py,294,73,文書行の長さ=81。URL・コード例などの適用除外を断定しない測定値。
QS-014,PEP8-documentation-72-measurement,src/image_downloader/ports.py,296,73,文書行の長さ=79。URL・コード例などの適用除外を断定しない測定値。
QS-014,PEP8-documentation-72-measurement,src/image_downloader/ports.py,297,73,文書行の長さ=79。URL・コード例などの適用除外を断定しない測定値。
QS-014,PEP8-documentation-72-measurement,src/image_downloader/privacy/log_safety.py,47,73,文書行の長さ=80。URL・コード例などの適用除外を断定しない測定値。
QS-014,PEP8-documentation-72-measurement,src/image_downloader/privacy/log_safety.py,77,73,文書行の長さ=80。URL・コード例などの適用除外を断定しない測定値。
QS-014,PEP8-documentation-72-measurement,src/image_downloader/privacy/log_safety.py,110,73,文書行の長さ=74。URL・コード例などの適用除外を断定しない測定値。
QS-014,PEP8-documentation-72-measurement,src/image_downloader/privacy/log_safety.py,166,73,文書行の長さ=80。URL・コード例などの適用除外を断定しない測定値。
QS-014,PEP8-documentation-72-measurement,src/image_downloader/privacy/sensitive_values.py,30,73,文書行の長さ=77。URL・コード例などの適用除外を断定しない測定値。
QS-014,PEP8-documentation-72-measurement,src/image_downloader/privacy/sensitive_values.py,31,73,文書行の長さ=75。URL・コード例などの適用除外を断定しない測定値。
QS-014,PEP8-documentation-72-measurement,src/image_downloader/privacy/sensitive_values.py,44,73,文書行の長さ=78。URL・コード例などの適用除外を断定しない測定値。
QS-014,PEP8-documentation-72-measurement,src/image_downloader/security.py,1,73,文書行の長さ=78。URL・コード例などの適用除外を断定しない測定値。
QS-014,PEP8-documentation-72-measurement,src/image_downloader/storage/_path_limits.py,1,73,文書行の長さ=74。URL・コード例などの適用除外を断定しない測定値。
QS-014,PEP8-documentation-72-measurement,src/image_downloader/storage/_path_limits.py,127,73,文書行の長さ=81。URL・コード例などの適用除外を断定しない測定値。
QS-014,PEP8-documentation-72-measurement,src/image_downloader/storage/_path_limits.py,128,73,文書行の長さ=81。URL・コード例などの適用除外を断定しない測定値。
QS-014,PEP8-documentation-72-measurement,src/image_downloader/storage/cookies.py,1,73,文書行の長さ=79。URL・コード例などの適用除外を断定しない測定値。
QS-014,PEP8-documentation-72-measurement,src/image_downloader/storage/cookies.py,29,73,文書行の長さ=86。URL・コード例などの適用除外を断定しない測定値。
QS-014,PEP8-documentation-72-measurement,src/image_downloader/storage/cookies.py,101,73,文書行の長さ=78。URL・コード例などの適用除外を断定しない測定値。
QS-014,PEP8-documentation-72-measurement,src/image_downloader/storage/cookies.py,121,73,文書行の長さ=88。URL・コード例などの適用除外を断定しない測定値。
QS-014,PEP8-documentation-72-measurement,src/image_downloader/storage/cookies.py,126,73,文書行の長さ=86。URL・コード例などの適用除外を断定しない測定値。
QS-014,PEP8-documentation-72-measurement,src/image_downloader/storage/cookies.py,132,73,文書行の長さ=76。URL・コード例などの適用除外を断定しない測定値。
QS-014,PEP8-documentation-72-measurement,src/image_downloader/storage/cookies.py,143,73,文書行の長さ=89。URL・コード例などの適用除外を断定しない測定値。
QS-014,PEP8-documentation-72-measurement,src/image_downloader/storage/cookies.py,177,73,文書行の長さ=81。URL・コード例などの適用除外を断定しない測定値。
QS-014,PEP8-documentation-72-measurement,src/image_downloader/storage/filesystem.py,40,73,文書行の長さ=89。URL・コード例などの適用除外を断定しない測定値。
QS-014,PEP8-documentation-72-measurement,src/image_downloader/storage/filesystem.py,49,73,文書行の長さ=73。URL・コード例などの適用除外を断定しない測定値。
QS-014,PEP8-documentation-72-measurement,src/image_downloader/storage/filesystem.py,51,73,文書行の長さ=84。URL・コード例などの適用除外を断定しない測定値。
QS-014,PEP8-documentation-72-measurement,src/image_downloader/storage/filesystem.py,52,73,文書行の長さ=74。URL・コード例などの適用除外を断定しない測定値。
QS-014,PEP8-documentation-72-measurement,src/image_downloader/storage/filesystem.py,90,73,文書行の長さ=78。URL・コード例などの適用除外を断定しない測定値。
QS-014,PEP8-documentation-72-measurement,src/image_downloader/storage/filesystem.py,95,73,文書行の長さ=93。URL・コード例などの適用除外を断定しない測定値。
QS-014,PEP8-documentation-72-measurement,src/image_downloader/storage/filesystem.py,128,73,文書行の長さ=81。URL・コード例などの適用除外を断定しない測定値。
QS-014,PEP8-documentation-72-measurement,src/image_downloader/storage/interprocess_lock.py,78,73,文書行の長さ=84。URL・コード例などの適用除外を断定しない測定値。
QS-014,PEP8-documentation-72-measurement,src/image_downloader/storage/interprocess_lock.py,115,73,文書行の長さ=73。URL・コード例などの適用除外を断定しない測定値。
QS-014,PEP8-documentation-72-measurement,src/image_downloader/storage/path_safety.py,3,73,文書行の長さ=79。URL・コード例などの適用除外を断定しない測定値。
QS-014,PEP8-documentation-72-measurement,src/image_downloader/storage/path_safety.py,4,73,文書行の長さ=77。URL・コード例などの適用除外を断定しない測定値。
QS-014,PEP8-documentation-72-measurement,src/image_downloader/storage/path_safety.py,5,73,文書行の長さ=81。URL・コード例などの適用除外を断定しない測定値。
QS-014,PEP8-documentation-72-measurement,src/image_downloader/storage/path_safety.py,18,73,文書行の長さ=87。URL・コード例などの適用除外を断定しない測定値。
QS-014,PEP8-documentation-72-measurement,src/image_downloader/storage/path_safety.py,26,73,文書行の長さ=86。URL・コード例などの適用除外を断定しない測定値。
QS-014,PEP8-documentation-72-measurement,src/image_downloader/storage/path_safety.py,28,73,文書行の長さ=78。URL・コード例などの適用除外を断定しない測定値。
QS-014,PEP8-documentation-72-measurement,src/image_downloader/storage/path_safety.py,29,73,文書行の長さ=76。URL・コード例などの適用除外を断定しない測定値。
QS-014,PEP8-documentation-72-measurement,src/image_downloader/storage/path_safety.py,53,73,文書行の長さ=88。URL・コード例などの適用除外を断定しない測定値。
QS-014,PEP8-documentation-72-measurement,src/image_downloader/storage/path_safety.py,69,73,文書行の長さ=90。URL・コード例などの適用除外を断定しない測定値。
QS-014,PEP8-documentation-72-measurement,src/image_downloader/storage/state.py,1,73,文書行の長さ=76。URL・コード例などの適用除外を断定しない測定値。
QS-014,PEP8-documentation-72-measurement,src/image_downloader/storage/state.py,43,73,文書行の長さ=75。URL・コード例などの適用除外を断定しない測定値。
QS-014,PEP8-documentation-72-measurement,src/image_downloader/storage/state.py,47,73,文書行の長さ=79。URL・コード例などの適用除外を断定しない測定値。
QS-014,PEP8-documentation-72-measurement,src/image_downloader/storage/state.py,59,73,文書行の長さ=88。URL・コード例などの適用除外を断定しない測定値。
QS-014,PEP8-documentation-72-measurement,src/image_downloader/storage/state.py,69,73,文書行の長さ=93。URL・コード例などの適用除外を断定しない測定値。
QS-014,PEP8-documentation-72-measurement,src/image_downloader/storage/state.py,136,73,文書行の長さ=95。URL・コード例などの適用除外を断定しない測定値。
QS-014,PEP8-documentation-72-measurement,src/image_downloader/storage/workflow.py,1,73,文書行の長さ=75。URL・コード例などの適用除外を断定しない測定値。
QS-014,PEP8-documentation-72-measurement,src/image_downloader/storage/workflow.py,143,73,文書行の長さ=74。URL・コード例などの適用除外を断定しない測定値。
QS-014,PEP8-documentation-72-measurement,src/image_downloader/storage/workflow_history.py,130,73,文書行の長さ=90。URL・コード例などの適用除外を断定しない測定値。
QS-014,PEP8-documentation-72-measurement,src/image_downloader/storage/workflow_history.py,149,73,文書行の長さ=91。URL・コード例などの適用除外を断定しない測定値。
QS-014,PEP8-documentation-72-measurement,src/image_downloader/storage/workflow_history_schema.py,1,73,文書行の長さ=83。URL・コード例などの適用除外を断定しない測定値。
QS-014,PEP8-documentation-72-measurement,src/image_downloader/storage/workflow_logging.py,1,73,文書行の長さ=79。URL・コード例などの適用除外を断定しない測定値。
QS-014,PEP8-documentation-72-measurement,src/image_downloader/storage/workflow_logging.py,3,73,文書行の長さ=76。URL・コード例などの適用除外を断定しない測定値。
QS-014,PEP8-documentation-72-measurement,src/image_downloader/storage/workflow_logging.py,4,73,文書行の長さ=76。URL・コード例などの適用除外を断定しない測定値。
QS-014,PEP8-documentation-72-measurement,src/image_downloader/storage/workflow_logging.py,24,73,文書行の長さ=78。URL・コード例などの適用除外を断定しない測定値。
QS-014,PEP8-documentation-72-measurement,src/image_downloader/storage/workflow_logging.py,25,73,文書行の長さ=77。URL・コード例などの適用除外を断定しない測定値。
QS-014,PEP8-documentation-72-measurement,src/image_downloader/storage/workflow_logging.py,37,73,文書行の長さ=78。URL・コード例などの適用除外を断定しない測定値。
QS-014,PEP8-documentation-72-measurement,src/image_downloader/storage/workflow_logging.py,121,73,文書行の長さ=76。URL・コード例などの適用除外を断定しない測定値。
QS-014,PEP8-documentation-72-measurement,src/image_downloader/storage/workflow_logging.py,133,73,文書行の長さ=77。URL・コード例などの適用除外を断定しない測定値。
QS-014,PEP8-documentation-72-measurement,src/image_downloader/storage/workflow_logging.py,134,73,文書行の長さ=81。URL・コード例などの適用除外を断定しない測定値。
QS-014,PEP8-documentation-72-measurement,src/image_downloader/transport/gateway.py,109,73,文書行の長さ=79。URL・コード例などの適用除外を断定しない測定値。
QS-014,PEP8-documentation-72-measurement,src/image_downloader/transport/gateway.py,169,73,文書行の長さ=79。URL・コード例などの適用除外を断定しない測定値。
QS-014,PEP8-documentation-72-measurement,src/image_downloader/transport/gateway.py,193,73,文書行の長さ=83。URL・コード例などの適用除外を断定しない測定値。
QS-014,PEP8-documentation-72-measurement,src/image_downloader/transport/gateway.py,335,73,文書行の長さ=79。URL・コード例などの適用除外を断定しない測定値。
QS-014,PEP8-documentation-72-measurement,src/image_downloader/transport/gateway.py,389,73,文書行の長さ=89。URL・コード例などの適用除外を断定しない測定値。
QS-014,PEP8-documentation-72-measurement,src/image_downloader/transport/gateway.py,505,73,文書行の長さ=74。URL・コード例などの適用除外を断定しない測定値。
QS-014,PEP8-documentation-72-measurement,src/image_downloader/transport/gateway.py,506,73,文書行の長さ=76。URL・コード例などの適用除外を断定しない測定値。
QS-014,PEP8-documentation-72-measurement,src/image_downloader/transport/gateway.py,518,73,文書行の長さ=76。URL・コード例などの適用除外を断定しない測定値。
QS-014,PEP8-documentation-72-measurement,src/image_downloader/transport/gateway.py,527,73,文書行の長さ=77。URL・コード例などの適用除外を断定しない測定値。
QS-014,PEP8-documentation-72-measurement,src/image_downloader/transport/gateway.py,528,73,文書行の長さ=75。URL・コード例などの適用除外を断定しない測定値。
QS-014,PEP8-documentation-72-measurement,src/image_downloader/transport/gateway.py,529,73,文書行の長さ=77。URL・コード例などの適用除外を断定しない測定値。
QS-014,PEP8-documentation-72-measurement,src/image_downloader/transport/gateway.py,530,73,文書行の長さ=77。URL・コード例などの適用除外を断定しない測定値。
